row_id,split,auto_type,matched_rule,match_count
train_0001.jpg,train,OBJECT,OBJECT:무엇,1
train_0002.jpg,train,OBJECT,OBJECT:무엇,1
train_0003.jpg,train,UNKNOWN,,0
train_0004.jpg,train,OBJECT,OBJECT:있(나요|습니까|어),1
train_0005.jpg,train,COMPOSITE,"SPELLING:이름.{0,3}(뭐|무엇);;OBJECT:무엇",2
train_0006.jpg,train,COMPOSITE,OBJECT:있(나요|습니까|어);;RELATION:왼쪽,2
train_0007.jpg,train,UNKNOWN,,0
train_0008.jpg,train,TIMEDATE,TIMEDATE:날짜,1
train_0009.jpg,train,COMPOSITE,NUMBER:번호;;OBJECT:무엇,2
train_0010.jpg,train,PRICE,PRICE:얼마,1
train_0011.jpg,train,COMPOSITE,"SPELLING:이름.{0,3}(뭐|무엇);;OBJECT:무엇",2
train_0012.jpg,train,OBJECT,OBJECT:무엇,1
train_0013.jpg,train,COMPOSITE,"SPELLING:이름.{0,3}(뭐|무엇);;OBJECT:무엇",2
train_0014.jpg,train,PRICE,PRICE:가격,1
train_0015.jpg,train,UNKNOWN,,0
train_0016.jpg,train,OBJECT,OBJECT:무엇,1
train_0017.jpg,train,UNKNOWN,,0
train_0018.jpg,train,OBJECT,OBJECT:무엇,1
train_0019.jpg,train,COMPOSITE,"SPELLING:이름.{0,3}(뭐|무엇);;OBJECT:무엇",2
train_0020.jpg,train,PRICE,PRICE:가격,1
train_0021.jpg,train,TIMEDATE,TIMEDATE:언제,1
train_0022.jpg,train,COMPOSITE,SPELLING:글자;;OBJECT:무엇,2
train_0023.jpg,train,OBJECT,OBJECT:무엇,1
train_0024.jpg,train,OBJECT,OBJECT:무엇,1
train_0025.jpg,train,NUMBER,NUMBER:몇\s*개,1
train_0026.jpg,train,COMPOSITE,"SPELLING:이름.{0,3}(뭐|무엇);;OBJECT:무엇",2
train_0027.jpg,train,OBJECT,OBJECT:무엇,1
train_0028.jpg,train,OBJECT,OBJECT:무엇,1
train_0029.jpg,train,COMPOSITE,SPELLING:글자;;OBJECT:무엇,2
train_0030.jpg,train,OBJECT,OBJECT:무엇,1
train_0031.jpg,train,OBJECT,OBJECT:무엇,1
train_0032.jpg,train,PRICE,PRICE:얼마,1
train_0033.jpg,train,OBJECT,OBJECT:무엇,1
train_0034.jpg,train,COMPOSITE,"SPELLING:이름.{0,3}(뭐|무엇);;OBJECT:무엇",2
train_0035.jpg,train,COMPOSITE,"SPELLING:이름.{0,3}(뭐|무엇);;OBJECT:무엇",2
train_0036.jpg,train,COMPOSITE,OBJECT:무엇;;RELATION:아래,2
train_0037.jpg,train,COMPOSITE,"SPELLING:이름.{0,3}(뭐|무엇);;OBJECT:무엇",2
train_0038.jpg,train,OBJECT,OBJECT:무엇,1
train_0039.jpg,train,PRICE,PRICE:얼마,1
train_0040.jpg,train,OBJECT,OBJECT:무엇,1
train_0041.jpg,train,COMPOSITE,OBJECT:무엇;;RELATION:왼쪽,2
train_0042.jpg,train,UNKNOWN,,0
train_0043.jpg,train,PRICE,PRICE:가격,1
train_0044.jpg,train,PRICE,PRICE:가격,1
train_0045.jpg,train,PRICE,PRICE:가격,1
train_0046.jpg,train,COMPOSITE,"SPELLING:이름.{0,3}(뭐|무엇);;OBJECT:무엇",2
train_0047.jpg,train,OBJECT,OBJECT:무엇,1
train_0048.jpg,train,COMPOSITE,"SPELLING:이름.{0,3}(뭐|무엇);;OBJECT:무엇",2
train_0049.jpg,train,OBJECT,OBJECT:무엇,1
train_0050.jpg,train,OBJECT,OBJECT:무엇,1
train_0051.jpg,train,OBJECT,OBJECT:무엇,1
train_0052.jpg,train,OBJECT,OBJECT:무엇,1
train_0053.jpg,train,OBJECT,OBJECT:무엇,1
train_0054.jpg,train,COMPOSITE,"SPELLING:이름.{0,3}(뭐|무엇);;OBJECT:무엇",2
train_0055.jpg,train,COMPOSITE,"SPELLING:이름.{0,3}(뭐|무엇);;OBJECT:무엇",2
train_0056.jpg,train,UNKNOWN,,0
train_0057.jpg,train,OBJECT,OBJECT:무엇,1
train_0058.jpg,train,COMPOSITE,SPELLING:글자;;OBJECT:무엇;;RELATION:아래,3
train_0059.jpg,train,OBJECT,OBJECT:무엇,1
train_0060.jpg,train,UNKNOWN,,0
train_0061.jpg,train,COMPOSITE,"SPELLING:이름.{0,3}(뭐|무엇);;OBJECT:무엇",2
train_0062.jpg,train,OBJECT,OBJECT:있(나요|습니까|어),1
train_0063.jpg,train,OBJECT,OBJECT:무엇,1
train_0064.jpg,train,TIMEDATE,TIMEDATE:언제,1
train_0065.jpg,train,OBJECT,OBJECT:무엇,1
train_0066.jpg,train,OBJECT,OBJECT:무엇,1
train_0067.jpg,train,COMPOSITE,"SPELLING:이름.{0,3}(뭐|무엇);;OBJECT:무엇",2
train_0068.jpg,train,COMPOSITE,NUMBER:번호;;OBJECT:무엇,2
train_0069.jpg,train,TIMEDATE,TIMEDATE:언제,1
train_0070.jpg,train,PRICE,PRICE:얼마,1
train_0071.jpg,train,OBJECT,OBJECT:있(나요|습니까|어),1
train_0072.jpg,train,PRICE,PRICE:가격,1
train_0073.jpg,train,TIMEDATE,TIMEDATE:언제,1
train_0074.jpg,train,OBJECT,OBJECT:무엇,1
train_0075.jpg,train,OBJECT,OBJECT:무엇,1
train_0076.jpg,train,OBJECT,OBJECT:무엇,1
train_0077.jpg,train,PRICE,PRICE:가격,1
train_0078.jpg,train,OBJECT,OBJECT:무엇,1
train_0079.jpg,train,OBJECT,OBJECT:무엇,1
train_0080.jpg,train,OBJECT,OBJECT:무엇,1
train_0081.jpg,train,COMPOSITE,"SPELLING:이름.{0,3}(뭐|무엇);;OBJECT:무엇",2
train_0082.jpg,train,PRICE,PRICE:가격,1
train_0083.jpg,train,OBJECT,OBJECT:무엇,1
train_0084.jpg,train,OBJECT,OBJECT:무엇,1
train_0085.jpg,train,OBJECT,OBJECT:있(나요|습니까|어),1
train_0086.jpg,train,OBJECT,OBJECT:무엇,1
train_0087.jpg,train,PRICE,PRICE:가격,1
train_0088.jpg,train,OBJECT,OBJECT:무엇,1
train_0089.jpg,train,COMPOSITE,SPELLING:글자;;OBJECT:무엇,2
train_0090.jpg,train,OBJECT,OBJECT:무엇,1
train_0091.jpg,train,COMPOSITE,"SPELLING:이름.{0,3}(뭐|무엇);;OBJECT:무엇",2
train_0092.jpg,train,PRICE,PRICE:얼마,1
train_0093.jpg,train,COMPOSITE,SPELLING:글자;;OBJECT:무엇,2
train_0094.jpg,train,COMPOSITE,OBJECT:무엇;;RELATION:아래,2
train_0095.jpg,train,PRICE,PRICE:가격,1
train_0096.jpg,train,PRICE,PRICE:가격,1
train_0097.jpg,train,OBJECT,OBJECT:무엇,1
train_0098.jpg,train,TIMEDATE,TIMEDATE:언제,1
train_0099.jpg,train,COMPOSITE,SPELLING:글자;;OBJECT:무엇,2
train_0100.jpg,train,PRICE,PRICE:얼마,1
train_0101.jpg,train,COMPOSITE,"SPELLING:이름.{0,3}(뭐|무엇);;OBJECT:무엇",2
train_0102.jpg,train,COMPOSITE,"SPELLING:이름.{0,3}(뭐|무엇);;OBJECT:무엇",2
train_0103.jpg,train,OBJECT,OBJECT:무엇,1
train_0104.jpg,train,PRICE,PRICE:얼마,1
train_0105.jpg,train,UNKNOWN,,0
train_0106.jpg,train,OBJECT,OBJECT:무엇,1
train_0107.jpg,train,OBJECT,OBJECT:무엇,1
train_0108.jpg,train,OBJECT,OBJECT:무엇,1
train_0109.jpg,train,UNKNOWN,,0
train_0110.jpg,train,PRICE,PRICE:가격,1
train_0111.jpg,train,COMPOSITE,OBJECT:무엇;;RELATION:위에,2
train_0112.jpg,train,OBJECT,OBJECT:무엇,1
train_0113.jpg,train,COMPOSITE,NUMBER:번호;;OBJECT:무엇,2
train_0114.jpg,train,OBJECT,OBJECT:무엇,1
train_0115.jpg,train,COMPOSITE,"SPELLING:이름.{0,3}(뭐|무엇);;OBJECT:무엇",2
train_0116.jpg,train,OBJECT,OBJECT:무엇,1
train_0117.jpg,train,OBJECT,OBJECT:무엇,1
train_0118.jpg,train,PRICE,PRICE:가격,1
train_0119.jpg,train,COMPOSITE,LOGO:브랜드;;OBJECT:무엇,2
train_0120.jpg,train,OBJECT,OBJECT:무엇,1
train_0121.jpg,train,COMPOSITE,"SPELLING:이름.{0,3}(뭐|무엇);;OBJECT:무엇",2
train_0122.jpg,train,OBJECT,OBJECT:무엇,1
train_0123.jpg,train,OBJECT,OBJECT:무엇,1
train_0124.jpg,train,COMPOSITE,"SPELLING:이름.{0,3}(뭐|무엇);;OBJECT:무엇;;RELATION:위에",3
train_0125.jpg,train,OBJECT,OBJECT:무엇,1
train_0126.jpg,train,COMPOSITE,"SPELLING:이름.{0,3}(뭐|무엇);;OBJECT:무엇",2
train_0127.jpg,train,TIMEDATE,TIMEDATE:요일,1
train_0128.jpg,train,OBJECT,OBJECT:무엇,1
train_0129.jpg,train,TIMEDATE,TIMEDATE:날짜,1
train_0130.jpg,train,UNKNOWN,,0
train_0131.jpg,train,OBJECT,OBJECT:무엇,1
train_0132.jpg,train,COMPOSITE,"SPELLING:이름.{0,3}(뭐|무엇);;OBJECT:무엇",2
train_0133.jpg,train,OBJECT,OBJECT:무엇,1
train_0134.jpg,train,COMPOSITE,NUMBER:번호;;OBJECT:무엇,2
train_0135.jpg,train,OBJECT,OBJECT:무엇,1
train_0136.jpg,train,COMPOSITE,"SPELLING:이름.{0,3}(뭐|무엇);;OBJECT:무엇",2
train_0137.jpg,train,TIMEDATE,TIMEDATE:언제,1
train_0138.jpg,train,OBJECT,OBJECT:무엇,1
train_0139.jpg,train,OBJECT,OBJECT:무엇,1
train_0140.jpg,train,OBJECT,OBJECT:무엇,1
train_0141.jpg,train,OBJECT,OBJECT:무엇,1
train_0142.jpg,train,COMPOSITE,NUMBER:수량;;OBJECT:무엇,2
train_0143.jpg,train,COMPOSITE,SPELLING:글자;;OBJECT:무엇,2
train_0144.jpg,train,COMPOSITE,NUMBER:번호;;OBJECT:무엇,2
train_0145.jpg,train,COMPOSITE,"SPELLING:이름.{0,3}(뭐|무엇);;OBJECT:무엇",2
train_0146.jpg,train,COMPOSITE,LOGO:브랜드;;OBJECT:있(나요|습니까|어),2
train_0147.jpg,train,COMPOSITE,NUMBER:번호;;OBJECT:무엇,2
train_0148.jpg,train,UNKNOWN,,0
train_0149.jpg,train,PRICE,PRICE:가격,1
train_0150.jpg,train,UNKNOWN,,0
train_0151.jpg,train,COMPOSITE,"SPELLING:이름.{0,3}(뭐|무엇);;OBJECT:무엇",2
train_0152.jpg,train,UNKNOWN,,0
train_0153.jpg,train,UNKNOWN,,0
train_0154.jpg,train,COMPOSITE,"SPELLING:이름.{0,3}(뭐|무엇);;OBJECT:무엇",2
train_0155.jpg,train,COMPOSITE,"SPELLING:이름.{0,3}(뭐|무엇);;OBJECT:무엇",2
train_0156.jpg,train,COMPOSITE,NUMBER:몇\s*개;;OBJECT:있(나요|습니까|어),2
train_0157.jpg,train,COMPOSITE,NUMBER:번호;;OBJECT:무엇,2
train_0158.jpg,train,OBJECT,OBJECT:무엇,1
train_0159.jpg,train,OBJECT,OBJECT:무엇,1
train_0160.jpg,train,UNKNOWN,,0
train_0161.jpg,train,PRICE,PRICE:가격,1
train_0162.jpg,train,OBJECT,OBJECT:무엇,1
train_0163.jpg,train,COMPOSITE,TIMEDATE:날짜;;OBJECT:있(나요|습니까|어),2
train_0164.jpg,train,COMPOSITE,SPELLING:글자;;OBJECT:무엇;;RELATION:왼쪽,3
train_0165.jpg,train,UNKNOWN,,0
train_0166.jpg,train,COMPOSITE,"SPELLING:이름.{0,3}(뭐|무엇);;OBJECT:무엇;;RELATION:왼쪽",3
train_0167.jpg,train,COMPOSITE,"SPELLING:이름.{0,3}(뭐|무엇);;OBJECT:무엇",2
train_0168.jpg,train,PRICE,PRICE:얼마,1
train_0169.jpg,train,UNKNOWN,,0
train_0170.jpg,train,COMPOSITE,SPELLING:글자;;OBJECT:무엇,2
train_0171.jpg,train,OBJECT,OBJECT:무엇,1
train_0172.jpg,train,OBJECT,OBJECT:무엇,1
train_0173.jpg,train,COMPOSITE,"SPELLING:이름.{0,3}(뭐|무엇);;OBJECT:무엇",2
train_0174.jpg,train,OBJECT,OBJECT:무엇,1
train_0175.jpg,train,OBJECT,OBJECT:무엇,1
train_0176.jpg,train,OBJECT,OBJECT:있(나요|습니까|어),1
train_0177.jpg,train,OBJECT,OBJECT:무엇,1
train_0178.jpg,train,COMPOSITE,"SPELLING:이름.{0,3}(뭐|무엇);;OBJECT:무엇",2
train_0179.jpg,train,UNKNOWN,,0
train_0180.jpg,train,COMPOSITE,"SPELLING:이름.{0,3}(뭐|무엇);;OBJECT:무엇",2
train_0181.jpg,train,OBJECT,OBJECT:무엇,1
train_0182.jpg,train,OBJECT,OBJECT:무엇,1
train_0183.jpg,train,COMPOSITE,LOGO:로고;;OBJECT:무엇;;RELATION:왼쪽,3
train_0184.jpg,train,PRICE,PRICE:가격,1
train_0185.jpg,train,COMPOSITE,NUMBER:번호;;OBJECT:무엇,2
train_0186.jpg,train,OBJECT,OBJECT:무엇,1
train_0187.jpg,train,OBJECT,OBJECT:무엇,1
train_0188.jpg,train,OBJECT,OBJECT:무엇,1
train_0189.jpg,train,COMPOSITE,"SPELLING:이름.{0,3}(뭐|무엇);;LOGO:브랜드;;OBJECT:무엇",3
train_0190.jpg,train,TIMEDATE,TIMEDATE:언제,1
train_0191.jpg,train,PRICE,PRICE:가격,1
train_0192.jpg,train,PRICE,PRICE:가격,1
train_0193.jpg,train,COMPOSITE,TIMEDATE:요일;;OBJECT:무엇,2
train_0194.jpg,train,OBJECT,OBJECT:무엇,1
train_0195.jpg,train,OBJECT,OBJECT:무엇,1
train_0196.jpg,train,COMPOSITE,PRICE:가격;;OBJECT:무엇,2
train_0197.jpg,train,OBJECT,OBJECT:무엇,1
train_0198.jpg,train,OBJECT,OBJECT:무엇,1
train_0199.jpg,train,OBJECT,OBJECT:무엇,1
train_0200.jpg,train,OBJECT,OBJECT:무엇,1
train_0201.jpg,train,OBJECT,OBJECT:무엇,1
train_0202.jpg,train,OBJECT,OBJECT:무엇,1
train_0203.jpg,train,PRICE,PRICE:가격,1
train_0204.jpg,train,OBJECT,OBJECT:무엇,1
train_0205.jpg,train,COMPOSITE,"SPELLING:이름.{0,3}(뭐|무엇);;OBJECT:무엇",2
train_0206.jpg,train,COMPOSITE,"SPELLING:이름.{0,3}(뭐|무엇);;OBJECT:무엇",2
train_0207.jpg,train,PRICE,PRICE:가격,1
train_0208.jpg,train,OBJECT,OBJECT:무엇,1
train_0209.jpg,train,OBJECT,OBJECT:무엇,1
train_0210.jpg,train,OBJECT,OBJECT:무엇,1
train_0211.jpg,train,PRICE,PRICE:얼마,1
train_0212.jpg,train,PRICE,PRICE:얼마,1
train_0213.jpg,train,PRICE,PRICE:얼마,1
train_0214.jpg,train,UNKNOWN,,0
train_0215.jpg,train,PRICE,PRICE:얼마,1
train_0216.jpg,train,OBJECT,OBJECT:무엇,1
train_0217.jpg,train,PRICE,PRICE:얼마,1
train_0218.jpg,train,NUMBER,NUMBER:몇\s*번,1
train_0219.jpg,train,COMPOSITE,"SPELLING:이름.{0,3}(뭐|무엇);;OBJECT:무엇",2
train_0220.jpg,train,COMPOSITE,"SPELLING:이름.{0,3}(뭐|무엇);;OBJECT:무엇",2
train_0221.jpg,train,COMPOSITE,"SPELLING:이름.{0,3}(뭐|무엇);;LOGO:브랜드;;OBJECT:무엇",3
train_0222.jpg,train,OBJECT,OBJECT:무엇,1
train_0223.jpg,train,UNKNOWN,,0
train_0224.jpg,train,COMPOSITE,"SPELLING:이름.{0,3}(뭐|무엇);;OBJECT:무엇",2
train_0225.jpg,train,COMPOSITE,"SPELLING:이름.{0,3}(뭐|무엇);;OBJECT:무엇",2
train_0226.jpg,train,OBJECT,OBJECT:무엇,1
train_0227.jpg,train,COMPOSITE,"SPELLING:이름.{0,3}(뭐|무엇);;OBJECT:무엇",2
train_0228.jpg,train,UNKNOWN,,0
train_0229.jpg,train,OBJECT,OBJECT:무엇,1
train_0230.jpg,train,COMPOSITE,SPELLING:글자;;OBJECT:무엇,2
train_0231.jpg,train,OBJECT,OBJECT:무엇,1
train_0232.jpg,train,COMPOSITE,"SPELLING:이름.{0,3}(뭐|무엇);;OBJECT:무엇",2
train_0233.jpg,train,NUMBER,NUMBER:몇\s*번,1
train_0234.jpg,train,COMPOSITE,SPELLING:글자;;OBJECT:무엇,2
train_0235.jpg,train,PRICE,PRICE:얼마,1
train_0236.jpg,train,PRICE,PRICE:얼마,1
train_0237.jpg,train,OBJECT,OBJECT:있(나요|습니까|어),1
train_0238.jpg,train,OBJECT,OBJECT:무엇,1
train_0239.jpg,train,UNKNOWN,,0
train_0240.jpg,train,COMPOSITE,"SPELLING:이름.{0,3}(뭐|무엇);;OBJECT:무엇",2
train_0241.jpg,train,TIMEDATE,TIMEDATE:날짜,1
train_0242.jpg,train,OBJECT,OBJECT:무엇,1
train_0243.jpg,train,COMPOSITE,NUMBER:번호;;OBJECT:무엇,2
train_0244.jpg,train,OBJECT,OBJECT:무엇,1
train_0245.jpg,train,OBJECT,OBJECT:무엇,1
train_0246.jpg,train,COMPOSITE,"SPELLING:이름.{0,3}(뭐|무엇);;OBJECT:무엇",2
train_0247.jpg,train,COMPOSITE,PRICE:가격;;OBJECT:무엇,2
train_0248.jpg,train,OBJECT,OBJECT:무엇,1
train_0249.jpg,train,PRICE,PRICE:가격,1
train_0250.jpg,train,COMPOSITE,NUMBER:번호;;OBJECT:무엇;;RELATION:아래,3
train_0251.jpg,train,OBJECT,OBJECT:무엇,1
train_0252.jpg,train,TIMEDATE,TIMEDATE:언제,1
train_0253.jpg,train,OBJECT,OBJECT:무엇,1
train_0254.jpg,train,OBJECT,OBJECT:무엇,1
train_0255.jpg,train,COMPOSITE,"SPELLING:이름.{0,3}(뭐|무엇);;OBJECT:무엇",2
train_0256.jpg,train,COMPOSITE,"SPELLING:이름.{0,3}(뭐|무엇);;OBJECT:무엇",2
train_0257.jpg,train,OBJECT,OBJECT:무엇,1
train_0258.jpg,train,COMPOSITE,OBJECT:무엇;;RELATION:위에,2
train_0259.jpg,train,PRICE,PRICE:가격,1
train_0260.jpg,train,OBJECT,OBJECT:무엇,1
train_0261.jpg,train,UNKNOWN,,0
train_0262.jpg,train,RELATION,RELATION:위에,1
train_0263.jpg,train,PRICE,PRICE:얼마,1
train_0264.jpg,train,OBJECT,OBJECT:있(나요|습니까|어),1
train_0265.jpg,train,OBJECT,OBJECT:무엇,1
train_0266.jpg,train,COMPOSITE,"SPELLING:이름.{0,3}(뭐|무엇);;OBJECT:무엇;;RELATION:위에",3
train_0267.jpg,train,TIMEDATE,TIMEDATE:언제,1
train_0268.jpg,train,OBJECT,OBJECT:무엇,1
train_0269.jpg,train,COMPOSITE,"SPELLING:이름.{0,3}(뭐|무엇);;OBJECT:무엇",2
train_0270.jpg,train,UNKNOWN,,0
train_0271.jpg,train,COMPOSITE,"SPELLING:이름.{0,3}(뭐|무엇);;OBJECT:무엇",2
train_0272.jpg,train,UNKNOWN,,0
train_0273.jpg,train,PRICE,PRICE:얼마,1
train_0274.jpg,train,COMPOSITE,TIMEDATE:언제;;OBJECT:있(나요|습니까|어),2
train_0275.jpg,train,PRICE,PRICE:가격,1
train_0276.jpg,train,OBJECT,OBJECT:무엇,1
train_0277.jpg,train,COMPOSITE,"SPELLING:이름.{0,3}(뭐|무엇);;OBJECT:무엇",2
train_0278.jpg,train,COMPOSITE,PRICE:가격;;RELATION:위에,2
train_0279.jpg,train,COMPOSITE,"SPELLING:이름.{0,3}(뭐|무엇);;OBJECT:무엇",2
train_0280.jpg,train,PRICE,PRICE:얼마,1
train_0281.jpg,train,UNKNOWN,,0
train_0282.jpg,train,PRICE,PRICE:가격,1
train_0283.jpg,train,OBJECT,OBJECT:무엇,1
train_0284.jpg,train,COMPOSITE,NUMBER:번호;;OBJECT:무엇,2
train_0285.jpg,train,COMPOSITE,"SPELLING:이름.{0,3}(뭐|무엇);;LOGO:브랜드;;OBJECT:무엇",3
train_0286.jpg,train,OBJECT,OBJECT:무엇,1
train_0287.jpg,train,OBJECT,OBJECT:무엇,1
train_0288.jpg,train,OBJECT,OBJECT:무엇,1
train_0289.jpg,train,COMPOSITE,"SPELLING:이름.{0,3}(뭐|무엇);;OBJECT:무엇",2
train_0290.jpg,train,COMPOSITE,OBJECT:무엇;;RELATION:위에,2
train_0291.jpg,train,PRICE,PRICE:가격,1
train_0292.jpg,train,COMPOSITE,SPELLING:글자;;OBJECT:무엇;;RELATION:아래,3
train_0293.jpg,train,RELATION,RELATION:순서,1
train_0294.jpg,train,COMPOSITE,LOGO:브랜드;;OBJECT:무엇,2
train_0295.jpg,train,OBJECT,OBJECT:있(나요|습니까|어),1
train_0296.jpg,train,COMPOSITE,"SPELLING:이름.{0,3}(뭐|무엇);;LOGO:브랜드;;OBJECT:무엇",3
train_0297.jpg,train,OBJECT,OBJECT:있(나요|습니까|어),1
train_0298.jpg,train,COMPOSITE,OBJECT:무엇;;RELATION:아래,2
train_0299.jpg,train,OBJECT,OBJECT:무엇,1
train_0300.jpg,train,COMPOSITE,"SPELLING:이름.{0,3}(뭐|무엇);;OBJECT:무엇",2
train_0301.jpg,train,PRICE,PRICE:가격,1
train_0302.jpg,train,COMPOSITE,"SPELLING:이름.{0,3}(뭐|무엇);;OBJECT:무엇",2
train_0303.jpg,train,PRICE,PRICE:얼마,1
train_0304.jpg,train,COMPOSITE,NUMBER:번호;;OBJECT:무엇,2
train_0305.jpg,train,OBJECT,OBJECT:무엇,1
train_0306.jpg,train,OBJECT,OBJECT:무엇,1
train_0307.jpg,train,PRICE,PRICE:가격,1
train_0308.jpg,train,OBJECT,OBJECT:무엇,1
train_0309.jpg,train,OBJECT,OBJECT:무엇,1
train_0310.jpg,train,OBJECT,OBJECT:무엇,1
train_0311.jpg,train,OBJECT,OBJECT:무엇,1
train_0312.jpg,train,COMPOSITE,TIMEDATE:요일;;OBJECT:무엇,2
train_0313.jpg,train,OBJECT,OBJECT:무엇,1
train_0314.jpg,train,OBJECT,OBJECT:무엇,1
train_0315.jpg,train,COMPOSITE,"SPELLING:이름.{0,3}(뭐|무엇);;OBJECT:무엇",2
train_0316.jpg,train,OBJECT,OBJECT:무엇,1
train_0317.jpg,train,UNKNOWN,,0
train_0318.jpg,train,COMPOSITE,"SPELLING:이름.{0,3}(뭐|무엇);;OBJECT:무엇",2
train_0319.jpg,train,COMPOSITE,"SPELLING:이름.{0,3}(뭐|무엇);;OBJECT:무엇",2
train_0320.jpg,train,COMPOSITE,"SPELLING:이름.{0,3}(뭐|무엇);;OBJECT:무엇",2
train_0321.jpg,train,OBJECT,OBJECT:무엇,1
train_0322.jpg,train,OBJECT,OBJECT:무엇,1
train_0323.jpg,train,PRICE,PRICE:가격,1
train_0324.jpg,train,COMPOSITE,"SPELLING:이름.{0,3}(뭐|무엇);;OBJECT:무엇",2
train_0325.jpg,train,COMPOSITE,"SPELLING:이름.{0,3}(뭐|무엇);;LOGO:브랜드;;OBJECT:무엇",3
train_0326.jpg,train,TIMEDATE,TIMEDATE:기간,1
train_0327.jpg,train,OBJECT,OBJECT:있(나요|습니까|어),1
train_0328.jpg,train,COMPOSITE,"SPELLING:이름.{0,3}(뭐|무엇);;OBJECT:무엇",2
train_0329.jpg,train,OBJECT,OBJECT:있(나요|습니까|어),1
train_0330.jpg,train,UNKNOWN,,0
train_0331.jpg,train,COMPOSITE,"SPELLING:이름.{0,3}(뭐|무엇);;OBJECT:무엇",2
train_0332.jpg,train,OBJECT,OBJECT:무엇,1
train_0333.jpg,train,OBJECT,OBJECT:무엇,1
train_0334.jpg,train,OBJECT,OBJECT:무엇,1
train_0335.jpg,train,PRICE,PRICE:얼마,1
train_0336.jpg,train,COMPOSITE,LOGO:브랜드;;OBJECT:무엇,2
train_0337.jpg,train,COMPOSITE,SPELLING:글자;;OBJECT:무엇,2
train_0338.jpg,train,COMPOSITE,"SPELLING:이름.{0,3}(뭐|무엇);;OBJECT:무엇",2
train_0339.jpg,train,TIMEDATE,TIMEDATE:기간,1
train_0340.jpg,train,OBJECT,OBJECT:무엇,1
train_0341.jpg,train,COMPOSITE,OBJECT:무엇;;RELATION:위에,2
train_0342.jpg,train,PRICE,PRICE:얼마,1
train_0343.jpg,train,UNKNOWN,,0
train_0344.jpg,train,OBJECT,OBJECT:무엇,1
train_0345.jpg,train,COMPOSITE,PRICE:가격;;OBJECT:무엇,2
train_0346.jpg,train,OBJECT,OBJECT:무엇,1
train_0347.jpg,train,UNKNOWN,,0
train_0348.jpg,train,PRICE,PRICE:얼마,1
train_0349.jpg,train,OBJECT,OBJECT:무엇,1
train_0350.jpg,train,COMPOSITE,"SPELLING:이름.{0,3}(뭐|무엇);;OBJECT:무엇",2
train_0351.jpg,train,PRICE,PRICE:가격,1
train_0352.jpg,train,COMPOSITE,"SPELLING:이름.{0,3}(뭐|무엇);;OBJECT:무엇",2
train_0353.jpg,train,COMPOSITE,NUMBER:번호;;OBJECT:무엇,2
train_0354.jpg,train,UNKNOWN,,0
train_0355.jpg,train,COMPOSITE,"SPELLING:이름.{0,3}(뭐|무엇);;OBJECT:무엇",2
train_0356.jpg,train,UNKNOWN,,0
train_0357.jpg,train,COMPOSITE,"SPELLING:이름.{0,3}(뭐|무엇);;OBJECT:무엇",2
train_0358.jpg,train,COMPOSITE,"SPELLING:이름.{0,3}(뭐|무엇);;OBJECT:무엇",2
train_0359.jpg,train,OBJECT,OBJECT:무엇,1
train_0360.jpg,train,OBJECT,OBJECT:무엇,1
train_0361.jpg,train,COMPOSITE,"SPELLING:이름.{0,3}(뭐|무엇);;OBJECT:무엇",2
train_0362.jpg,train,COMPOSITE,"SPELLING:이름.{0,3}(뭐|무엇);;OBJECT:무엇",2
train_0363.jpg,train,COMPOSITE,NUMBER:번호;;OBJECT:무엇,2
train_0364.jpg,train,PRICE,PRICE:얼마,1
train_0365.jpg,train,OBJECT,OBJECT:무엇,1
train_0366.jpg,train,PRICE,PRICE:얼마,1
train_0367.jpg,train,COMPOSITE,"SPELLING:이름.{0,3}(뭐|무엇);;OBJECT:무엇",2
train_0368.jpg,train,COMPOSITE,"SPELLING:이름.{0,3}(뭐|무엇);;OBJECT:무엇",2
train_0369.jpg,train,PRICE,PRICE:얼마,1
train_0370.jpg,train,COMPOSITE,"SPELLING:이름.{0,3}(뭐|무엇);;OBJECT:무엇",2
train_0371.jpg,train,COMPOSITE,"SPELLING:이름.{0,3}(뭐|무엇);;OBJECT:무엇",2
train_0372.jpg,train,UNKNOWN,,0
train_0373.jpg,train,OBJECT,OBJECT:무엇,1
train_0374.jpg,train,UNKNOWN,,0
train_0375.jpg,train,OBJECT,OBJECT:무엇,1
train_0376.jpg,train,PRICE,PRICE:얼마,1
train_0377.jpg,train,COMPOSITE,"SPELLING:이름.{0,3}(뭐|무엇);;LOGO:브랜드;;OBJECT:무엇",3
train_0378.jpg,train,COMPOSITE,"SPELLING:이름.{0,3}(뭐|무엇);;OBJECT:무엇",2
train_0379.jpg,train,OBJECT,OBJECT:무엇,1
train_0380.jpg,train,OBJECT,OBJECT:무엇,1
train_0381.jpg,train,UNKNOWN,,0
train_0382.jpg,train,COMPOSITE,"SPELLING:이름.{0,3}(뭐|무엇);;OBJECT:무엇",2
train_0383.jpg,train,COMPOSITE,LOGO:브랜드;;OBJECT:무엇,2
train_0384.jpg,train,TIMEDATE,TIMEDATE:기간,1
train_0385.jpg,train,COMPOSITE,"SPELLING:이름.{0,3}(뭐|무엇);;OBJECT:무엇",2
train_0386.jpg,train,OBJECT,OBJECT:무엇,1
train_0387.jpg,train,OBJECT,OBJECT:무엇,1
train_0388.jpg,train,OBJECT,OBJECT:있(나요|습니까|어),1
train_0389.jpg,train,OBJECT,OBJECT:무엇,1
train_0390.jpg,train,COMPOSITE,"SPELLING:이름.{0,3}(뭐|무엇);;OBJECT:무엇",2
train_0391.jpg,train,PRICE,PRICE:가격,1
train_0392.jpg,train,TIMEDATE,TIMEDATE:언제,1
train_0393.jpg,train,PRICE,PRICE:가격,1
train_0394.jpg,train,OBJECT,OBJECT:무엇,1
train_0395.jpg,train,UNKNOWN,,0
train_0396.jpg,train,COMPOSITE,"SPELLING:이름.{0,3}(뭐|무엇);;OBJECT:무엇",2
train_0397.jpg,train,COMPOSITE,"SPELLING:이름.{0,3}(뭐|무엇);;OBJECT:무엇",2
train_0398.jpg,train,OBJECT,OBJECT:무엇,1
train_0399.jpg,train,COMPOSITE,"SPELLING:이름.{0,3}(뭐|무엇);;OBJECT:무엇",2
train_0400.jpg,train,COMPOSITE,"SPELLING:이름.{0,3}(뭐|무엇);;OBJECT:무엇",2
train_0401.jpg,train,COMPOSITE,"SPELLING:이름.{0,3}(뭐|무엇);;OBJECT:무엇",2
train_0402.jpg,train,OBJECT,OBJECT:무엇,1
train_0403.jpg,train,COMPOSITE,OBJECT:무엇;;RELATION:아래,2
train_0404.jpg,train,OBJECT,OBJECT:무엇,1
train_0405.jpg,train,COMPOSITE,PRICE:가격;;OBJECT:무엇,2
train_0406.jpg,train,OBJECT,OBJECT:무엇,1
train_0407.jpg,train,OBJECT,OBJECT:무엇,1
train_0408.jpg,train,OBJECT,OBJECT:무엇,1
train_0409.jpg,train,OBJECT,OBJECT:무엇,1
train_0410.jpg,train,COMPOSITE,"SPELLING:이름.{0,3}(뭐|무엇);;LOGO:브랜드;;OBJECT:무엇",3
train_0411.jpg,train,OBJECT,OBJECT:무엇,1
train_0412.jpg,train,OBJECT,OBJECT:무엇,1
train_0413.jpg,train,COMPOSITE,NUMBER:번호;;OBJECT:무엇,2
train_0414.jpg,train,COMPOSITE,"SPELLING:이름.{0,3}(뭐|무엇);;OBJECT:무엇",2
train_0415.jpg,train,COMPOSITE,NUMBER:번호;;OBJECT:무엇,2
train_0416.jpg,train,COMPOSITE,SPELLING:글자;;OBJECT:무엇,2
train_0417.jpg,train,PRICE,PRICE:가격,1
train_0418.jpg,train,OBJECT,OBJECT:무엇,1
train_0419.jpg,train,OBJECT,OBJECT:있(나요|습니까|어),1
train_0420.jpg,train,OBJECT,OBJECT:무엇,1
train_0421.jpg,train,COMPOSITE,"SPELLING:이름.{0,3}(뭐|무엇);;OBJECT:무엇",2
train_0422.jpg,train,OBJECT,OBJECT:무엇,1
train_0423.jpg,train,COMPOSITE,NUMBER:번호;;OBJECT:무엇,2
train_0424.jpg,train,COMPOSITE,"SPELLING:이름.{0,3}(뭐|무엇);;OBJECT:무엇",2
train_0425.jpg,train,NUMBER,NUMBER:몇\s*번,1
train_0426.jpg,train,OBJECT,OBJECT:무엇,1
train_0427.jpg,train,COMPOSITE,"SPELLING:이름.{0,3}(뭐|무엇);;OBJECT:무엇",2
train_0428.jpg,train,NUMBER,NUMBER:번호,1
train_0429.jpg,train,OBJECT,OBJECT:있(나요|습니까|어),1
train_0430.jpg,train,OBJECT,OBJECT:무엇,1
train_0431.jpg,train,COMPOSITE,NUMBER:번호;;OBJECT:무엇,2
train_0432.jpg,train,OBJECT,OBJECT:무엇,1
train_0433.jpg,train,OBJECT,OBJECT:무엇,1
train_0434.jpg,train,OBJECT,OBJECT:무엇,1
train_0435.jpg,train,UNKNOWN,,0
train_0436.jpg,train,PRICE,PRICE:가격,1
train_0437.jpg,train,COMPOSITE,"SPELLING:이름.{0,3}(뭐|무엇);;OBJECT:무엇",2
train_0438.jpg,train,COMPOSITE,PRICE:가격;;OBJECT:무엇,2
train_0439.jpg,train,PRICE,PRICE:가격,1
train_0440.jpg,train,COMPOSITE,"SPELLING:이름.{0,3}(뭐|무엇);;OBJECT:무엇",2
train_0441.jpg,train,COMPOSITE,NUMBER:몇\s*번;;RELATION:순서,2
train_0442.jpg,train,OBJECT,OBJECT:무엇,1
train_0443.jpg,train,OBJECT,OBJECT:무엇,1
train_0444.jpg,train,COMPOSITE,"SPELLING:이름.{0,3}(뭐|무엇);;OBJECT:무엇",2
train_0445.jpg,train,UNKNOWN,,0
train_0446.jpg,train,UNKNOWN,,0
train_0447.jpg,train,COMPOSITE,"SPELLING:이름.{0,3}(뭐|무엇);;OBJECT:무엇",2
train_0448.jpg,train,OBJECT,OBJECT:무엇,1
train_0449.jpg,train,OBJECT,OBJECT:무엇,1
train_0450.jpg,train,COMPOSITE,NUMBER:번호;;OBJECT:무엇,2
train_0451.jpg,train,OBJECT,OBJECT:무엇,1
train_0452.jpg,train,PRICE,PRICE:얼마,1
train_0453.jpg,train,OBJECT,OBJECT:무엇,1
train_0454.jpg,train,PRICE,PRICE:가격,1
train_0455.jpg,train,OBJECT,OBJECT:있(나요|습니까|어),1
train_0456.jpg,train,PRICE,PRICE:가격,1
train_0457.jpg,train,OBJECT,OBJECT:무엇,1
train_0458.jpg,train,COMPOSITE,NUMBER:번호;;OBJECT:무엇,2
train_0459.jpg,train,OBJECT,OBJECT:무엇,1
train_0460.jpg,train,OBJECT,OBJECT:무엇,1
train_0461.jpg,train,OBJECT,OBJECT:무엇,1
train_0462.jpg,train,PRICE,PRICE:얼마,1
train_0463.jpg,train,OBJECT,OBJECT:있(나요|습니까|어),1
train_0464.jpg,train,OBJECT,OBJECT:무엇,1
train_0465.jpg,train,OBJECT,OBJECT:무엇,1
train_0466.jpg,train,UNKNOWN,,0
train_0467.jpg,train,COMPOSITE,"SPELLING:이름.{0,3}(뭐|무엇);;OBJECT:무엇",2
train_0468.jpg,train,UNKNOWN,,0
train_0469.jpg,train,OBJECT,OBJECT:무엇,1
train_0470.jpg,train,TIMEDATE,TIMEDATE:몇\s*시,1
train_0471.jpg,train,COMPOSITE,PRICE:얼마;;OBJECT:있(나요|습니까|어),2
train_0472.jpg,train,OBJECT,OBJECT:있(나요|습니까|어),1
train_0473.jpg,train,COMPOSITE,NUMBER:번호;;OBJECT:무엇,2
train_0474.jpg,train,OBJECT,OBJECT:무엇,1
train_0475.jpg,train,PRICE,PRICE:가격,1
train_0476.jpg,train,OBJECT,OBJECT:있(나요|습니까|어),1
train_0477.jpg,train,OBJECT,OBJECT:무엇,1
train_0478.jpg,train,OBJECT,OBJECT:무엇,1
train_0479.jpg,train,UNKNOWN,,0
train_0480.jpg,train,UNKNOWN,,0
train_0481.jpg,train,COMPOSITE,"SPELLING:이름.{0,3}(뭐|무엇);;OBJECT:무엇",2
train_0482.jpg,train,NUMBER,NUMBER:몇\s*번,1
train_0483.jpg,train,COMPOSITE,"SPELLING:이름.{0,3}(뭐|무엇);;OBJECT:무엇",2
train_0484.jpg,train,COMPOSITE,NUMBER:번호;;OBJECT:무엇,2
train_0485.jpg,train,PRICE,PRICE:가격,1
train_0486.jpg,train,COMPOSITE,NUMBER:번호;;OBJECT:무엇,2
train_0487.jpg,train,COMPOSITE,NUMBER:번호;;OBJECT:무엇,2
train_0488.jpg,train,OBJECT,OBJECT:무엇,1
train_0489.jpg,train,OBJECT,OBJECT:무엇,1
train_0490.jpg,train,OBJECT,OBJECT:무엇,1
train_0491.jpg,train,OBJECT,OBJECT:무엇,1
train_0492.jpg,train,TIMEDATE,TIMEDATE:언제,1
train_0493.jpg,train,COMPOSITE,"SPELLING:이름.{0,3}(뭐|무엇);;OBJECT:무엇",2
train_0494.jpg,train,COMPOSITE,"SPELLING:이름.{0,3}(뭐|무엇);;LOGO:브랜드;;OBJECT:무엇",3
train_0495.jpg,train,COMPOSITE,PRICE:가격;;OBJECT:있(나요|습니까|어),2
train_0496.jpg,train,OBJECT,OBJECT:있(나요|습니까|어),1
train_0497.jpg,train,COMPOSITE,NUMBER:번호;;OBJECT:무엇,2
train_0498.jpg,train,COMPOSITE,NUMBER:몇\s*개;;OBJECT:있(나요|습니까|어),2
train_0499.jpg,train,OBJECT,OBJECT:있(나요|습니까|어),1
train_0500.jpg,train,OBJECT,OBJECT:무엇,1
train_0501.jpg,train,OBJECT,OBJECT:무엇,1
train_0502.jpg,train,TIMEDATE,TIMEDATE:언제,1
train_0503.jpg,train,COMPOSITE,"SPELLING:이름.{0,3}(뭐|무엇);;OBJECT:무엇;;RELATION:위에",3
train_0504.jpg,train,COMPOSITE,"SPELLING:이름.{0,3}(뭐|무엇);;OBJECT:무엇",2
train_0505.jpg,train,COMPOSITE,LOGO:브랜드;;OBJECT:무엇,2
train_0506.jpg,train,UNKNOWN,,0
train_0507.jpg,train,OBJECT,OBJECT:무엇,1
train_0508.jpg,train,OBJECT,OBJECT:무엇,1
train_0509.jpg,train,PRICE,PRICE:가격,1
train_0510.jpg,train,COMPOSITE,"SPELLING:이름.{0,3}(뭐|무엇);;OBJECT:무엇",2
train_0511.jpg,train,COMPOSITE,NUMBER:번호;;OBJECT:무엇,2
train_0512.jpg,train,PRICE,PRICE:가격,1
train_0513.jpg,train,UNKNOWN,,0
train_0514.jpg,train,COMPOSITE,"SPELLING:이름.{0,3}(뭐|무엇);;OBJECT:무엇;;RELATION:위에",3
train_0515.jpg,train,OBJECT,OBJECT:무엇,1
train_0516.jpg,train,TIMEDATE,TIMEDATE:언제,1
train_0517.jpg,train,OBJECT,OBJECT:무엇,1
train_0518.jpg,train,OBJECT,OBJECT:무엇,1
train_0519.jpg,train,COMPOSITE,"SPELLING:이름.{0,3}(뭐|무엇);;OBJECT:무엇",2
train_0520.jpg,train,COMPOSITE,NUMBER:번호;;OBJECT:무엇,2
train_0521.jpg,train,OBJECT,OBJECT:무엇,1
train_0522.jpg,train,COMPOSITE,"SPELLING:이름.{0,3}(뭐|무엇);;OBJECT:무엇",2
train_0523.jpg,train,COMPOSITE,"SPELLING:이름.{0,3}(뭐|무엇);;OBJECT:무엇",2
train_0524.jpg,train,RELATION,RELATION:순서,1
train_0525.jpg,train,OBJECT,OBJECT:사물,1
train_0526.jpg,train,OBJECT,OBJECT:무엇,1
train_0527.jpg,train,COMPOSITE,"SPELLING:이름.{0,3}(뭐|무엇);;OBJECT:무엇",2
train_0528.jpg,train,OBJECT,OBJECT:무엇,1
train_0529.jpg,train,OBJECT,OBJECT:무엇,1
train_0530.jpg,train,OBJECT,OBJECT:무엇,1
train_0531.jpg,train,OBJECT,OBJECT:무엇,1
train_0532.jpg,train,TIMEDATE,TIMEDATE:몇\s*시,1
train_0533.jpg,train,OBJECT,OBJECT:무엇,1
train_0534.jpg,train,OBJECT,OBJECT:무엇,1
train_0535.jpg,train,PRICE,PRICE:얼마,1
train_0536.jpg,train,PRICE,PRICE:얼마,1
train_0537.jpg,train,OBJECT,OBJECT:무엇,1
train_0538.jpg,train,UNKNOWN,,0
train_0539.jpg,train,OBJECT,OBJECT:무엇,1
train_0540.jpg,train,TIMEDATE,TIMEDATE:몇\s*시,1
train_0541.jpg,train,OBJECT,OBJECT:무엇,1
train_0542.jpg,train,COMPOSITE,"SPELLING:이름.{0,3}(뭐|무엇);;OBJECT:무엇",2
train_0543.jpg,train,PRICE,PRICE:가격,1
train_0544.jpg,train,OBJECT,OBJECT:무엇,1
train_0545.jpg,train,PRICE,PRICE:가격,1
train_0546.jpg,train,COMPOSITE,"SPELLING:이름.{0,3}(뭐|무엇);;OBJECT:무엇",2
train_0547.jpg,train,OBJECT,OBJECT:무엇,1
train_0548.jpg,train,OBJECT,OBJECT:무엇,1
train_0549.jpg,train,UNKNOWN,,0
train_0550.jpg,train,UNKNOWN,,0
train_0551.jpg,train,COMPOSITE,"SPELLING:이름.{0,3}(뭐|무엇);;OBJECT:무엇",2
train_0552.jpg,train,OBJECT,OBJECT:무엇,1
train_0553.jpg,train,OBJECT,OBJECT:무엇,1
train_0554.jpg,train,PRICE,PRICE:얼마,1
train_0555.jpg,train,COMPOSITE,NUMBER:번호;;OBJECT:무엇,2
train_0556.jpg,train,PRICE,PRICE:얼마,1
train_0557.jpg,train,COMPOSITE,"SPELLING:이름.{0,3}(뭐|무엇);;OBJECT:무엇;;RELATION:아래",3
train_0558.jpg,train,UNKNOWN,,0
train_0559.jpg,train,OBJECT,OBJECT:무엇,1
train_0560.jpg,train,OBJECT,OBJECT:무엇,1
train_0561.jpg,train,OBJECT,OBJECT:있(나요|습니까|어),1
train_0562.jpg,train,PRICE,PRICE:얼마,1
train_0563.jpg,train,OBJECT,OBJECT:무엇,1
train_0564.jpg,train,COMPOSITE,"SPELLING:이름.{0,3}(뭐|무엇);;OBJECT:무엇",2
train_0565.jpg,train,COMPOSITE,SPELLING:글자;;OBJECT:무엇,2
train_0566.jpg,train,UNKNOWN,,0
train_0567.jpg,train,COMPOSITE,"SPELLING:이름.{0,3}(뭐|무엇);;OBJECT:무엇",2
train_0568.jpg,train,COMPOSITE,"SPELLING:이름.{0,3}(뭐|무엇);;LOGO:브랜드;;OBJECT:무엇",3
train_0569.jpg,train,COMPOSITE,"SPELLING:이름.{0,3}(뭐|무엇);;OBJECT:무엇",2
train_0570.jpg,train,UNKNOWN,,0
train_0571.jpg,train,OBJECT,OBJECT:무엇,1
train_0572.jpg,train,OBJECT,OBJECT:무엇,1
train_0573.jpg,train,OBJECT,OBJECT:무엇,1
train_0574.jpg,train,TIMEDATE,TIMEDATE:언제,1
train_0575.jpg,train,UNKNOWN,,0
train_0576.jpg,train,PRICE,PRICE:가격,1
train_0577.jpg,train,UNKNOWN,,0
train_0578.jpg,train,OBJECT,OBJECT:무엇,1
train_0579.jpg,train,COMPOSITE,NUMBER:번호;;OBJECT:무엇,2
train_0580.jpg,train,OBJECT,OBJECT:무엇,1
train_0581.jpg,train,OBJECT,OBJECT:무엇,1
train_0582.jpg,train,UNKNOWN,,0
train_0583.jpg,train,OBJECT,OBJECT:무엇,1
train_0584.jpg,train,TIMEDATE,TIMEDATE:언제,1
train_0585.jpg,train,OBJECT,OBJECT:무엇,1
train_0586.jpg,train,OBJECT,OBJECT:무엇,1
train_0587.jpg,train,COMPOSITE,"SPELLING:이름.{0,3}(뭐|무엇);;OBJECT:무엇",2
train_0588.jpg,train,PRICE,PRICE:얼마,1
train_0589.jpg,train,UNKNOWN,,0
train_0590.jpg,train,UNKNOWN,,0
train_0591.jpg,train,OBJECT,OBJECT:무엇,1
train_0592.jpg,train,COMPOSITE,"SPELLING:이름.{0,3}(뭐|무엇);;LOGO:브랜드;;OBJECT:무엇",3
train_0593.jpg,train,COMPOSITE,NUMBER:번호;;OBJECT:무엇,2
train_0594.jpg,train,UNKNOWN,,0
train_0595.jpg,train,OBJECT,OBJECT:무엇,1
train_0596.jpg,train,COMPOSITE,NUMBER:번호;;OBJECT:무엇,2
train_0597.jpg,train,COMPOSITE,LOGO:브랜드;;OBJECT:무엇,2
train_0598.jpg,train,COMPOSITE,NUMBER:번호;;OBJECT:무엇,2
train_0599.jpg,train,COMPOSITE,"SPELLING:이름.{0,3}(뭐|무엇);;OBJECT:무엇",2
train_0600.jpg,train,PRICE,PRICE:가격,1
train_0601.jpg,train,COMPOSITE,NUMBER:번호;;OBJECT:무엇,2
train_0602.jpg,train,PRICE,PRICE:가격,1
train_0603.jpg,train,OBJECT,OBJECT:무엇,1
train_0604.jpg,train,OBJECT,OBJECT:무엇,1
train_0605.jpg,train,COMPOSITE,"SPELLING:이름.{0,3}(뭐|무엇);;OBJECT:무엇",2
train_0606.jpg,train,COMPOSITE,"SPELLING:이름.{0,3}(뭐|무엇);;OBJECT:무엇",2
train_0607.jpg,train,TIMEDATE,TIMEDATE:언제,1
train_0608.jpg,train,COMPOSITE,"SPELLING:이름.{0,3}(뭐|무엇);;OBJECT:무엇",2
train_0609.jpg,train,TIMEDATE,TIMEDATE:영업\s*시간,1
train_0610.jpg,train,COMPOSITE,"SPELLING:이름.{0,3}(뭐|무엇);;LOGO:브랜드;;OBJECT:무엇",3
train_0611.jpg,train,COMPOSITE,"SPELLING:이름.{0,3}(뭐|무엇);;OBJECT:무엇",2
train_0612.jpg,train,COMPOSITE,"SPELLING:이름.{0,3}(뭐|무엇);;OBJECT:무엇",2
train_0613.jpg,train,COMPOSITE,LOGO:브랜드;;OBJECT:무엇,2
train_0614.jpg,train,COMPOSITE,"SPELLING:이름.{0,3}(뭐|무엇);;OBJECT:무엇",2
train_0615.jpg,train,OBJECT,OBJECT:무엇,1
train_0616.jpg,train,OBJECT,OBJECT:무엇,1
train_0617.jpg,train,COMPOSITE,OBJECT:무엇;;RELATION:아래,2
train_0618.jpg,train,OBJECT,OBJECT:있(나요|습니까|어),1
train_0619.jpg,train,OBJECT,OBJECT:무엇,1
train_0620.jpg,train,COMPOSITE,NUMBER:번호;;OBJECT:무엇,2
train_0621.jpg,train,OBJECT,OBJECT:무엇,1
train_0622.jpg,train,UNKNOWN,,0
train_0623.jpg,train,COMPOSITE,NUMBER:번호;;OBJECT:무엇,2
train_0624.jpg,train,OBJECT,OBJECT:무엇,1
train_0625.jpg,train,TIMEDATE,TIMEDATE:몇\s*시,1
train_0626.jpg,train,PRICE,PRICE:가격,1
train_0627.jpg,train,PRICE,PRICE:얼마,1
train_0628.jpg,train,COMPOSITE,"SPELLING:이름.{0,3}(뭐|무엇);;OBJECT:무엇",2
train_0629.jpg,train,OBJECT,OBJECT:무엇,1
train_0630.jpg,train,COMPOSITE,"SPELLING:이름.{0,3}(뭐|무엇);;OBJECT:무엇",2
train_0631.jpg,train,COMPOSITE,"SPELLING:이름.{0,3}(뭐|무엇);;OBJECT:무엇",2
train_0632.jpg,train,TIMEDATE,TIMEDATE:언제,1
train_0633.jpg,train,PRICE,PRICE:가격,1
train_0634.jpg,train,COMPOSITE,NUMBER:번호;;OBJECT:무엇,2
train_0635.jpg,train,OBJECT,OBJECT:무엇,1
train_0636.jpg,train,OBJECT,OBJECT:무엇,1
train_0637.jpg,train,OBJECT,OBJECT:무엇,1
train_0638.jpg,train,PRICE,PRICE:가격,1
train_0639.jpg,train,OBJECT,OBJECT:무엇,1
train_0640.jpg,train,UNKNOWN,,0
train_0641.jpg,train,TIMEDATE,TIMEDATE:영업\s*시간,1
train_0642.jpg,train,OBJECT,OBJECT:무엇,1
train_0643.jpg,train,OBJECT,OBJECT:무엇,1
train_0644.jpg,train,OBJECT,OBJECT:무엇,1
train_0645.jpg,train,COMPOSITE,NUMBER:번호;;OBJECT:무엇,2
train_0646.jpg,train,COMPOSITE,"SPELLING:이름.{0,3}(뭐|무엇);;OBJECT:무엇",2
train_0647.jpg,train,COMPOSITE,"SPELLING:이름.{0,3}(뭐|무엇);;OBJECT:무엇",2
train_0648.jpg,train,OBJECT,OBJECT:무엇,1
train_0649.jpg,train,PRICE,PRICE:얼마,1
train_0650.jpg,train,PRICE,PRICE:가격,1
train_0651.jpg,train,OBJECT,OBJECT:무엇,1
train_0652.jpg,train,COMPOSITE,"SPELLING:이름.{0,3}(뭐|무엇);;OBJECT:무엇",2
train_0653.jpg,train,OBJECT,OBJECT:무엇,1
train_0654.jpg,train,OBJECT,OBJECT:무엇,1
train_0655.jpg,train,COMPOSITE,"SPELLING:이름.{0,3}(뭐|무엇);;OBJECT:무엇",2
train_0656.jpg,train,COMPOSITE,"SPELLING:이름.{0,3}(뭐|무엇);;OBJECT:무엇",2
train_0657.jpg,train,PRICE,PRICE:얼마,1
train_0658.jpg,train,COMPOSITE,OBJECT:무엇;;RELATION:오른쪽,2
train_0659.jpg,train,UNKNOWN,,0
train_0660.jpg,train,TIMEDATE,TIMEDATE:언제,1
train_0661.jpg,train,OBJECT,OBJECT:무엇,1
train_0662.jpg,train,COMPOSITE,"SPELLING:이름.{0,3}(뭐|무엇);;OBJECT:무엇",2
train_0663.jpg,train,UNKNOWN,,0
train_0664.jpg,train,OBJECT,OBJECT:무엇,1
train_0665.jpg,train,COMPOSITE,SPELLING:글자;;OBJECT:무엇,2
train_0666.jpg,train,OBJECT,OBJECT:무엇,1
train_0667.jpg,train,COMPOSITE,"SPELLING:이름.{0,3}(뭐|무엇);;OBJECT:무엇",2
train_0668.jpg,train,PRICE,PRICE:가격,1
train_0669.jpg,train,COMPOSITE,"SPELLING:이름.{0,3}(뭐|무엇);;LOGO:브랜드;;OBJECT:무엇",3
train_0670.jpg,train,COMPOSITE,NUMBER:번호;;OBJECT:무엇,2
train_0671.jpg,train,COMPOSITE,"SPELLING:이름.{0,3}(뭐|무엇);;OBJECT:무엇",2
train_0672.jpg,train,COMPOSITE,"SPELLING:이름.{0,3}(뭐|무엇);;OBJECT:무엇",2
train_0673.jpg,train,OBJECT,OBJECT:무엇,1
train_0674.jpg,train,OBJECT,OBJECT:무엇,1
train_0675.jpg,train,PRICE,PRICE:가격,1
train_0676.jpg,train,COMPOSITE,NUMBER:번호;;OBJECT:무엇,2
train_0677.jpg,train,OBJECT,OBJECT:무엇,1
train_0678.jpg,train,COMPOSITE,TIMEDATE:날짜;;NUMBER:몇\s*번,2
train_0679.jpg,train,COMPOSITE,"SPELLING:이름.{0,3}(뭐|무엇);;LOGO:브랜드;;OBJECT:무엇",3
train_0680.jpg,train,COMPOSITE,LOGO:브랜드;;OBJECT:무엇,2
train_0681.jpg,train,OBJECT,OBJECT:무엇,1
train_0682.jpg,train,COMPOSITE,"SPELLING:이름.{0,3}(뭐|무엇);;OBJECT:무엇",2
train_0683.jpg,train,TIMEDATE,TIMEDATE:영업\s*시간,1
train_0684.jpg,train,COMPOSITE,"SPELLING:이름.{0,3}(뭐|무엇);;NUMBER:번호;;OBJECT:무엇",3
train_0685.jpg,train,UNKNOWN,,0
train_0686.jpg,train,OBJECT,OBJECT:무엇,1
train_0687.jpg,train,OBJECT,OBJECT:무엇,1
train_0688.jpg,train,UNKNOWN,,0
train_0689.jpg,train,COMPOSITE,"SPELLING:이름.{0,3}(뭐|무엇);;OBJECT:무엇",2
train_0690.jpg,train,OBJECT,OBJECT:있(나요|습니까|어),1
train_0691.jpg,train,OBJECT,OBJECT:무엇,1
train_0692.jpg,train,OBJECT,OBJECT:무엇,1
train_0693.jpg,train,UNKNOWN,,0
train_0694.jpg,train,PRICE,PRICE:가격,1
train_0695.jpg,train,TIMEDATE,TIMEDATE:언제,1
train_0696.jpg,train,UNKNOWN,,0
train_0697.jpg,train,OBJECT,OBJECT:무엇,1
train_0698.jpg,train,COMPOSITE,OBJECT:무엇;;RELATION:아래,2
train_0699.jpg,train,COMPOSITE,"SPELLING:이름.{0,3}(뭐|무엇);;OBJECT:무엇",2
train_0700.jpg,train,OBJECT,OBJECT:무엇,1
train_0701.jpg,train,UNKNOWN,,0
train_0702.jpg,train,OBJECT,OBJECT:무엇,1
train_0703.jpg,train,OBJECT,OBJECT:무엇,1
train_0704.jpg,train,OBJECT,OBJECT:무엇,1
train_0705.jpg,train,OBJECT,OBJECT:무엇,1
train_0706.jpg,train,TIMEDATE,TIMEDATE:언제,1
train_0707.jpg,train,TIMEDATE,TIMEDATE:언제,1
train_0708.jpg,train,OBJECT,OBJECT:무엇,1
train_0709.jpg,train,COMPOSITE,NUMBER:번호;;OBJECT:무엇,2
train_0710.jpg,train,PRICE,PRICE:얼마,1
train_0711.jpg,train,OBJECT,OBJECT:무엇,1
train_0712.jpg,train,OBJECT,OBJECT:무엇,1
train_0713.jpg,train,TIMEDATE,TIMEDATE:언제,1
train_0714.jpg,train,OBJECT,OBJECT:무엇,1
train_0715.jpg,train,OBJECT,OBJECT:무엇,1
train_0716.jpg,train,PRICE,PRICE:가격,1
train_0717.jpg,train,COMPOSITE,"SPELLING:이름.{0,3}(뭐|무엇);;OBJECT:무엇",2
train_0718.jpg,train,OBJECT,OBJECT:무엇,1
train_0719.jpg,train,OBJECT,OBJECT:무엇,1
train_0720.jpg,train,OBJECT,OBJECT:무엇,1
train_0721.jpg,train,OBJECT,OBJECT:무엇,1
train_0722.jpg,train,COMPOSITE,TABLE:항목;;OBJECT:무엇,2
train_0723.jpg,train,COMPOSITE,"SPELLING:이름.{0,3}(뭐|무엇);;OBJECT:무엇",2
train_0724.jpg,train,COMPOSITE,"SPELLING:이름.{0,3}(뭐|무엇);;OBJECT:무엇;;RELATION:위에",3
train_0725.jpg,train,COMPOSITE,LOGO:브랜드;;OBJECT:무엇,2
train_0726.jpg,train,COMPOSITE,"SPELLING:이름.{0,3}(뭐|무엇);;OBJECT:무엇",2
train_0727.jpg,train,COMPOSITE,NUMBER:번호;;OBJECT:무엇,2
train_0728.jpg,train,OBJECT,OBJECT:무엇,1
train_0729.jpg,train,UNKNOWN,,0
train_0730.jpg,train,OBJECT,OBJECT:무엇,1
train_0731.jpg,train,OBJECT,OBJECT:무엇,1
train_0732.jpg,train,OBJECT,OBJECT:무엇,1
train_0733.jpg,train,OBJECT,OBJECT:있(나요|습니까|어),1
train_0734.jpg,train,OBJECT,OBJECT:무엇,1
train_0735.jpg,train,COMPOSITE,TABLE:항목;;OBJECT:무엇,2
train_0736.jpg,train,COMPOSITE,PRICE:얼마;;NUMBER:개수,2
train_0737.jpg,train,TIMEDATE,TIMEDATE:언제,1
train_0738.jpg,train,PRICE,PRICE:얼마,1
train_0739.jpg,train,OBJECT,OBJECT:무엇,1
train_0740.jpg,train,OBJECT,OBJECT:무엇,1
train_0741.jpg,train,OBJECT,OBJECT:무엇,1
train_0742.jpg,train,COMPOSITE,LOGO:브랜드;;OBJECT:무엇,2
train_0743.jpg,train,PRICE,PRICE:가격,1
train_0744.jpg,train,PRICE,PRICE:가격,1
train_0745.jpg,train,OBJECT,OBJECT:무엇,1
train_0746.jpg,train,UNKNOWN,,0
train_0747.jpg,train,UNKNOWN,,0
train_0748.jpg,train,OBJECT,OBJECT:무엇,1
train_0749.jpg,train,OBJECT,OBJECT:무엇,1
train_0750.jpg,train,COMPOSITE,"SPELLING:이름.{0,3}(뭐|무엇);;OBJECT:무엇",2
train_0751.jpg,train,OBJECT,OBJECT:무엇,1
train_0752.jpg,train,OBJECT,OBJECT:무엇,1
train_0753.jpg,train,COMPOSITE,"SPELLING:이름.{0,3}(뭐|무엇);;OBJECT:무엇",2
train_0754.jpg,train,PRICE,PRICE:얼마,1
train_0755.jpg,train,PRICE,PRICE:가격,1
train_0756.jpg,train,UNKNOWN,,0
train_0757.jpg,train,COMPOSITE,"SPELLING:이름.{0,3}(뭐|무엇);;OBJECT:무엇",2
train_0758.jpg,train,OBJECT,OBJECT:무엇,1
train_0759.jpg,train,COMPOSITE,"SPELLING:이름.{0,3}(뭐|무엇);;OBJECT:무엇",2
train_0760.jpg,train,PRICE,PRICE:가격,1
train_0761.jpg,train,UNKNOWN,,0
train_0762.jpg,train,COMPOSITE,"SPELLING:이름.{0,3}(뭐|무엇);;OBJECT:무엇",2
train_0763.jpg,train,COMPOSITE,"SPELLING:이름.{0,3}(뭐|무엇);;OBJECT:무엇",2
train_0764.jpg,train,COMPOSITE,OBJECT:무엇;;RELATION:왼쪽,2
train_0765.jpg,train,OBJECT,OBJECT:무엇,1
train_0766.jpg,train,OBJECT,OBJECT:무엇,1
train_0767.jpg,train,PRICE,PRICE:얼마,1
train_0768.jpg,train,OBJECT,OBJECT:무엇,1
train_0769.jpg,train,OBJECT,OBJECT:있(나요|습니까|어),1
train_0770.jpg,train,COMPOSITE,"SPELLING:이름.{0,3}(뭐|무엇);;OBJECT:무엇",2
train_0771.jpg,train,UNKNOWN,,0
train_0772.jpg,train,COMPOSITE,"SPELLING:이름.{0,3}(뭐|무엇);;OBJECT:무엇",2
train_0773.jpg,train,COMPOSITE,SPELLING:글자;;OBJECT:무엇,2
train_0774.jpg,train,OBJECT,OBJECT:무엇,1
train_0775.jpg,train,PRICE,PRICE:가격,1
train_0776.jpg,train,COMPOSITE,LOGO:브랜드;;OBJECT:무엇,2
train_0777.jpg,train,COMPOSITE,"SPELLING:이름.{0,3}(뭐|무엇);;OBJECT:무엇",2
train_0778.jpg,train,UNKNOWN,,0
train_0779.jpg,train,OBJECT,OBJECT:무엇,1
train_0780.jpg,train,PRICE,PRICE:가격,1
train_0781.jpg,train,COMPOSITE,"SPELLING:이름.{0,3}(뭐|무엇);;OBJECT:무엇",2
train_0782.jpg,train,COMPOSITE,NUMBER:번호;;OBJECT:무엇,2
train_0783.jpg,train,OBJECT,OBJECT:무엇,1
train_0784.jpg,train,TIMEDATE,TIMEDATE:기간,1
train_0785.jpg,train,COMPOSITE,NUMBER:번호;;OBJECT:무엇,2
train_0786.jpg,train,COMPOSITE,"SPELLING:이름.{0,3}(뭐|무엇);;OBJECT:무엇",2
train_0787.jpg,train,OBJECT,OBJECT:무엇,1
train_0788.jpg,train,COMPOSITE,"SPELLING:이름.{0,3}(뭐|무엇);;OBJECT:무엇",2
train_0789.jpg,train,PRICE,PRICE:얼마,1
train_0790.jpg,train,OBJECT,OBJECT:무엇,1
train_0791.jpg,train,COMPOSITE,"SPELLING:이름.{0,3}(뭐|무엇);;OBJECT:무엇",2
train_0792.jpg,train,COMPOSITE,"SPELLING:이름.{0,3}(뭐|무엇);;OBJECT:무엇",2
train_0793.jpg,train,PRICE,PRICE:얼마,1
train_0794.jpg,train,OBJECT,OBJECT:무엇,1
train_0795.jpg,train,PRICE,PRICE:가격,1
train_0796.jpg,train,OBJECT,OBJECT:무엇,1
train_0797.jpg,train,OBJECT,OBJECT:무엇,1
train_0798.jpg,train,COMPOSITE,"SPELLING:이름.{0,3}(뭐|무엇);;OBJECT:무엇",2
train_0799.jpg,train,OBJECT,OBJECT:무엇,1
train_0800.jpg,train,OBJECT,OBJECT:무엇,1
train_0801.jpg,train,PRICE,PRICE:얼마,1
train_0802.jpg,train,COMPOSITE,"SPELLING:이름.{0,3}(뭐|무엇);;OBJECT:무엇",2
train_0803.jpg,train,OBJECT,OBJECT:무엇,1
train_0804.jpg,train,TIMEDATE,TIMEDATE:날짜,1
train_0805.jpg,train,UNKNOWN,,0
train_0806.jpg,train,OBJECT,OBJECT:무엇,1
train_0807.jpg,train,PRICE,PRICE:얼마,1
train_0808.jpg,train,OBJECT,OBJECT:무엇,1
train_0809.jpg,train,OBJECT,OBJECT:무엇,1
train_0810.jpg,train,OBJECT,OBJECT:무엇,1
train_0811.jpg,train,OBJECT,OBJECT:무엇,1
train_0812.jpg,train,UNKNOWN,,0
train_0813.jpg,train,COMPOSITE,NUMBER:번호;;OBJECT:무엇,2
train_0814.jpg,train,PRICE,PRICE:얼마,1
train_0815.jpg,train,PRICE,PRICE:가격,1
train_0816.jpg,train,OBJECT,OBJECT:무엇,1
train_0817.jpg,train,COMPOSITE,"SPELLING:이름.{0,3}(뭐|무엇);;OBJECT:무엇",2
train_0818.jpg,train,NUMBER,NUMBER:수량,1
train_0819.jpg,train,UNKNOWN,,0
train_0820.jpg,train,OBJECT,OBJECT:무엇,1
train_0821.jpg,train,COMPOSITE,"SPELLING:이름.{0,3}(뭐|무엇);;OBJECT:무엇",2
train_0822.jpg,train,OBJECT,OBJECT:무엇,1
train_0823.jpg,train,OBJECT,OBJECT:무엇,1
train_0824.jpg,train,COMPOSITE,"SPELLING:이름.{0,3}(뭐|무엇);;OBJECT:무엇",2
train_0825.jpg,train,OBJECT,OBJECT:무엇,1
train_0826.jpg,train,OBJECT,OBJECT:무엇,1
train_0827.jpg,train,PRICE,PRICE:얼마,1
train_0828.jpg,train,OBJECT,OBJECT:무엇,1
train_0829.jpg,train,COMPOSITE,NUMBER:번호;;OBJECT:무엇,2
train_0830.jpg,train,COMPOSITE,"SPELLING:이름.{0,3}(뭐|무엇);;OBJECT:무엇",2
train_0831.jpg,train,OBJECT,OBJECT:무엇,1
train_0832.jpg,train,OBJECT,OBJECT:무엇,1
train_0833.jpg,train,OBJECT,OBJECT:있(나요|습니까|어),1
train_0834.jpg,train,COMPOSITE,"SPELLING:이름.{0,3}(뭐|무엇);;OBJECT:무엇",2
train_0835.jpg,train,COMPOSITE,"SPELLING:이름.{0,3}(뭐|무엇);;OBJECT:무엇",2
train_0836.jpg,train,OBJECT,OBJECT:무엇,1
train_0837.jpg,train,OBJECT,OBJECT:무엇,1
train_0838.jpg,train,OBJECT,OBJECT:무엇,1
train_0839.jpg,train,OBJECT,OBJECT:무엇,1
train_0840.jpg,train,COMPOSITE,LOGO:브랜드;;OBJECT:무엇,2
train_0841.jpg,train,OBJECT,OBJECT:무엇,1
train_0842.jpg,train,UNKNOWN,,0
train_0843.jpg,train,OBJECT,OBJECT:무엇,1
train_0844.jpg,train,UNKNOWN,,0
train_0845.jpg,train,UNKNOWN,,0
train_0846.jpg,train,OBJECT,OBJECT:무엇,1
train_0847.jpg,train,OBJECT,OBJECT:무엇,1
train_0848.jpg,train,OBJECT,OBJECT:무엇,1
train_0849.jpg,train,PRICE,PRICE:얼마,1
train_0850.jpg,train,OBJECT,OBJECT:있(나요|습니까|어),1
train_0851.jpg,train,COMPOSITE,"SPELLING:이름.{0,3}(뭐|무엇);;OBJECT:무엇",2
train_0852.jpg,train,OBJECT,OBJECT:무엇,1
train_0853.jpg,train,COMPOSITE,"SPELLING:이름.{0,3}(뭐|무엇);;OBJECT:무엇",2
train_0854.jpg,train,OBJECT,OBJECT:무엇,1
train_0855.jpg,train,OBJECT,OBJECT:무엇,1
train_0856.jpg,train,OBJECT,OBJECT:무엇,1
train_0857.jpg,train,OBJECT,OBJECT:무엇,1
train_0858.jpg,train,COMPOSITE,"SPELLING:이름.{0,3}(뭐|무엇);;OBJECT:무엇",2
train_0859.jpg,train,COMPOSITE,"SPELLING:이름.{0,3}(뭐|무엇);;OBJECT:무엇",2
train_0860.jpg,train,OBJECT,OBJECT:무엇,1
train_0861.jpg,train,COMPOSITE,"SPELLING:이름.{0,3}(뭐|무엇);;OBJECT:무엇",2
train_0862.jpg,train,OBJECT,OBJECT:무엇,1
train_0863.jpg,train,COMPOSITE,PRICE:얼마;;RELATION:위에,2
train_0864.jpg,train,OBJECT,OBJECT:무엇,1
train_0865.jpg,train,COMPOSITE,"SPELLING:이름.{0,3}(뭐|무엇);;OBJECT:무엇",2
train_0866.jpg,train,SPELLING,SPELLING:글자,1
train_0867.jpg,train,PRICE,PRICE:가격,1
train_0868.jpg,train,OBJECT,OBJECT:무엇,1
train_0869.jpg,train,UNKNOWN,,0
train_0870.jpg,train,OBJECT,OBJECT:무엇,1
train_0871.jpg,train,UNKNOWN,,0
train_0872.jpg,train,COMPOSITE,PRICE:가격;;OBJECT:무엇,2
train_0873.jpg,train,PRICE,PRICE:가격,1
train_0874.jpg,train,OBJECT,OBJECT:무엇,1
train_0875.jpg,train,NUMBER,NUMBER:몇\s*개,1
train_0876.jpg,train,UNKNOWN,,0
train_0877.jpg,train,COMPOSITE,"SPELLING:이름.{0,3}(뭐|무엇);;OBJECT:무엇",2
train_0878.jpg,train,COMPOSITE,"SPELLING:이름.{0,3}(뭐|무엇);;OBJECT:무엇",2
train_0879.jpg,train,OBJECT,OBJECT:무엇,1
train_0880.jpg,train,COMPOSITE,LOGO:브랜드;;OBJECT:있(나요|습니까|어),2
train_0881.jpg,train,COMPOSITE,"SPELLING:이름.{0,3}(뭐|무엇);;OBJECT:무엇",2
train_0882.jpg,train,OBJECT,OBJECT:무엇,1
train_0883.jpg,train,OBJECT,OBJECT:무엇,1
train_0884.jpg,train,RELATION,RELATION:아래,1
train_0885.jpg,train,OBJECT,OBJECT:무엇,1
train_0886.jpg,train,OBJECT,OBJECT:무엇,1
train_0887.jpg,train,COMPOSITE,PRICE:원가;;OBJECT:무엇,2
train_0888.jpg,train,OBJECT,OBJECT:무엇,1
train_0889.jpg,train,UNKNOWN,,0
train_0890.jpg,train,COMPOSITE,"SPELLING:이름.{0,3}(뭐|무엇);;OBJECT:무엇",2
train_0891.jpg,train,TIMEDATE,TIMEDATE:언제,1
train_0892.jpg,train,COMPOSITE,"SPELLING:이름.{0,3}(뭐|무엇);;OBJECT:무엇",2
train_0893.jpg,train,OBJECT,OBJECT:무엇,1
train_0894.jpg,train,OBJECT,OBJECT:무엇,1
train_0895.jpg,train,OBJECT,OBJECT:무엇,1
train_0896.jpg,train,COMPOSITE,"SPELLING:이름.{0,3}(뭐|무엇);;OBJECT:무엇",2
train_0897.jpg,train,OBJECT,OBJECT:무엇,1
train_0898.jpg,train,COMPOSITE,PRICE:가격;;OBJECT:무엇,2
train_0899.jpg,train,OBJECT,OBJECT:무엇,1
train_0900.jpg,train,OBJECT,OBJECT:있(나요|습니까|어),1
train_0901.jpg,train,OBJECT,OBJECT:무엇,1
train_0902.jpg,train,OBJECT,OBJECT:무엇,1
train_0903.jpg,train,OBJECT,OBJECT:무엇,1
train_0904.jpg,train,OBJECT,OBJECT:무엇,1
train_0905.jpg,train,COMPOSITE,"SPELLING:이름.{0,3}(뭐|무엇);;OBJECT:무엇",2
train_0906.jpg,train,COMPOSITE,"SPELLING:이름.{0,3}(뭐|무엇);;OBJECT:무엇",2
train_0907.jpg,train,OBJECT,OBJECT:무엇,1
train_0908.jpg,train,OBJECT,OBJECT:무엇,1
train_0909.jpg,train,COMPOSITE,NUMBER:번호;;OBJECT:무엇,2
train_0910.jpg,train,TIMEDATE,TIMEDATE:언제,1
train_0911.jpg,train,PRICE,PRICE:얼마,1
train_0912.jpg,train,COMPOSITE,"SPELLING:이름.{0,3}(뭐|무엇);;OBJECT:무엇",2
train_0913.jpg,train,COMPOSITE,"SPELLING:이름.{0,3}(뭐|무엇);;LOGO:브랜드;;OBJECT:무엇",3
train_0914.jpg,train,UNKNOWN,,0
train_0915.jpg,train,OBJECT,OBJECT:무엇,1
train_0916.jpg,train,OBJECT,OBJECT:무엇,1
train_0917.jpg,train,OBJECT,OBJECT:무엇,1
train_0918.jpg,train,OBJECT,OBJECT:있(나요|습니까|어),1
train_0919.jpg,train,UNKNOWN,,0
train_0920.jpg,train,PRICE,PRICE:얼마,1
train_0921.jpg,train,OBJECT,OBJECT:무엇,1
train_0922.jpg,train,OBJECT,OBJECT:무엇,1
train_0923.jpg,train,COMPOSITE,"SPELLING:이름.{0,3}(뭐|무엇);;OBJECT:무엇",2
train_0924.jpg,train,COMPOSITE,TIMEDATE:언제;;OBJECT:있(나요|습니까|어),2
train_0925.jpg,train,COMPOSITE,PRICE:가격;;OBJECT:무엇,2
train_0926.jpg,train,OBJECT,OBJECT:무엇,1
train_0927.jpg,train,UNKNOWN,,0
train_0928.jpg,train,COMPOSITE,OBJECT:무엇;;RELATION:오른쪽,2
train_0929.jpg,train,OBJECT,OBJECT:무엇,1
train_0930.jpg,train,OBJECT,OBJECT:무엇,1
train_0931.jpg,train,COMPOSITE,OBJECT:무엇;;RELATION:옆에,2
train_0932.jpg,train,OBJECT,OBJECT:무엇,1
train_0933.jpg,train,OBJECT,OBJECT:있(나요|습니까|어),1
train_0934.jpg,train,COMPOSITE,"SPELLING:이름.{0,3}(뭐|무엇);;OBJECT:무엇",2
train_0935.jpg,train,TIMEDATE,TIMEDATE:요일,1
train_0936.jpg,train,COMPOSITE,PRICE:가격;;TABLE:표에서,2
train_0937.jpg,train,COMPOSITE,"SPELLING:이름.{0,3}(뭐|무엇);;OBJECT:무엇",2
train_0938.jpg,train,COMPOSITE,OBJECT:무엇;;RELATION:순서,2
train_0939.jpg,train,COMPOSITE,"SPELLING:이름.{0,3}(뭐|무엇);;OBJECT:무엇",2
train_0940.jpg,train,PRICE,PRICE:얼마,1
train_0941.jpg,train,COMPOSITE,"SPELLING:이름.{0,3}(뭐|무엇);;OBJECT:무엇",2
train_0942.jpg,train,COMPOSITE,"SPELLING:이름.{0,3}(뭐|무엇);;OBJECT:무엇",2
train_0943.jpg,train,PRICE,PRICE:가격,1
train_0944.jpg,train,OBJECT,OBJECT:무엇,1
train_0945.jpg,train,TIMEDATE,TIMEDATE:언제,1
train_0946.jpg,train,COMPOSITE,PRICE:얼마;;RELATION:위에,2
train_0947.jpg,train,COMPOSITE,"SPELLING:이름.{0,3}(뭐|무엇);;OBJECT:무엇",2
train_0948.jpg,train,COMPOSITE,"SPELLING:이름.{0,3}(뭐|무엇);;OBJECT:무엇",2
train_0949.jpg,train,OBJECT,OBJECT:무엇,1
train_0950.jpg,train,PRICE,PRICE:얼마,1
train_0951.jpg,train,PRICE,PRICE:가격,1
train_0952.jpg,train,OBJECT,OBJECT:무엇,1
train_0953.jpg,train,COMPOSITE,"SPELLING:이름.{0,3}(뭐|무엇);;OBJECT:무엇",2
train_0954.jpg,train,OBJECT,OBJECT:무엇,1
train_0955.jpg,train,COMPOSITE,"SPELLING:이름.{0,3}(뭐|무엇);;OBJECT:무엇",2
train_0956.jpg,train,OBJECT,OBJECT:무엇,1
train_0957.jpg,train,OBJECT,OBJECT:무엇,1
train_0958.jpg,train,COMPOSITE,NUMBER:번호;;OBJECT:무엇,2
train_0959.jpg,train,COMPOSITE,"SPELLING:이름.{0,3}(뭐|무엇);;OBJECT:무엇",2
train_0960.jpg,train,COMPOSITE,NUMBER:번호;;OBJECT:무엇,2
train_0961.jpg,train,COMPOSITE,OBJECT:무엇;;RELATION:위에,2
train_0962.jpg,train,COMPOSITE,"SPELLING:이름.{0,3}(뭐|무엇);;OBJECT:무엇",2
train_0963.jpg,train,COMPOSITE,"SPELLING:이름.{0,3}(뭐|무엇);;OBJECT:무엇",2
train_0964.jpg,train,UNKNOWN,,0
train_0965.jpg,train,OBJECT,OBJECT:무엇,1
train_0966.jpg,train,COMPOSITE,TIMEDATE:언제;;OBJECT:있(나요|습니까|어),2
train_0967.jpg,train,OBJECT,OBJECT:무엇,1
train_0968.jpg,train,OBJECT,OBJECT:무엇,1
train_0969.jpg,train,OBJECT,OBJECT:무엇,1
train_0970.jpg,train,OBJECT,OBJECT:무엇,1
train_0971.jpg,train,COMPOSITE,NUMBER:번호;;OBJECT:무엇,2
train_0972.jpg,train,OBJECT,OBJECT:무엇,1
train_0973.jpg,train,PRICE,PRICE:가격,1
train_0974.jpg,train,PRICE,PRICE:얼마,1
train_0975.jpg,train,NUMBER,NUMBER:몇\s*명,1
train_0976.jpg,train,TIMEDATE,TIMEDATE:영업\s*시간,1
train_0977.jpg,train,UNKNOWN,,0
train_0978.jpg,train,OBJECT,OBJECT:무엇,1
train_0979.jpg,train,COMPOSITE,"SPELLING:이름.{0,3}(뭐|무엇);;OBJECT:무엇",2
train_0980.jpg,train,COMPOSITE,"SPELLING:이름.{0,3}(뭐|무엇);;OBJECT:무엇;;RELATION:왼쪽",3
train_0981.jpg,train,COMPOSITE,"SPELLING:이름.{0,3}(뭐|무엇);;OBJECT:무엇",2
train_0982.jpg,train,OBJECT,OBJECT:무엇,1
train_0983.jpg,train,OBJECT,OBJECT:무엇,1
train_0984.jpg,train,COMPOSITE,"SPELLING:이름.{0,3}(뭐|무엇);;OBJECT:무엇",2
train_0985.jpg,train,OBJECT,OBJECT:무엇,1
train_0986.jpg,train,OBJECT,OBJECT:무엇,1
train_0987.jpg,train,OBJECT,OBJECT:무엇,1
train_0988.jpg,train,OBJECT,OBJECT:있(나요|습니까|어),1
train_0989.jpg,train,OBJECT,OBJECT:무엇,1
train_0990.jpg,train,OBJECT,OBJECT:무엇,1
train_0991.jpg,train,COMPOSITE,"SPELLING:이름.{0,3}(뭐|무엇);;OBJECT:무엇",2
train_0992.jpg,train,COMPOSITE,"SPELLING:이름.{0,3}(뭐|무엇);;OBJECT:무엇",2
train_0993.jpg,train,OBJECT,OBJECT:무엇,1
train_0994.jpg,train,COMPOSITE,"SPELLING:이름.{0,3}(뭐|무엇);;OBJECT:무엇",2
train_0995.jpg,train,COMPOSITE,"SPELLING:이름.{0,3}(뭐|무엇);;OBJECT:무엇",2
train_0996.jpg,train,PRICE,PRICE:가격,1
train_0997.jpg,train,OBJECT,OBJECT:무엇,1
train_0998.jpg,train,OBJECT,OBJECT:무엇,1
train_0999.jpg,train,OBJECT,OBJECT:무엇,1
train_1000.jpg,train,OBJECT,OBJECT:무엇,1
train_1001.jpg,train,OBJECT,OBJECT:무엇,1
train_1002.jpg,train,COMPOSITE,"SPELLING:이름.{0,3}(뭐|무엇);;OBJECT:무엇",2
train_1003.jpg,train,OBJECT,OBJECT:무엇,1
train_1004.jpg,train,COMPOSITE,"SPELLING:이름.{0,3}(뭐|무엇);;OBJECT:무엇",2
train_1005.jpg,train,COMPOSITE,SPELLING:글자;;OBJECT:무엇,2
train_1006.jpg,train,OBJECT,OBJECT:무엇,1
train_1007.jpg,train,UNKNOWN,,0
train_1008.jpg,train,OBJECT,OBJECT:무엇,1
train_1009.jpg,train,OBJECT,OBJECT:무엇,1
train_1010.jpg,train,TIMEDATE,TIMEDATE:언제,1
train_1011.jpg,train,COMPOSITE,OBJECT:무엇;;RELATION:왼쪽,2
train_1012.jpg,train,OBJECT,OBJECT:무엇,1
train_1013.jpg,train,COMPOSITE,"SPELLING:이름.{0,3}(뭐|무엇);;OBJECT:무엇",2
train_1014.jpg,train,OBJECT,OBJECT:무엇,1
train_1015.jpg,train,OBJECT,OBJECT:무엇,1
train_1016.jpg,train,COMPOSITE,"SPELLING:이름.{0,3}(뭐|무엇);;OBJECT:무엇;;RELATION:왼쪽",3
train_1017.jpg,train,UNKNOWN,,0
train_1018.jpg,train,COMPOSITE,"SPELLING:이름.{0,3}(뭐|무엇);;OBJECT:무엇",2
train_1019.jpg,train,OBJECT,OBJECT:무엇,1
train_1020.jpg,train,OBJECT,OBJECT:무엇,1
train_1021.jpg,train,COMPOSITE,SPELLING:글자;;OBJECT:무엇,2
train_1022.jpg,train,TIMEDATE,TIMEDATE:언제,1
train_1023.jpg,train,PRICE,PRICE:가격,1
train_1024.jpg,train,OBJECT,OBJECT:무엇,1
train_1025.jpg,train,COMPOSITE,SPELLING:글자;;OBJECT:무엇,2
train_1026.jpg,train,TIMEDATE,TIMEDATE:언제,1
train_1027.jpg,train,UNKNOWN,,0
train_1028.jpg,train,UNKNOWN,,0
train_1029.jpg,train,OBJECT,OBJECT:무엇,1
train_1030.jpg,train,OBJECT,OBJECT:무엇,1
train_1031.jpg,train,OBJECT,OBJECT:무엇,1
train_1032.jpg,train,PRICE,PRICE:가격,1
train_1033.jpg,train,COMPOSITE,TABLE:항목;;OBJECT:무엇,2
train_1034.jpg,train,PRICE,PRICE:얼마,1
train_1035.jpg,train,OBJECT,OBJECT:무엇,1
train_1036.jpg,train,OBJECT,OBJECT:무엇,1
train_1037.jpg,train,OBJECT,OBJECT:무엇,1
train_1038.jpg,train,COMPOSITE,SPELLING:글자;;OBJECT:무엇,2
train_1039.jpg,train,UNKNOWN,,0
train_1040.jpg,train,OBJECT,OBJECT:무엇,1
train_1041.jpg,train,COMPOSITE,"SPELLING:이름.{0,3}(뭐|무엇);;OBJECT:무엇",2
train_1042.jpg,train,OBJECT,OBJECT:무엇,1
train_1043.jpg,train,COMPOSITE,"SPELLING:이름.{0,3}(뭐|무엇);;OBJECT:무엇",2
train_1044.jpg,train,COMPOSITE,"SPELLING:이름.{0,3}(뭐|무엇);;OBJECT:무엇",2
train_1045.jpg,train,OBJECT,OBJECT:무엇,1
train_1046.jpg,train,PRICE,PRICE:가격,1
train_1047.jpg,train,COMPOSITE,NUMBER:번호;;OBJECT:무엇,2
train_1048.jpg,train,COMPOSITE,PRICE:가격;;OBJECT:무엇,2
train_1049.jpg,train,TIMEDATE,TIMEDATE:영업\s*시간,1
train_1050.jpg,train,OBJECT,OBJECT:무엇,1
train_1051.jpg,train,TIMEDATE,TIMEDATE:언제,1
train_1052.jpg,train,COMPOSITE,"SPELLING:이름.{0,3}(뭐|무엇);;LOGO:브랜드;;OBJECT:무엇",3
train_1053.jpg,train,PRICE,PRICE:가격,1
train_1054.jpg,train,COMPOSITE,NUMBER:번호;;OBJECT:무엇,2
train_1055.jpg,train,COMPOSITE,SPELLING:글자;;OBJECT:무엇;;RELATION:위에,3
train_1056.jpg,train,OBJECT,OBJECT:무엇,1
train_1057.jpg,train,OBJECT,OBJECT:무엇,1
train_1058.jpg,train,COMPOSITE,"SPELLING:이름.{0,3}(뭐|무엇);;OBJECT:무엇",2
train_1059.jpg,train,OBJECT,OBJECT:무엇,1
train_1060.jpg,train,OBJECT,OBJECT:무엇,1
train_1061.jpg,train,OBJECT,OBJECT:있(나요|습니까|어),1
train_1062.jpg,train,COMPOSITE,LOGO:브랜드;;OBJECT:무엇,2
train_1063.jpg,train,OBJECT,OBJECT:무엇,1
train_1064.jpg,train,UNKNOWN,,0
train_1065.jpg,train,COMPOSITE,OBJECT:무엇;;RELATION:옆에,2
train_1066.jpg,train,COMPOSITE,"SPELLING:이름.{0,3}(뭐|무엇);;OBJECT:무엇",2
train_1067.jpg,train,OBJECT,OBJECT:무엇,1
train_1068.jpg,train,UNKNOWN,,0
train_1069.jpg,train,COMPOSITE,"SPELLING:이름.{0,3}(뭐|무엇);;OBJECT:무엇",2
train_1070.jpg,train,OBJECT,OBJECT:무엇,1
train_1071.jpg,train,OBJECT,OBJECT:무엇,1
train_1072.jpg,train,OBJECT,OBJECT:있(나요|습니까|어),1
train_1073.jpg,train,PRICE,PRICE:가격,1
train_1074.jpg,train,COMPOSITE,NUMBER:번호;;OBJECT:무엇,2
train_1075.jpg,train,COMPOSITE,"SPELLING:이름.{0,3}(뭐|무엇);;OBJECT:무엇",2
train_1076.jpg,train,OBJECT,OBJECT:무엇,1
train_1077.jpg,train,PRICE,PRICE:가격,1
train_1078.jpg,train,COMPOSITE,"SPELLING:이름.{0,3}(뭐|무엇);;LOGO:브랜드;;OBJECT:무엇;;RELATION:오른쪽",4
train_1079.jpg,train,COMPOSITE,SPELLING:글자;;OBJECT:무엇,2
train_1080.jpg,train,PRICE,PRICE:가격,1
train_1081.jpg,train,TIMEDATE,TIMEDATE:언제,1
train_1082.jpg,train,OBJECT,OBJECT:무엇,1
train_1083.jpg,train,COMPOSITE,"SPELLING:이름.{0,3}(뭐|무엇);;OBJECT:무엇",2
train_1084.jpg,train,OBJECT,OBJECT:있(나요|습니까|어),1
train_1085.jpg,train,PRICE,PRICE:얼마,1
train_1086.jpg,train,OBJECT,OBJECT:무엇,1
train_1087.jpg,train,OBJECT,OBJECT:무엇,1
train_1088.jpg,train,OBJECT,OBJECT:무엇,1
train_1089.jpg,train,PRICE,PRICE:얼마,1
train_1090.jpg,train,COMPOSITE,SPELLING:글자;;OBJECT:무엇,2
train_1091.jpg,train,COMPOSITE,"SPELLING:이름.{0,3}(뭐|무엇);;OBJECT:무엇",2
train_1092.jpg,train,OBJECT,OBJECT:무엇,1
train_1093.jpg,train,COMPOSITE,SPELLING:글자;;OBJECT:무엇,2
train_1094.jpg,train,COMPOSITE,NUMBER:번호;;OBJECT:무엇,2
train_1095.jpg,train,OBJECT,OBJECT:무엇,1
train_1096.jpg,train,OBJECT,OBJECT:무엇,1
train_1097.jpg,train,OBJECT,OBJECT:무엇,1
train_1098.jpg,train,COMPOSITE,"SPELLING:이름.{0,3}(뭐|무엇);;OBJECT:무엇",2
train_1099.jpg,train,PRICE,PRICE:가격,1
train_1100.jpg,train,COMPOSITE,"SPELLING:이름.{0,3}(뭐|무엇);;LOGO:브랜드;;OBJECT:무엇",3
train_1101.jpg,train,COMPOSITE,SPELLING:글자;;OBJECT:무엇,2
train_1102.jpg,train,OBJECT,OBJECT:무엇,1
train_1103.jpg,train,OBJECT,OBJECT:무엇,1
train_1104.jpg,train,UNKNOWN,,0
train_1105.jpg,train,OBJECT,OBJECT:무엇,1
train_1106.jpg,train,COMPOSITE,"SPELLING:이름.{0,3}(뭐|무엇);;OBJECT:무엇",2
train_1107.jpg,train,COMPOSITE,PRICE:얼마;;RELATION:위에,2
train_1108.jpg,train,PRICE,PRICE:가격,1
train_1109.jpg,train,COMPOSITE,"SPELLING:이름.{0,3}(뭐|무엇);;OBJECT:무엇",2
train_1110.jpg,train,COMPOSITE,"SPELLING:이름.{0,3}(뭐|무엇);;LOGO:브랜드;;OBJECT:무엇",3
train_1111.jpg,train,UNKNOWN,,0
train_1112.jpg,train,COMPOSITE,"SPELLING:이름.{0,3}(뭐|무엇);;LOGO:브랜드;;OBJECT:무엇",3
train_1113.jpg,train,COMPOSITE,"SPELLING:이름.{0,3}(뭐|무엇);;OBJECT:무엇",2
train_1114.jpg,train,PRICE,PRICE:가격,1
train_1115.jpg,train,PRICE,PRICE:가격,1
train_1116.jpg,train,UNKNOWN,,0
train_1117.jpg,train,UNKNOWN,,0
train_1118.jpg,train,TIMEDATE,TIMEDATE:날짜,1
train_1119.jpg,train,COMPOSITE,NUMBER:번호;;OBJECT:무엇,2
train_1120.jpg,train,PRICE,PRICE:얼마,1
train_1121.jpg,train,OBJECT,OBJECT:무엇,1
train_1122.jpg,train,OBJECT,OBJECT:무엇,1
train_1123.jpg,train,OBJECT,OBJECT:무엇,1
train_1124.jpg,train,OBJECT,OBJECT:있(나요|습니까|어),1
train_1125.jpg,train,OBJECT,OBJECT:무엇,1
train_1126.jpg,train,OBJECT,OBJECT:무엇,1
train_1127.jpg,train,OBJECT,OBJECT:무엇,1
train_1128.jpg,train,OBJECT,OBJECT:무엇,1
train_1129.jpg,train,TIMEDATE,TIMEDATE:기간,1
train_1130.jpg,train,PRICE,PRICE:가격,1
train_1131.jpg,train,OBJECT,OBJECT:무엇,1
train_1132.jpg,train,OBJECT,OBJECT:있(나요|습니까|어),1
train_1133.jpg,train,OBJECT,OBJECT:무엇,1
train_1134.jpg,train,OBJECT,OBJECT:무엇,1
train_1135.jpg,train,UNKNOWN,,0
train_1136.jpg,train,OBJECT,OBJECT:무엇,1
train_1137.jpg,train,PRICE,PRICE:가격,1
train_1138.jpg,train,OBJECT,OBJECT:있(나요|습니까|어),1
train_1139.jpg,train,OBJECT,OBJECT:무엇,1
train_1140.jpg,train,OBJECT,OBJECT:무엇,1
train_1141.jpg,train,OBJECT,OBJECT:무엇,1
train_1142.jpg,train,UNKNOWN,,0
train_1143.jpg,train,UNKNOWN,,0
train_1144.jpg,train,RELATION,RELATION:오른쪽,1
train_1145.jpg,train,PRICE,PRICE:얼마,1
train_1146.jpg,train,OBJECT,OBJECT:무엇,1
train_1147.jpg,train,COMPOSITE,LOGO:브랜드;;OBJECT:무엇,2
train_1148.jpg,train,COMPOSITE,SPELLING:글자;;OBJECT:무엇,2
train_1149.jpg,train,UNKNOWN,,0
train_1150.jpg,train,PRICE,PRICE:얼마,1
train_1151.jpg,train,UNKNOWN,,0
train_1152.jpg,train,COMPOSITE,"SPELLING:이름.{0,3}(뭐|무엇);;OBJECT:무엇",2
train_1153.jpg,train,OBJECT,OBJECT:무엇,1
train_1154.jpg,train,OBJECT,OBJECT:무엇,1
train_1155.jpg,train,OBJECT,OBJECT:무엇,1
train_1156.jpg,train,OBJECT,OBJECT:무엇,1
train_1157.jpg,train,OBJECT,OBJECT:무엇,1
train_1158.jpg,train,COMPOSITE,LOGO:브랜드;;OBJECT:무엇,2
train_1159.jpg,train,COMPOSITE,"SPELLING:이름.{0,3}(뭐|무엇);;LOGO:브랜드;;OBJECT:무엇",3
train_1160.jpg,train,TIMEDATE,TIMEDATE:기간,1
train_1161.jpg,train,PRICE,PRICE:가격,1
train_1162.jpg,train,OBJECT,OBJECT:무엇,1
train_1163.jpg,train,OBJECT,OBJECT:무엇,1
train_1164.jpg,train,TIMEDATE,TIMEDATE:언제,1
train_1165.jpg,train,UNKNOWN,,0
train_1166.jpg,train,OBJECT,OBJECT:무엇,1
train_1167.jpg,train,OBJECT,OBJECT:무엇,1
train_1168.jpg,train,OBJECT,OBJECT:무엇,1
train_1169.jpg,train,OBJECT,OBJECT:있(나요|습니까|어),1
train_1170.jpg,train,COMPOSITE,"SPELLING:이름.{0,3}(뭐|무엇);;OBJECT:무엇",2
train_1171.jpg,train,OBJECT,OBJECT:무엇,1
train_1172.jpg,train,COMPOSITE,SPELLING:글자;;OBJECT:무엇,2
train_1173.jpg,train,PRICE,PRICE:얼마,1
train_1174.jpg,train,PRICE,PRICE:가격,1
train_1175.jpg,train,OBJECT,OBJECT:무엇,1
train_1176.jpg,train,OBJECT,OBJECT:있(나요|습니까|어),1
train_1177.jpg,train,PRICE,PRICE:얼마,1
train_1178.jpg,train,COMPOSITE,OBJECT:무엇;;RELATION:아래,2
train_1179.jpg,train,OBJECT,OBJECT:무엇,1
train_1180.jpg,train,UNKNOWN,,0
train_1181.jpg,train,COMPOSITE,"SPELLING:이름.{0,3}(뭐|무엇);;OBJECT:무엇",2
train_1182.jpg,train,OBJECT,OBJECT:무엇,1
train_1183.jpg,train,UNKNOWN,,0
train_1184.jpg,train,COMPOSITE,PRICE:얼마;;OBJECT:있(나요|습니까|어),2
train_1185.jpg,train,OBJECT,OBJECT:무엇,1
train_1186.jpg,train,PRICE,PRICE:얼마,1
train_1187.jpg,train,COMPOSITE,"SPELLING:이름.{0,3}(뭐|무엇);;OBJECT:무엇",2
train_1188.jpg,train,OBJECT,OBJECT:무엇,1
train_1189.jpg,train,COMPOSITE,PRICE:가격;;OBJECT:무엇,2
train_1190.jpg,train,OBJECT,OBJECT:무엇,1
train_1191.jpg,train,COMPOSITE,OBJECT:무엇;;RELATION:순서,2
train_1192.jpg,train,COMPOSITE,"SPELLING:이름.{0,3}(뭐|무엇);;OBJECT:무엇",2
train_1193.jpg,train,PRICE,PRICE:얼마,1
train_1194.jpg,train,OBJECT,OBJECT:무엇,1
train_1195.jpg,train,NUMBER,NUMBER:몇\s*개,1
train_1196.jpg,train,COMPOSITE,NUMBER:번호;;OBJECT:무엇,2
train_1197.jpg,train,COMPOSITE,"SPELLING:이름.{0,3}(뭐|무엇);;OBJECT:무엇",2
train_1198.jpg,train,COMPOSITE,"SPELLING:이름.{0,3}(뭐|무엇);;OBJECT:무엇",2
train_1199.jpg,train,COMPOSITE,"SPELLING:이름.{0,3}(뭐|무엇);;LOGO:브랜드;;OBJECT:무엇",3
train_1200.jpg,train,PRICE,PRICE:가격,1
train_1201.jpg,train,PRICE,PRICE:가격,1
train_1202.jpg,train,OBJECT,OBJECT:있(나요|습니까|어),1
train_1203.jpg,train,COMPOSITE,"SPELLING:이름.{0,3}(뭐|무엇);;NUMBER:번호;;OBJECT:무엇",3
train_1204.jpg,train,COMPOSITE,TABLE:항목;;OBJECT:무엇,2
train_1205.jpg,train,UNKNOWN,,0
train_1206.jpg,train,COMPOSITE,"SPELLING:이름.{0,3}(뭐|무엇);;OBJECT:무엇",2
train_1207.jpg,train,COMPOSITE,"SPELLING:이름.{0,3}(뭐|무엇);;OBJECT:무엇",2
train_1208.jpg,train,OBJECT,OBJECT:무엇,1
train_1209.jpg,train,TIMEDATE,TIMEDATE:기간,1
train_1210.jpg,train,OBJECT,OBJECT:무엇,1
train_1211.jpg,train,COMPOSITE,"SPELLING:이름.{0,3}(뭐|무엇);;OBJECT:무엇",2
train_1212.jpg,train,COMPOSITE,PRICE:가격;;OBJECT:무엇,2
train_1213.jpg,train,COMPOSITE,"SPELLING:이름.{0,3}(뭐|무엇);;OBJECT:무엇",2
train_1214.jpg,train,COMPOSITE,"SPELLING:이름.{0,3}(뭐|무엇);;OBJECT:무엇",2
train_1215.jpg,train,PRICE,PRICE:얼마,1
train_1216.jpg,train,OBJECT,OBJECT:무엇,1
train_1217.jpg,train,OBJECT,OBJECT:무엇,1
train_1218.jpg,train,COMPOSITE,NUMBER:번호;;OBJECT:무엇,2
train_1219.jpg,train,PRICE,PRICE:얼마,1
train_1220.jpg,train,COMPOSITE,"SPELLING:이름.{0,3}(뭐|무엇);;OBJECT:무엇",2
train_1221.jpg,train,COMPOSITE,"SPELLING:이름.{0,3}(뭐|무엇);;OBJECT:무엇",2
train_1222.jpg,train,OBJECT,OBJECT:무엇,1
train_1223.jpg,train,OBJECT,OBJECT:무엇,1
train_1224.jpg,train,COMPOSITE,SPELLING:글자;;OBJECT:무엇,2
train_1225.jpg,train,OBJECT,OBJECT:무엇,1
train_1226.jpg,train,COMPOSITE,"SPELLING:이름.{0,3}(뭐|무엇);;OBJECT:무엇",2
train_1227.jpg,train,OBJECT,OBJECT:무엇,1
train_1228.jpg,train,OBJECT,OBJECT:무엇,1
train_1229.jpg,train,COMPOSITE,LOGO:브랜드;;OBJECT:무엇,2
train_1230.jpg,train,OBJECT,OBJECT:무엇,1
train_1231.jpg,train,COMPOSITE,"SPELLING:이름.{0,3}(뭐|무엇);;OBJECT:무엇",2
train_1232.jpg,train,OBJECT,OBJECT:무엇,1
train_1233.jpg,train,OBJECT,OBJECT:무엇,1
train_1234.jpg,train,COMPOSITE,OBJECT:무엇;;RELATION:왼쪽,2
train_1235.jpg,train,OBJECT,OBJECT:무엇,1
train_1236.jpg,train,OBJECT,OBJECT:무엇,1
train_1237.jpg,train,OBJECT,OBJECT:무엇,1
train_1238.jpg,train,COMPOSITE,NUMBER:번호;;OBJECT:무엇,2
train_1239.jpg,train,UNKNOWN,,0
train_1240.jpg,train,PRICE,PRICE:가격,1
train_1241.jpg,train,OBJECT,OBJECT:무엇,1
train_1242.jpg,train,COMPOSITE,"SPELLING:이름.{0,3}(뭐|무엇);;OBJECT:무엇",2
train_1243.jpg,train,OBJECT,OBJECT:무엇,1
train_1244.jpg,train,PRICE,PRICE:가격,1
train_1245.jpg,train,COMPOSITE,"SPELLING:이름.{0,3}(뭐|무엇);;OBJECT:무엇",2
train_1246.jpg,train,COMPOSITE,"SPELLING:이름.{0,3}(뭐|무엇);;OBJECT:무엇",2
train_1247.jpg,train,PRICE,PRICE:가격,1
train_1248.jpg,train,OBJECT,OBJECT:무엇,1
train_1249.jpg,train,UNKNOWN,,0
train_1250.jpg,train,COMPOSITE,"SPELLING:이름.{0,3}(뭐|무엇);;OBJECT:무엇",2
train_1251.jpg,train,OBJECT,OBJECT:무엇,1
train_1252.jpg,train,OBJECT,OBJECT:있(나요|습니까|어),1
train_1253.jpg,train,COMPOSITE,SPELLING:글자;;OBJECT:무엇,2
train_1254.jpg,train,OBJECT,OBJECT:무엇,1
train_1255.jpg,train,COMPOSITE,"SPELLING:이름.{0,3}(뭐|무엇);;OBJECT:무엇",2
train_1256.jpg,train,COMPOSITE,"SPELLING:이름.{0,3}(뭐|무엇);;OBJECT:무엇",2
train_1257.jpg,train,OBJECT,OBJECT:무엇,1
train_1258.jpg,train,OBJECT,OBJECT:무엇,1
train_1259.jpg,train,PRICE,PRICE:얼마,1
train_1260.jpg,train,COMPOSITE,"SPELLING:이름.{0,3}(뭐|무엇);;OBJECT:무엇",2
train_1261.jpg,train,OBJECT,OBJECT:무엇,1
train_1262.jpg,train,OBJECT,OBJECT:무엇,1
train_1263.jpg,train,OBJECT,OBJECT:무엇,1
train_1264.jpg,train,OBJECT,OBJECT:무엇,1
train_1265.jpg,train,OBJECT,OBJECT:무엇,1
train_1266.jpg,train,COMPOSITE,"SPELLING:이름.{0,3}(뭐|무엇);;LOGO:브랜드;;OBJECT:무엇",3
train_1267.jpg,train,OBJECT,OBJECT:무엇,1
train_1268.jpg,train,COMPOSITE,LOGO:브랜드;;OBJECT:무엇,2
train_1269.jpg,train,UNKNOWN,,0
train_1270.jpg,train,COMPOSITE,"SPELLING:이름.{0,3}(뭐|무엇);;OBJECT:무엇",2
train_1271.jpg,train,COMPOSITE,"SPELLING:이름.{0,3}(뭐|무엇);;OBJECT:무엇",2
train_1272.jpg,train,TIMEDATE,TIMEDATE:언제,1
train_1273.jpg,train,COMPOSITE,NUMBER:몇\s*개;;OBJECT:있(나요|습니까|어),2
train_1274.jpg,train,OBJECT,OBJECT:무엇,1
train_1275.jpg,train,COMPOSITE,"SPELLING:이름.{0,3}(뭐|무엇);;OBJECT:무엇",2
train_1276.jpg,train,NUMBER,NUMBER:몇\s*명,1
train_1277.jpg,train,COMPOSITE,OBJECT:무엇;;RELATION:아래,2
train_1278.jpg,train,OBJECT,OBJECT:무엇,1
train_1279.jpg,train,OBJECT,OBJECT:무엇,1
train_1280.jpg,train,UNKNOWN,,0
train_1281.jpg,train,COMPOSITE,"SPELLING:이름.{0,3}(뭐|무엇);;OBJECT:무엇",2
train_1282.jpg,train,PRICE,PRICE:얼마,1
train_1283.jpg,train,OBJECT,OBJECT:무엇,1
train_1284.jpg,train,COMPOSITE,"SPELLING:이름.{0,3}(뭐|무엇);;OBJECT:무엇",2
train_1285.jpg,train,PRICE,PRICE:가격,1
train_1286.jpg,train,PRICE,PRICE:가격,1
train_1287.jpg,train,OBJECT,OBJECT:무엇,1
train_1288.jpg,train,OBJECT,OBJECT:무엇,1
train_1289.jpg,train,OBJECT,OBJECT:무엇,1
train_1290.jpg,train,PRICE,PRICE:가격,1
train_1291.jpg,train,COMPOSITE,NUMBER:번호;;OBJECT:무엇,2
train_1292.jpg,train,OBJECT,OBJECT:무엇,1
train_1293.jpg,train,OBJECT,OBJECT:무엇,1
train_1294.jpg,train,OBJECT,OBJECT:무엇,1
train_1295.jpg,train,PRICE,PRICE:가격,1
train_1296.jpg,train,COMPOSITE,"SPELLING:이름.{0,3}(뭐|무엇);;OBJECT:무엇",2
train_1297.jpg,train,COMPOSITE,NUMBER:번호;;OBJECT:무엇,2
train_1298.jpg,train,COMPOSITE,"SPELLING:이름.{0,3}(뭐|무엇);;OBJECT:무엇",2
train_1299.jpg,train,COMPOSITE,"SPELLING:이름.{0,3}(뭐|무엇);;OBJECT:무엇",2
train_1300.jpg,train,COMPOSITE,"SPELLING:이름.{0,3}(뭐|무엇);;OBJECT:무엇",2
train_1301.jpg,train,OBJECT,OBJECT:무엇,1
train_1302.jpg,train,OBJECT,OBJECT:무엇,1
train_1303.jpg,train,COMPOSITE,"SPELLING:이름.{0,3}(뭐|무엇);;OBJECT:무엇",2
train_1304.jpg,train,COMPOSITE,"SPELLING:이름.{0,3}(뭐|무엇);;OBJECT:무엇",2
train_1305.jpg,train,COMPOSITE,NUMBER:몇\s*명;;OBJECT:있(나요|습니까|어),2
train_1306.jpg,train,COMPOSITE,"SPELLING:이름.{0,3}(뭐|무엇);;OBJECT:무엇",2
train_1307.jpg,train,UNKNOWN,,0
train_1308.jpg,train,COMPOSITE,LOGO:브랜드;;OBJECT:무엇,2
train_1309.jpg,train,OBJECT,OBJECT:무엇,1
train_1310.jpg,train,PRICE,PRICE:가격,1
train_1311.jpg,train,OBJECT,OBJECT:무엇,1
train_1312.jpg,train,COMPOSITE,NUMBER:번호;;OBJECT:무엇,2
train_1313.jpg,train,PRICE,PRICE:가격,1
train_1314.jpg,train,PRICE,PRICE:가격,1
train_1315.jpg,train,COMPOSITE,"SPELLING:이름.{0,3}(뭐|무엇);;OBJECT:무엇",2
train_1316.jpg,train,OBJECT,OBJECT:무엇,1
train_1317.jpg,train,OBJECT,OBJECT:무엇,1
train_1318.jpg,train,TIMEDATE,TIMEDATE:언제,1
train_1319.jpg,train,COMPOSITE,"SPELLING:이름.{0,3}(뭐|무엇);;OBJECT:무엇",2
train_1320.jpg,train,PRICE,PRICE:가격,1
train_1321.jpg,train,OBJECT,OBJECT:무엇,1
train_1322.jpg,train,COMPOSITE,SPELLING:글자;;OBJECT:무엇,2
train_1323.jpg,train,OBJECT,OBJECT:무엇,1
train_1324.jpg,train,COMPOSITE,"SPELLING:이름.{0,3}(뭐|무엇);;OBJECT:무엇",2
train_1325.jpg,train,PRICE,PRICE:가격,1
train_1326.jpg,train,PRICE,PRICE:가격,1
train_1327.jpg,train,OBJECT,OBJECT:무엇,1
train_1328.jpg,train,OBJECT,OBJECT:무엇,1
train_1329.jpg,train,OBJECT,OBJECT:무엇,1
train_1330.jpg,train,COMPOSITE,PRICE:얼마;;TIMEDATE:기간,2
train_1331.jpg,train,OBJECT,OBJECT:무엇,1
train_1332.jpg,train,OBJECT,OBJECT:무엇,1
train_1333.jpg,train,PRICE,PRICE:가격,1
train_1334.jpg,train,OBJECT,OBJECT:무엇,1
train_1335.jpg,train,TIMEDATE,TIMEDATE:언제,1
train_1336.jpg,train,UNKNOWN,,0
train_1337.jpg,train,OBJECT,OBJECT:무엇,1
train_1338.jpg,train,UNKNOWN,,0
train_1339.jpg,train,COMPOSITE,"SPELLING:이름.{0,3}(뭐|무엇);;OBJECT:무엇",2
train_1340.jpg,train,OBJECT,OBJECT:무엇,1
train_1341.jpg,train,COMPOSITE,SPELLING:글자;;OBJECT:무엇,2
train_1342.jpg,train,COMPOSITE,"SPELLING:이름.{0,3}(뭐|무엇);;OBJECT:무엇;;RELATION:아래",3
train_1343.jpg,train,PRICE,PRICE:얼마,1
train_1344.jpg,train,PRICE,PRICE:얼마,1
train_1345.jpg,train,COMPOSITE,LOGO:브랜드;;OBJECT:있(나요|습니까|어),2
train_1346.jpg,train,PRICE,PRICE:가격,1
train_1347.jpg,train,COMPOSITE,"SPELLING:이름.{0,3}(뭐|무엇);;OBJECT:무엇",2
train_1348.jpg,train,OBJECT,OBJECT:무엇,1
train_1349.jpg,train,COMPOSITE,NUMBER:번호;;OBJECT:무엇,2
train_1350.jpg,train,COMPOSITE,"SPELLING:이름.{0,3}(뭐|무엇);;OBJECT:무엇",2
train_1351.jpg,train,COMPOSITE,"SPELLING:이름.{0,3}(뭐|무엇);;OBJECT:무엇",2
train_1352.jpg,train,OBJECT,OBJECT:무엇,1
train_1353.jpg,train,OBJECT,OBJECT:있(나요|습니까|어),1
train_1354.jpg,train,TIMEDATE,TIMEDATE:언제,1
train_1355.jpg,train,TIMEDATE,TIMEDATE:언제,1
train_1356.jpg,train,COMPOSITE,"SPELLING:이름.{0,3}(뭐|무엇);;LOGO:브랜드;;OBJECT:무엇",3
train_1357.jpg,train,TIMEDATE,TIMEDATE:언제,1
train_1358.jpg,train,COMPOSITE,"SPELLING:이름.{0,3}(뭐|무엇);;LOGO:브랜드;;OBJECT:무엇",3
train_1359.jpg,train,PRICE,PRICE:얼마,1
train_1360.jpg,train,COMPOSITE,PRICE:가격;;OBJECT:무엇,2
train_1361.jpg,train,PRICE,PRICE:얼마,1
train_1362.jpg,train,COMPOSITE,"SPELLING:이름.{0,3}(뭐|무엇);;OBJECT:무엇",2
train_1363.jpg,train,TIMEDATE,TIMEDATE:날짜,1
train_1364.jpg,train,COMPOSITE,"SPELLING:이름.{0,3}(뭐|무엇);;OBJECT:무엇",2
train_1365.jpg,train,COMPOSITE,NUMBER:번호;;OBJECT:무엇,2
train_1366.jpg,train,OBJECT,OBJECT:무엇,1
train_1367.jpg,train,OBJECT,OBJECT:무엇,1
train_1368.jpg,train,OBJECT,OBJECT:무엇,1
train_1369.jpg,train,COMPOSITE,"SPELLING:이름.{0,3}(뭐|무엇);;OBJECT:무엇",2
train_1370.jpg,train,OBJECT,OBJECT:무엇,1
train_1371.jpg,train,PRICE,PRICE:얼마,1
train_1372.jpg,train,PRICE,PRICE:가격,1
train_1373.jpg,train,OBJECT,OBJECT:무엇,1
train_1374.jpg,train,OBJECT,OBJECT:무엇,1
train_1375.jpg,train,OBJECT,OBJECT:무엇,1
train_1376.jpg,train,OBJECT,OBJECT:무엇,1
train_1377.jpg,train,COMPOSITE,SPELLING:글자;;OBJECT:무엇,2
train_1378.jpg,train,OBJECT,OBJECT:무엇,1
train_1379.jpg,train,OBJECT,OBJECT:무엇,1
train_1380.jpg,train,OBJECT,OBJECT:무엇,1
train_1381.jpg,train,OBJECT,OBJECT:무엇,1
train_1382.jpg,train,TIMEDATE,TIMEDATE:언제,1
train_1383.jpg,train,UNKNOWN,,0
train_1384.jpg,train,OBJECT,OBJECT:무엇,1
train_1385.jpg,train,COMPOSITE,"SPELLING:이름.{0,3}(뭐|무엇);;OBJECT:무엇",2
train_1386.jpg,train,OBJECT,OBJECT:무엇,1
train_1387.jpg,train,COMPOSITE,OBJECT:무엇;;RELATION:아래,2
train_1388.jpg,train,COMPOSITE,"SPELLING:이름.{0,3}(뭐|무엇);;OBJECT:무엇",2
train_1389.jpg,train,PRICE,PRICE:얼마,1
train_1390.jpg,train,PRICE,PRICE:가격,1
train_1391.jpg,train,COMPOSITE,"SPELLING:이름.{0,3}(뭐|무엇);;OBJECT:무엇",2
train_1392.jpg,train,COMPOSITE,OBJECT:무엇;;RELATION:옆에,2
train_1393.jpg,train,OBJECT,OBJECT:무엇,1
train_1394.jpg,train,COMPOSITE,OBJECT:무엇;;RELATION:위에,2
train_1395.jpg,train,PRICE,PRICE:가격,1
train_1396.jpg,train,COMPOSITE,OBJECT:무엇;;RELATION:아래,2
train_1397.jpg,train,OBJECT,OBJECT:무엇,1
train_1398.jpg,train,OBJECT,OBJECT:무엇,1
train_1399.jpg,train,OBJECT,OBJECT:무엇,1
train_1400.jpg,train,PRICE,PRICE:얼마,1
train_1401.jpg,train,OBJECT,OBJECT:무엇,1
train_1402.jpg,train,COMPOSITE,"SPELLING:이름.{0,3}(뭐|무엇);;OBJECT:무엇",2
train_1403.jpg,train,COMPOSITE,"SPELLING:이름.{0,3}(뭐|무엇);;OBJECT:무엇",2
train_1404.jpg,train,COMPOSITE,SPELLING:글자;;OBJECT:무엇,2
train_1405.jpg,train,COMPOSITE,"SPELLING:이름.{0,3}(뭐|무엇);;OBJECT:무엇",2
train_1406.jpg,train,OBJECT,OBJECT:무엇,1
train_1407.jpg,train,COMPOSITE,TABLE:항목;;OBJECT:무엇,2
train_1408.jpg,train,OBJECT,OBJECT:무엇,1
train_1409.jpg,train,COMPOSITE,"SPELLING:이름.{0,3}(뭐|무엇);;OBJECT:무엇",2
train_1410.jpg,train,COMPOSITE,"SPELLING:이름.{0,3}(뭐|무엇);;OBJECT:무엇",2
train_1411.jpg,train,COMPOSITE,NUMBER:번호;;OBJECT:무엇,2
train_1412.jpg,train,OBJECT,OBJECT:무엇,1
train_1413.jpg,train,OBJECT,OBJECT:있(나요|습니까|어),1
train_1414.jpg,train,PRICE,PRICE:얼마,1
train_1415.jpg,train,TIMEDATE,TIMEDATE:기간,1
train_1416.jpg,train,OBJECT,OBJECT:무엇,1
train_1417.jpg,train,OBJECT,OBJECT:무엇,1
train_1418.jpg,train,PRICE,PRICE:가격,1
train_1419.jpg,train,OBJECT,OBJECT:무엇,1
train_1420.jpg,train,COMPOSITE,"SPELLING:이름.{0,3}(뭐|무엇);;OBJECT:무엇",2
train_1421.jpg,train,PRICE,PRICE:가격,1
train_1422.jpg,train,COMPOSITE,"SPELLING:이름.{0,3}(뭐|무엇);;OBJECT:무엇",2
train_1423.jpg,train,UNKNOWN,,0
train_1424.jpg,train,UNKNOWN,,0
train_1425.jpg,train,OBJECT,OBJECT:무엇,1
train_1426.jpg,train,COMPOSITE,"SPELLING:이름.{0,3}(뭐|무엇);;OBJECT:무엇",2
train_1427.jpg,train,OBJECT,OBJECT:무엇,1
train_1428.jpg,train,UNKNOWN,,0
train_1429.jpg,train,OBJECT,OBJECT:무엇,1
train_1430.jpg,train,OBJECT,OBJECT:무엇,1
train_1431.jpg,train,OBJECT,OBJECT:무엇,1
train_1432.jpg,train,TIMEDATE,TIMEDATE:언제,1
train_1433.jpg,train,OBJECT,OBJECT:무엇,1
train_1434.jpg,train,COMPOSITE,"SPELLING:이름.{0,3}(뭐|무엇);;OBJECT:무엇",2
train_1435.jpg,train,OBJECT,OBJECT:무엇,1
train_1436.jpg,train,COMPOSITE,SPELLING:글자;;OBJECT:무엇,2
train_1437.jpg,train,PRICE,PRICE:가격,1
train_1438.jpg,train,OBJECT,OBJECT:무엇,1
train_1439.jpg,train,OBJECT,OBJECT:무엇,1
train_1440.jpg,train,OBJECT,OBJECT:무엇,1
train_1441.jpg,train,COMPOSITE,"SPELLING:이름.{0,3}(뭐|무엇);;OBJECT:무엇",2
train_1442.jpg,train,OBJECT,OBJECT:무엇,1
train_1443.jpg,train,OBJECT,OBJECT:있(나요|습니까|어),1
train_1444.jpg,train,UNKNOWN,,0
train_1445.jpg,train,COMPOSITE,"SPELLING:이름.{0,3}(뭐|무엇);;OBJECT:무엇",2
train_1446.jpg,train,COMPOSITE,NUMBER:번호;;OBJECT:무엇,2
train_1447.jpg,train,PRICE,PRICE:얼마,1
train_1448.jpg,train,OBJECT,OBJECT:있(나요|습니까|어),1
train_1449.jpg,train,COMPOSITE,"SPELLING:이름.{0,3}(뭐|무엇);;OBJECT:무엇",2
train_1450.jpg,train,OBJECT,OBJECT:무엇,1
train_1451.jpg,train,OBJECT,OBJECT:무엇,1
train_1452.jpg,train,COMPOSITE,"SPELLING:이름.{0,3}(뭐|무엇);;OBJECT:무엇",2
train_1453.jpg,train,OBJECT,OBJECT:있(나요|습니까|어),1
train_1454.jpg,train,OBJECT,OBJECT:무엇,1
train_1455.jpg,train,PRICE,PRICE:가격,1
train_1456.jpg,train,COMPOSITE,SPELLING:글자;;OBJECT:무엇,2
train_1457.jpg,train,OBJECT,OBJECT:무엇,1
train_1458.jpg,train,UNKNOWN,,0
train_1459.jpg,train,COMPOSITE,NUMBER:번호;;OBJECT:무엇,2
train_1460.jpg,train,OBJECT,OBJECT:무엇,1
train_1461.jpg,train,COMPOSITE,OBJECT:무엇;;RELATION:위에,2
train_1462.jpg,train,PRICE,PRICE:가격,1
train_1463.jpg,train,OBJECT,OBJECT:무엇,1
train_1464.jpg,train,UNKNOWN,,0
train_1465.jpg,train,OBJECT,OBJECT:무엇,1
train_1466.jpg,train,OBJECT,OBJECT:무엇,1
train_1467.jpg,train,COMPOSITE,NUMBER:번호;;OBJECT:무엇,2
train_1468.jpg,train,PRICE,PRICE:얼마,1
train_1469.jpg,train,OBJECT,OBJECT:무엇,1
train_1470.jpg,train,UNKNOWN,,0
train_1471.jpg,train,OBJECT,OBJECT:무엇,1
train_1472.jpg,train,COMPOSITE,NUMBER:번호;;OBJECT:무엇,2
train_1473.jpg,train,OBJECT,OBJECT:무엇,1
train_1474.jpg,train,OBJECT,OBJECT:무엇,1
train_1475.jpg,train,PRICE,PRICE:가격,1
train_1476.jpg,train,COMPOSITE,"SPELLING:이름.{0,3}(뭐|무엇);;OBJECT:무엇",2
train_1477.jpg,train,OBJECT,OBJECT:무엇,1
train_1478.jpg,train,OBJECT,OBJECT:있(나요|습니까|어),1
train_1479.jpg,train,OBJECT,OBJECT:무엇,1
train_1480.jpg,train,OBJECT,OBJECT:무엇,1
train_1481.jpg,train,PRICE,PRICE:가격,1
train_1482.jpg,train,OBJECT,OBJECT:무엇,1
train_1483.jpg,train,OBJECT,OBJECT:무엇,1
train_1484.jpg,train,OBJECT,OBJECT:무엇,1
train_1485.jpg,train,OBJECT,OBJECT:무엇,1
train_1486.jpg,train,COMPOSITE,"SPELLING:이름.{0,3}(뭐|무엇);;OBJECT:무엇",2
train_1487.jpg,train,COMPOSITE,"SPELLING:이름.{0,3}(뭐|무엇);;OBJECT:무엇",2
train_1488.jpg,train,OBJECT,OBJECT:무엇,1
train_1489.jpg,train,OBJECT,OBJECT:무엇,1
train_1490.jpg,train,OBJECT,OBJECT:무엇,1
train_1491.jpg,train,COMPOSITE,"SPELLING:이름.{0,3}(뭐|무엇);;OBJECT:무엇",2
train_1492.jpg,train,COMPOSITE,LOGO:브랜드;;OBJECT:무엇,2
train_1493.jpg,train,OBJECT,OBJECT:무엇,1
train_1494.jpg,train,OBJECT,OBJECT:무엇,1
train_1495.jpg,train,COMPOSITE,SPELLING:글자;;OBJECT:무엇,2
train_1496.jpg,train,OBJECT,OBJECT:무엇,1
train_1497.jpg,train,OBJECT,OBJECT:무엇,1
train_1498.jpg,train,COMPOSITE,OBJECT:무엇;;RELATION:위에,2
train_1499.jpg,train,COMPOSITE,"SPELLING:이름.{0,3}(뭐|무엇);;OBJECT:무엇",2
train_1500.jpg,train,COMPOSITE,"SPELLING:이름.{0,3}(뭐|무엇);;OBJECT:무엇",2
train_1501.jpg,train,COMPOSITE,"SPELLING:이름.{0,3}(뭐|무엇);;OBJECT:무엇",2
train_1502.jpg,train,PRICE,PRICE:가격,1
train_1503.jpg,train,OBJECT,OBJECT:있(나요|습니까|어),1
train_1504.jpg,train,COMPOSITE,NUMBER:번호;;OBJECT:무엇,2
train_1505.jpg,train,UNKNOWN,,0
train_1506.jpg,train,UNKNOWN,,0
train_1507.jpg,train,OBJECT,OBJECT:무엇,1
train_1508.jpg,train,OBJECT,OBJECT:무엇,1
train_1509.jpg,train,OBJECT,OBJECT:무엇,1
train_1510.jpg,train,COMPOSITE,"SPELLING:이름.{0,3}(뭐|무엇);;OBJECT:무엇",2
train_1511.jpg,train,OBJECT,OBJECT:무엇,1
train_1512.jpg,train,UNKNOWN,,0
train_1513.jpg,train,COMPOSITE,PRICE:가격;;OBJECT:무엇,2
train_1514.jpg,train,PRICE,PRICE:얼마,1
train_1515.jpg,train,OBJECT,OBJECT:무엇,1
train_1516.jpg,train,COMPOSITE,"SPELLING:이름.{0,3}(뭐|무엇);;OBJECT:무엇",2
train_1517.jpg,train,OBJECT,OBJECT:무엇,1
train_1518.jpg,train,OBJECT,OBJECT:무엇,1
train_1519.jpg,train,COMPOSITE,"SPELLING:이름.{0,3}(뭐|무엇);;OBJECT:무엇",2
train_1520.jpg,train,COMPOSITE,"SPELLING:이름.{0,3}(뭐|무엇);;OBJECT:무엇",2
train_1521.jpg,train,COMPOSITE,"SPELLING:이름.{0,3}(뭐|무엇);;OBJECT:무엇",2
train_1522.jpg,train,OBJECT,OBJECT:무엇,1
train_1523.jpg,train,OBJECT,OBJECT:무엇,1
train_1524.jpg,train,COMPOSITE,"SPELLING:이름.{0,3}(뭐|무엇);;OBJECT:무엇",2
train_1525.jpg,train,COMPOSITE,"SPELLING:이름.{0,3}(뭐|무엇);;OBJECT:무엇",2
train_1526.jpg,train,OBJECT,OBJECT:무엇,1
train_1527.jpg,train,COMPOSITE,"SPELLING:이름.{0,3}(뭐|무엇);;OBJECT:무엇",2
train_1528.jpg,train,COMPOSITE,"SPELLING:이름.{0,3}(뭐|무엇);;OBJECT:무엇",2
train_1529.jpg,train,PRICE,PRICE:얼마,1
train_1530.jpg,train,COMPOSITE,"SPELLING:이름.{0,3}(뭐|무엇);;OBJECT:무엇",2
train_1531.jpg,train,OBJECT,OBJECT:무엇,1
train_1532.jpg,train,COMPOSITE,"SPELLING:이름.{0,3}(뭐|무엇);;OBJECT:무엇",2
train_1533.jpg,train,COMPOSITE,"SPELLING:이름.{0,3}(뭐|무엇);;OBJECT:무엇",2
train_1534.jpg,train,OBJECT,OBJECT:무엇,1
train_1535.jpg,train,PRICE,PRICE:가격,1
train_1536.jpg,train,UNKNOWN,,0
train_1537.jpg,train,OBJECT,OBJECT:무엇,1
train_1538.jpg,train,OBJECT,OBJECT:무엇,1
train_1539.jpg,train,OBJECT,OBJECT:무엇,1
train_1540.jpg,train,COMPOSITE,LOGO:브랜드;;OBJECT:무엇,2
train_1541.jpg,train,PRICE,PRICE:가격,1
train_1542.jpg,train,PRICE,PRICE:가격,1
train_1543.jpg,train,COMPOSITE,"SPELLING:이름.{0,3}(뭐|무엇);;LOGO:브랜드;;OBJECT:무엇",3
train_1544.jpg,train,COMPOSITE,"SPELLING:이름.{0,3}(뭐|무엇);;OBJECT:무엇",2
train_1545.jpg,train,OBJECT,OBJECT:무엇,1
train_1546.jpg,train,OBJECT,OBJECT:무엇,1
train_1547.jpg,train,PRICE,PRICE:얼마,1
train_1548.jpg,train,OBJECT,OBJECT:무엇,1
train_1549.jpg,train,OBJECT,OBJECT:무엇,1
train_1550.jpg,train,COMPOSITE,NUMBER:번호;;OBJECT:무엇,2
train_1551.jpg,train,PRICE,PRICE:가격,1
train_1552.jpg,train,OBJECT,OBJECT:무엇,1
train_1553.jpg,train,OBJECT,OBJECT:무엇,1
train_1554.jpg,train,COMPOSITE,"SPELLING:이름.{0,3}(뭐|무엇);;OBJECT:무엇",2
train_1555.jpg,train,COMPOSITE,"SPELLING:이름.{0,3}(뭐|무엇);;OBJECT:무엇",2
train_1556.jpg,train,COMPOSITE,SPELLING:글자;;OBJECT:무엇,2
train_1557.jpg,train,COMPOSITE,"SPELLING:이름.{0,3}(뭐|무엇);;OBJECT:무엇",2
train_1558.jpg,train,OBJECT,OBJECT:무엇,1
train_1559.jpg,train,OBJECT,OBJECT:무엇,1
train_1560.jpg,train,COMPOSITE,OBJECT:무엇;;RELATION:왼쪽,2
train_1561.jpg,train,COMPOSITE,NUMBER:번호;;OBJECT:무엇,2
train_1562.jpg,train,COMPOSITE,NUMBER:번호;;OBJECT:무엇,2
train_1563.jpg,train,COMPOSITE,"SPELLING:이름.{0,3}(뭐|무엇);;LOGO:브랜드;;OBJECT:무엇",3
train_1564.jpg,train,TIMEDATE,TIMEDATE:언제,1
train_1565.jpg,train,OBJECT,OBJECT:있(나요|습니까|어),1
train_1566.jpg,train,OBJECT,OBJECT:무엇,1
train_1567.jpg,train,PRICE,PRICE:얼마,1
train_1568.jpg,train,OBJECT,OBJECT:무엇,1
train_1569.jpg,train,COMPOSITE,"SPELLING:이름.{0,3}(뭐|무엇);;OBJECT:무엇",2
train_1570.jpg,train,OBJECT,OBJECT:무엇,1
train_1571.jpg,train,COMPOSITE,"SPELLING:이름.{0,3}(뭐|무엇);;OBJECT:무엇",2
train_1572.jpg,train,OBJECT,OBJECT:무엇,1
train_1573.jpg,train,OBJECT,OBJECT:무엇,1
train_1574.jpg,train,COMPOSITE,"SPELLING:이름.{0,3}(뭐|무엇);;OBJECT:무엇",2
train_1575.jpg,train,OBJECT,OBJECT:무엇,1
train_1576.jpg,train,OBJECT,OBJECT:무엇,1
train_1577.jpg,train,COMPOSITE,"SPELLING:이름.{0,3}(뭐|무엇);;OBJECT:무엇",2
train_1578.jpg,train,COMPOSITE,"SPELLING:이름.{0,3}(뭐|무엇);;OBJECT:무엇",2
train_1579.jpg,train,PRICE,PRICE:얼마,1
train_1580.jpg,train,OBJECT,OBJECT:있(나요|습니까|어),1
train_1581.jpg,train,COMPOSITE,"SPELLING:이름.{0,3}(뭐|무엇);;OBJECT:무엇",2
train_1582.jpg,train,OBJECT,OBJECT:무엇,1
train_1583.jpg,train,OBJECT,OBJECT:무엇,1
train_1584.jpg,train,OBJECT,OBJECT:무엇,1
train_1585.jpg,train,COMPOSITE,"SPELLING:이름.{0,3}(뭐|무엇);;OBJECT:무엇",2
train_1586.jpg,train,OBJECT,OBJECT:무엇,1
train_1587.jpg,train,OBJECT,OBJECT:무엇,1
train_1588.jpg,train,UNKNOWN,,0
train_1589.jpg,train,COMPOSITE,"SPELLING:이름.{0,3}(뭐|무엇);;OBJECT:무엇",2
train_1590.jpg,train,PRICE,PRICE:얼마,1
train_1591.jpg,train,TIMEDATE,TIMEDATE:언제,1
train_1592.jpg,train,OBJECT,OBJECT:무엇,1
train_1593.jpg,train,OBJECT,OBJECT:무엇,1
train_1594.jpg,train,OBJECT,OBJECT:무엇,1
train_1595.jpg,train,COMPOSITE,OBJECT:무엇;;RELATION:아래,2
train_1596.jpg,train,TIMEDATE,TIMEDATE:기간,1
train_1597.jpg,train,NUMBER,NUMBER:몇\s*개,1
train_1598.jpg,train,UNKNOWN,,0
train_1599.jpg,train,UNKNOWN,,0
train_1600.jpg,train,COMPOSITE,PRICE:가격;;OBJECT:무엇,2
train_1601.jpg,train,COMPOSITE,"SPELLING:이름.{0,3}(뭐|무엇);;OBJECT:무엇",2
train_1602.jpg,train,UNKNOWN,,0
train_1603.jpg,train,OBJECT,OBJECT:무엇,1
train_1604.jpg,train,COMPOSITE,"SPELLING:이름.{0,3}(뭐|무엇);;OBJECT:무엇",2
train_1605.jpg,train,COMPOSITE,"SPELLING:이름.{0,3}(뭐|무엇);;OBJECT:무엇",2
train_1606.jpg,train,COMPOSITE,SPELLING:글자;;OBJECT:무엇,2
train_1607.jpg,train,COMPOSITE,SPELLING:글자;;OBJECT:무엇,2
train_1608.jpg,train,OBJECT,OBJECT:있(나요|습니까|어),1
train_1609.jpg,train,COMPOSITE,"SPELLING:이름.{0,3}(뭐|무엇);;OBJECT:무엇",2
train_1610.jpg,train,COMPOSITE,NUMBER:번호;;OBJECT:무엇;;RELATION:옆에,3
train_1611.jpg,train,COMPOSITE,NUMBER:번호;;OBJECT:무엇,2
train_1612.jpg,train,COMPOSITE,SPELLING:글자;;OBJECT:무엇,2
train_1613.jpg,train,OBJECT,OBJECT:있(나요|습니까|어),1
train_1614.jpg,train,OBJECT,OBJECT:무엇,1
train_1615.jpg,train,COMPOSITE,"SPELLING:이름.{0,3}(뭐|무엇);;OBJECT:무엇",2
train_1616.jpg,train,OBJECT,OBJECT:무엇,1
train_1617.jpg,train,OBJECT,OBJECT:무엇,1
train_1618.jpg,train,OBJECT,OBJECT:무엇,1
train_1619.jpg,train,PRICE,PRICE:가격,1
train_1620.jpg,train,COMPOSITE,NUMBER:번호;;OBJECT:무엇,2
train_1621.jpg,train,PRICE,PRICE:얼마,1
train_1622.jpg,train,OBJECT,OBJECT:무엇,1
train_1623.jpg,train,COMPOSITE,"SPELLING:이름.{0,3}(뭐|무엇);;OBJECT:무엇;;RELATION:옆에",3
train_1624.jpg,train,OBJECT,OBJECT:무엇,1
train_1625.jpg,train,OBJECT,OBJECT:있(나요|습니까|어),1
train_1626.jpg,train,UNKNOWN,,0
train_1627.jpg,train,COMPOSITE,"SPELLING:이름.{0,3}(뭐|무엇);;OBJECT:무엇",2
train_1628.jpg,train,OBJECT,OBJECT:무엇,1
train_1629.jpg,train,PRICE,PRICE:가격,1
train_1630.jpg,train,OBJECT,OBJECT:무엇,1
train_1631.jpg,train,OBJECT,OBJECT:무엇,1
train_1632.jpg,train,OBJECT,OBJECT:무엇,1
train_1633.jpg,train,OBJECT,OBJECT:무엇,1
train_1634.jpg,train,COMPOSITE,NUMBER:번호;;OBJECT:무엇,2
train_1635.jpg,train,OBJECT,OBJECT:무엇,1
train_1636.jpg,train,COMPOSITE,SPELLING:글자;;OBJECT:무엇;;RELATION:위에,3
train_1637.jpg,train,COMPOSITE,"SPELLING:이름.{0,3}(뭐|무엇);;OBJECT:무엇",2
train_1638.jpg,train,OBJECT,OBJECT:무엇,1
train_1639.jpg,train,COMPOSITE,"SPELLING:이름.{0,3}(뭐|무엇);;OBJECT:무엇",2
train_1640.jpg,train,COMPOSITE,LOGO:브랜드;;OBJECT:무엇,2
train_1641.jpg,train,COMPOSITE,PRICE:얼마;;OBJECT:있(나요|습니까|어),2
train_1642.jpg,train,COMPOSITE,OBJECT:무엇;;RELATION:왼쪽,2
train_1643.jpg,train,COMPOSITE,"SPELLING:이름.{0,3}(뭐|무엇);;OBJECT:무엇",2
train_1644.jpg,train,OBJECT,OBJECT:무엇,1
train_1645.jpg,train,UNKNOWN,,0
train_1646.jpg,train,UNKNOWN,,0
train_1647.jpg,train,COMPOSITE,PRICE:가격;;OBJECT:무엇,2
train_1648.jpg,train,OBJECT,OBJECT:있(나요|습니까|어),1
train_1649.jpg,train,OBJECT,OBJECT:무엇,1
train_1650.jpg,train,COMPOSITE,"SPELLING:이름.{0,3}(뭐|무엇);;OBJECT:무엇",2
train_1651.jpg,train,OBJECT,OBJECT:무엇,1
train_1652.jpg,train,UNKNOWN,,0
train_1653.jpg,train,OBJECT,OBJECT:무엇,1
train_1654.jpg,train,COMPOSITE,"SPELLING:이름.{0,3}(뭐|무엇);;OBJECT:무엇",2
train_1655.jpg,train,OBJECT,OBJECT:무엇,1
train_1656.jpg,train,COMPOSITE,NUMBER:번호;;OBJECT:무엇,2
train_1657.jpg,train,OBJECT,OBJECT:무엇,1
train_1658.jpg,train,OBJECT,OBJECT:있(나요|습니까|어),1
train_1659.jpg,train,OBJECT,OBJECT:무엇,1
train_1660.jpg,train,TIMEDATE,TIMEDATE:언제,1
train_1661.jpg,train,PRICE,PRICE:얼마,1
train_1662.jpg,train,UNKNOWN,,0
train_1663.jpg,train,PRICE,PRICE:가격,1
train_1664.jpg,train,COMPOSITE,"SPELLING:이름.{0,3}(뭐|무엇);;NUMBER:번호;;OBJECT:무엇",3
train_1665.jpg,train,COMPOSITE,"SPELLING:이름.{0,3}(뭐|무엇);;OBJECT:무엇",2
train_1666.jpg,train,OBJECT,OBJECT:무엇,1
train_1667.jpg,train,COMPOSITE,NUMBER:번호;;OBJECT:무엇,2
train_1668.jpg,train,COMPOSITE,PRICE:가격;;OBJECT:무엇,2
train_1669.jpg,train,COMPOSITE,"SPELLING:이름.{0,3}(뭐|무엇);;OBJECT:무엇",2
train_1670.jpg,train,TIMEDATE,TIMEDATE:기간,1
train_1671.jpg,train,COMPOSITE,"SPELLING:이름.{0,3}(뭐|무엇);;OBJECT:무엇",2
train_1672.jpg,train,OBJECT,OBJECT:있(나요|습니까|어),1
train_1673.jpg,train,OBJECT,OBJECT:무엇,1
train_1674.jpg,train,OBJECT,OBJECT:무엇,1
train_1675.jpg,train,OBJECT,OBJECT:있(나요|습니까|어),1
train_1676.jpg,train,UNKNOWN,,0
train_1677.jpg,train,OBJECT,OBJECT:무엇,1
train_1678.jpg,train,PRICE,PRICE:가격,1
train_1679.jpg,train,OBJECT,OBJECT:무엇,1
train_1680.jpg,train,COMPOSITE,SPELLING:글자;;OBJECT:무엇,2
train_1681.jpg,train,OBJECT,OBJECT:무엇,1
train_1682.jpg,train,UNKNOWN,,0
train_1683.jpg,train,OBJECT,OBJECT:무엇,1
train_1684.jpg,train,PRICE,PRICE:가격,1
train_1685.jpg,train,UNKNOWN,,0
train_1686.jpg,train,OBJECT,OBJECT:무엇,1
train_1687.jpg,train,OBJECT,OBJECT:무엇,1
train_1688.jpg,train,OBJECT,OBJECT:무엇,1
train_1689.jpg,train,OBJECT,OBJECT:무엇,1
train_1690.jpg,train,COMPOSITE,OBJECT:무엇;;RELATION:왼쪽,2
train_1691.jpg,train,OBJECT,OBJECT:무엇,1
train_1692.jpg,train,OBJECT,OBJECT:무엇,1
train_1693.jpg,train,OBJECT,OBJECT:무엇,1
train_1694.jpg,train,PRICE,PRICE:얼마,1
train_1695.jpg,train,COMPOSITE,TIMEDATE:요일;;OBJECT:무엇,2
train_1696.jpg,train,TIMEDATE,TIMEDATE:언제,1
train_1697.jpg,train,UNKNOWN,,0
train_1698.jpg,train,PRICE,PRICE:가격,1
train_1699.jpg,train,COMPOSITE,"SPELLING:이름.{0,3}(뭐|무엇);;OBJECT:무엇",2
train_1700.jpg,train,OBJECT,OBJECT:무엇,1
train_1701.jpg,train,OBJECT,OBJECT:무엇,1
train_1702.jpg,train,COMPOSITE,"SPELLING:이름.{0,3}(뭐|무엇);;OBJECT:무엇",2
train_1703.jpg,train,COMPOSITE,SPELLING:글자;;OBJECT:무엇,2
train_1704.jpg,train,COMPOSITE,"SPELLING:이름.{0,3}(뭐|무엇);;OBJECT:무엇",2
train_1705.jpg,train,OBJECT,OBJECT:무엇,1
train_1706.jpg,train,COMPOSITE,OBJECT:무엇;;RELATION:왼쪽,2
train_1707.jpg,train,OBJECT,OBJECT:무엇,1
train_1708.jpg,train,UNKNOWN,,0
train_1709.jpg,train,OBJECT,OBJECT:무엇,1
train_1710.jpg,train,UNKNOWN,,0
train_1711.jpg,train,OBJECT,OBJECT:무엇,1
train_1712.jpg,train,OBJECT,OBJECT:무엇,1
train_1713.jpg,train,OBJECT,OBJECT:무엇,1
train_1714.jpg,train,OBJECT,OBJECT:무엇,1
train_1715.jpg,train,COMPOSITE,LOGO:브랜드;;OBJECT:무엇,2
train_1716.jpg,train,COMPOSITE,"SPELLING:이름.{0,3}(뭐|무엇);;OBJECT:무엇",2
train_1717.jpg,train,PRICE,PRICE:가격,1
train_1718.jpg,train,OBJECT,OBJECT:무엇,1
train_1719.jpg,train,OBJECT,OBJECT:무엇,1
train_1720.jpg,train,OBJECT,OBJECT:무엇,1
train_1721.jpg,train,TIMEDATE,TIMEDATE:영업\s*시간,1
train_1722.jpg,train,OBJECT,OBJECT:무엇,1
train_1723.jpg,train,OBJECT,OBJECT:무엇,1
train_1724.jpg,train,OBJECT,OBJECT:무엇,1
train_1725.jpg,train,COMPOSITE,NUMBER:번호;;OBJECT:무엇,2
train_1726.jpg,train,PRICE,PRICE:가격,1
train_1727.jpg,train,COMPOSITE,OBJECT:무엇;;RELATION:오른쪽,2
train_1728.jpg,train,OBJECT,OBJECT:무엇,1
train_1729.jpg,train,OBJECT,OBJECT:무엇,1
train_1730.jpg,train,COMPOSITE,NUMBER:번호;;OBJECT:무엇,2
train_1731.jpg,train,COMPOSITE,"SPELLING:이름.{0,3}(뭐|무엇);;OBJECT:무엇",2
train_1732.jpg,train,PRICE,PRICE:가격,1
train_1733.jpg,train,COMPOSITE,NUMBER:번호;;OBJECT:무엇,2
train_1734.jpg,train,COMPOSITE,SPELLING:글자;;OBJECT:무엇,2
train_1735.jpg,train,COMPOSITE,"SPELLING:이름.{0,3}(뭐|무엇);;OBJECT:무엇",2
train_1736.jpg,train,COMPOSITE,NUMBER:번호;;OBJECT:무엇,2
train_1737.jpg,train,COMPOSITE,TIMEDATE:요일;;OBJECT:무엇,2
train_1738.jpg,train,OBJECT,OBJECT:무엇,1
train_1739.jpg,train,OBJECT,OBJECT:무엇,1
train_1740.jpg,train,COMPOSITE,"SPELLING:이름.{0,3}(뭐|무엇);;OBJECT:무엇",2
train_1741.jpg,train,COMPOSITE,"SPELLING:이름.{0,3}(뭐|무엇);;LOGO:브랜드;;OBJECT:무엇",3
train_1742.jpg,train,COMPOSITE,"SPELLING:이름.{0,3}(뭐|무엇);;OBJECT:무엇",2
train_1743.jpg,train,COMPOSITE,OBJECT:무엇;;RELATION:옆에,2
train_1744.jpg,train,OBJECT,OBJECT:무엇,1
train_1745.jpg,train,PRICE,PRICE:가격,1
train_1746.jpg,train,OBJECT,OBJECT:있(나요|습니까|어),1
train_1747.jpg,train,COMPOSITE,"SPELLING:이름.{0,3}(뭐|무엇);;OBJECT:무엇",2
train_1748.jpg,train,OBJECT,OBJECT:무엇,1
train_1749.jpg,train,PRICE,PRICE:가격,1
train_1750.jpg,train,PRICE,PRICE:얼마,1
train_1751.jpg,train,COMPOSITE,"SPELLING:이름.{0,3}(뭐|무엇);;OBJECT:무엇",2
train_1752.jpg,train,COMPOSITE,SPELLING:글자;;OBJECT:무엇,2
train_1753.jpg,train,OBJECT,OBJECT:무엇,1
train_1754.jpg,train,UNKNOWN,,0
train_1755.jpg,train,OBJECT,OBJECT:무엇,1
train_1756.jpg,train,PRICE,PRICE:얼마,1
train_1757.jpg,train,PRICE,PRICE:얼마,1
train_1758.jpg,train,COMPOSITE,"SPELLING:이름.{0,3}(뭐|무엇);;OBJECT:무엇",2
train_1759.jpg,train,COMPOSITE,"SPELLING:이름.{0,3}(뭐|무엇);;OBJECT:무엇",2
train_1760.jpg,train,COMPOSITE,OBJECT:무엇;;RELATION:아래,2
train_1761.jpg,train,PRICE,PRICE:얼마,1
train_1762.jpg,train,PRICE,PRICE:가격,1
train_1763.jpg,train,OBJECT,OBJECT:무엇,1
train_1764.jpg,train,COMPOSITE,"SPELLING:이름.{0,3}(뭐|무엇);;OBJECT:무엇",2
train_1765.jpg,train,OBJECT,OBJECT:무엇,1
train_1766.jpg,train,PRICE,PRICE:얼마,1
train_1767.jpg,train,PRICE,PRICE:가격,1
train_1768.jpg,train,COMPOSITE,"SPELLING:이름.{0,3}(뭐|무엇);;OBJECT:무엇",2
train_1769.jpg,train,OBJECT,OBJECT:무엇,1
train_1770.jpg,train,COMPOSITE,"SPELLING:이름.{0,3}(뭐|무엇);;LOGO:브랜드;;OBJECT:무엇;;RELATION:오른쪽",4
train_1771.jpg,train,COMPOSITE,"SPELLING:이름.{0,3}(뭐|무엇);;OBJECT:무엇",2
train_1772.jpg,train,OBJECT,OBJECT:무엇,1
train_1773.jpg,train,OBJECT,OBJECT:있(나요|습니까|어),1
train_1774.jpg,train,COMPOSITE,TIMEDATE:영업\s*시간;;RELATION:아래,2
train_1775.jpg,train,COMPOSITE,NUMBER:번호;;OBJECT:무엇,2
train_1776.jpg,train,OBJECT,OBJECT:무엇,1
train_1777.jpg,train,OBJECT,OBJECT:무엇,1
train_1778.jpg,train,COMPOSITE,"SPELLING:이름.{0,3}(뭐|무엇);;OBJECT:무엇",2
train_1779.jpg,train,OBJECT,OBJECT:무엇,1
train_1780.jpg,train,UNKNOWN,,0
train_1781.jpg,train,PRICE,PRICE:얼마,1
train_1782.jpg,train,TIMEDATE,TIMEDATE:언제,1
train_1783.jpg,train,OBJECT,OBJECT:있(나요|습니까|어),1
train_1784.jpg,train,OBJECT,OBJECT:무엇,1
train_1785.jpg,train,OBJECT,OBJECT:무엇,1
train_1786.jpg,train,OBJECT,OBJECT:무엇,1
train_1787.jpg,train,COMPOSITE,TABLE:항목;;OBJECT:무엇,2
train_1788.jpg,train,OBJECT,OBJECT:무엇,1
train_1789.jpg,train,COMPOSITE,SPELLING:글자;;OBJECT:무엇,2
train_1790.jpg,train,COMPOSITE,"SPELLING:이름.{0,3}(뭐|무엇);;OBJECT:무엇",2
train_1791.jpg,train,OBJECT,OBJECT:무엇,1
train_1792.jpg,train,UNKNOWN,,0
train_1793.jpg,train,TIMEDATE,TIMEDATE:언제,1
train_1794.jpg,train,COMPOSITE,NUMBER:번호;;OBJECT:무엇,2
train_1795.jpg,train,UNKNOWN,,0
train_1796.jpg,train,COMPOSITE,"SPELLING:이름.{0,3}(뭐|무엇);;OBJECT:무엇",2
train_1797.jpg,train,OBJECT,OBJECT:무엇,1
train_1798.jpg,train,COMPOSITE,"SPELLING:이름.{0,3}(뭐|무엇);;OBJECT:무엇",2
train_1799.jpg,train,COMPOSITE,"SPELLING:이름.{0,3}(뭐|무엇);;OBJECT:무엇",2
train_1800.jpg,train,OBJECT,OBJECT:무엇,1
train_1801.jpg,train,COMPOSITE,NUMBER:번호;;OBJECT:무엇,2
train_1802.jpg,train,COMPOSITE,"SPELLING:이름.{0,3}(뭐|무엇);;OBJECT:무엇",2
train_1803.jpg,train,PRICE,PRICE:가격,1
train_1804.jpg,train,TIMEDATE,TIMEDATE:언제,1
train_1805.jpg,train,OBJECT,OBJECT:무엇,1
train_1806.jpg,train,UNKNOWN,,0
train_1807.jpg,train,OBJECT,OBJECT:무엇,1
train_1808.jpg,train,PRICE,PRICE:얼마,1
train_1809.jpg,train,PRICE,PRICE:가격,1
train_1810.jpg,train,PRICE,PRICE:가격,1
train_1811.jpg,train,OBJECT,OBJECT:무엇,1
train_1812.jpg,train,OBJECT,OBJECT:무엇,1
train_1813.jpg,train,PRICE,PRICE:가격,1
train_1814.jpg,train,OBJECT,OBJECT:무엇,1
train_1815.jpg,train,OBJECT,OBJECT:무엇,1
train_1816.jpg,train,COMPOSITE,OBJECT:무엇;;RELATION:위에,2
train_1817.jpg,train,OBJECT,OBJECT:무엇,1
train_1818.jpg,train,UNKNOWN,,0
train_1819.jpg,train,COMPOSITE,PRICE:가격;;OBJECT:무엇,2
train_1820.jpg,train,OBJECT,OBJECT:무엇,1
train_1821.jpg,train,COMPOSITE,"SPELLING:이름.{0,3}(뭐|무엇);;OBJECT:무엇",2
train_1822.jpg,train,NUMBER,NUMBER:번호,1
train_1823.jpg,train,OBJECT,OBJECT:무엇,1
train_1824.jpg,train,PRICE,PRICE:얼마,1
train_1825.jpg,train,OBJECT,OBJECT:무엇,1
train_1826.jpg,train,COMPOSITE,OBJECT:무엇;;RELATION:위에,2
train_1827.jpg,train,TIMEDATE,TIMEDATE:언제,1
train_1828.jpg,train,COMPOSITE,NUMBER:번호;;OBJECT:무엇,2
train_1829.jpg,train,OBJECT,OBJECT:무엇,1
train_1830.jpg,train,OBJECT,OBJECT:있(나요|습니까|어),1
train_1831.jpg,train,UNKNOWN,,0
train_1832.jpg,train,COMPOSITE,"SPELLING:이름.{0,3}(뭐|무엇);;OBJECT:무엇",2
train_1833.jpg,train,OBJECT,OBJECT:무엇,1
train_1834.jpg,train,NUMBER,NUMBER:몇\s*개,1
train_1835.jpg,train,PRICE,PRICE:얼마,1
train_1836.jpg,train,TIMEDATE,TIMEDATE:언제,1
train_1837.jpg,train,OBJECT,OBJECT:무엇,1
train_1838.jpg,train,COMPOSITE,"SPELLING:이름.{0,3}(뭐|무엇);;LOGO:브랜드;;OBJECT:무엇;;RELATION:위에",4
train_1839.jpg,train,OBJECT,OBJECT:무엇,1
train_1840.jpg,train,OBJECT,OBJECT:무엇,1
train_1841.jpg,train,OBJECT,OBJECT:무엇,1
train_1842.jpg,train,COMPOSITE,"SPELLING:이름.{0,3}(뭐|무엇);;OBJECT:무엇",2
train_1843.jpg,train,OBJECT,OBJECT:무엇,1
train_1844.jpg,train,UNKNOWN,,0
train_1845.jpg,train,COMPOSITE,"SPELLING:이름.{0,3}(뭐|무엇);;OBJECT:무엇",2
train_1846.jpg,train,PRICE,PRICE:가격,1
train_1847.jpg,train,OBJECT,OBJECT:무엇,1
train_1848.jpg,train,NUMBER,NUMBER:번호,1
train_1849.jpg,train,PRICE,PRICE:가격,1
train_1850.jpg,train,TIMEDATE,TIMEDATE:언제,1
train_1851.jpg,train,COMPOSITE,"SPELLING:이름.{0,3}(뭐|무엇);;OBJECT:무엇",2
train_1852.jpg,train,OBJECT,OBJECT:무엇,1
train_1853.jpg,train,COMPOSITE,"SPELLING:이름.{0,3}(뭐|무엇);;OBJECT:무엇",2
train_1854.jpg,train,COMPOSITE,"SPELLING:이름.{0,3}(뭐|무엇);;OBJECT:무엇",2
train_1855.jpg,train,COMPOSITE,"SPELLING:이름.{0,3}(뭐|무엇);;OBJECT:무엇;;RELATION:왼쪽",3
train_1856.jpg,train,COMPOSITE,LOGO:브랜드;;OBJECT:무엇,2
train_1857.jpg,train,COMPOSITE,"SPELLING:이름.{0,3}(뭐|무엇);;OBJECT:무엇",2
train_1858.jpg,train,TIMEDATE,TIMEDATE:날짜,1
train_1859.jpg,train,COMPOSITE,NUMBER:번호;;OBJECT:무엇,2
train_1860.jpg,train,OBJECT,OBJECT:무엇,1
train_1861.jpg,train,TIMEDATE,TIMEDATE:언제,1
train_1862.jpg,train,OBJECT,OBJECT:무엇,1
train_1863.jpg,train,OBJECT,OBJECT:있(나요|습니까|어),1
train_1864.jpg,train,OBJECT,OBJECT:있(나요|습니까|어),1
train_1865.jpg,train,PRICE,PRICE:가격,1
train_1866.jpg,train,OBJECT,OBJECT:무엇,1
train_1867.jpg,train,OBJECT,OBJECT:무엇,1
train_1868.jpg,train,TIMEDATE,TIMEDATE:언제,1
train_1869.jpg,train,COMPOSITE,SPELLING:글자;;OBJECT:무엇,2
train_1870.jpg,train,PRICE,PRICE:가격,1
train_1871.jpg,train,UNKNOWN,,0
train_1872.jpg,train,UNKNOWN,,0
train_1873.jpg,train,OBJECT,OBJECT:있(나요|습니까|어),1
train_1874.jpg,train,OBJECT,OBJECT:무엇,1
train_1875.jpg,train,COMPOSITE,"SPELLING:이름.{0,3}(뭐|무엇);;OBJECT:무엇;;RELATION:오른쪽",3
train_1876.jpg,train,NUMBER,NUMBER:몇\s*명,1
train_1877.jpg,train,UNKNOWN,,0
train_1878.jpg,train,OBJECT,OBJECT:무엇,1
train_1879.jpg,train,NUMBER,NUMBER:몇\s*개,1
train_1880.jpg,train,COMPOSITE,"SPELLING:이름.{0,3}(뭐|무엇);;OBJECT:무엇",2
train_1881.jpg,train,PRICE,PRICE:가격,1
train_1882.jpg,train,OBJECT,OBJECT:무엇,1
train_1883.jpg,train,COMPOSITE,NUMBER:번호;;OBJECT:무엇,2
train_1884.jpg,train,OBJECT,OBJECT:무엇,1
train_1885.jpg,train,PRICE,PRICE:가격,1
train_1886.jpg,train,COMPOSITE,"SPELLING:이름.{0,3}(뭐|무엇);;OBJECT:무엇",2
train_1887.jpg,train,OBJECT,OBJECT:무엇,1
train_1888.jpg,train,OBJECT,OBJECT:무엇,1
train_1889.jpg,train,OBJECT,OBJECT:있(나요|습니까|어),1
train_1890.jpg,train,OBJECT,OBJECT:무엇,1
train_1891.jpg,train,UNKNOWN,,0
train_1892.jpg,train,OBJECT,OBJECT:무엇,1
train_1893.jpg,train,COMPOSITE,"SPELLING:이름.{0,3}(뭐|무엇);;OBJECT:무엇",2
train_1894.jpg,train,COMPOSITE,"SPELLING:이름.{0,3}(뭐|무엇);;LOGO:브랜드;;OBJECT:무엇",3
train_1895.jpg,train,UNKNOWN,,0
train_1896.jpg,train,UNKNOWN,,0
train_1897.jpg,train,COMPOSITE,"SPELLING:이름.{0,3}(뭐|무엇);;LOGO:브랜드;;OBJECT:무엇",3
train_1898.jpg,train,TIMEDATE,TIMEDATE:언제,1
train_1899.jpg,train,OBJECT,OBJECT:무엇,1
train_1900.jpg,train,OBJECT,OBJECT:무엇,1
train_1901.jpg,train,OBJECT,OBJECT:있(나요|습니까|어),1
train_1902.jpg,train,OBJECT,OBJECT:무엇,1
train_1903.jpg,train,OBJECT,OBJECT:무엇,1
train_1904.jpg,train,PRICE,PRICE:가격,1
train_1905.jpg,train,COMPOSITE,NUMBER:번호;;OBJECT:무엇,2
train_1906.jpg,train,OBJECT,OBJECT:무엇,1
train_1907.jpg,train,COMPOSITE,SPELLING:글자;;OBJECT:무엇,2
train_1908.jpg,train,PRICE,PRICE:얼마,1
train_1909.jpg,train,COMPOSITE,NUMBER:번호;;OBJECT:무엇,2
train_1910.jpg,train,UNKNOWN,,0
train_1911.jpg,train,COMPOSITE,"SPELLING:이름.{0,3}(뭐|무엇);;OBJECT:무엇",2
train_1912.jpg,train,UNKNOWN,,0
train_1913.jpg,train,OBJECT,OBJECT:무엇,1
train_1914.jpg,train,COMPOSITE,"SPELLING:이름.{0,3}(뭐|무엇);;OBJECT:무엇",2
train_1915.jpg,train,OBJECT,OBJECT:무엇,1
train_1916.jpg,train,UNKNOWN,,0
train_1917.jpg,train,PRICE,PRICE:가격,1
train_1918.jpg,train,COMPOSITE,"SPELLING:이름.{0,3}(뭐|무엇);;OBJECT:무엇",2
train_1919.jpg,train,COMPOSITE,"SPELLING:이름.{0,3}(뭐|무엇);;OBJECT:무엇",2
train_1920.jpg,train,COMPOSITE,NUMBER:번호;;OBJECT:무엇;;RELATION:옆에,3
train_1921.jpg,train,COMPOSITE,PRICE:얼마;;OBJECT:있(나요|습니까|어),2
train_1922.jpg,train,PRICE,PRICE:가격,1
train_1923.jpg,train,COMPOSITE,NUMBER:번호;;OBJECT:무엇,2
train_1924.jpg,train,COMPOSITE,OBJECT:무엇;;RELATION:아래,2
train_1925.jpg,train,COMPOSITE,"SPELLING:이름.{0,3}(뭐|무엇);;OBJECT:무엇;;RELATION:오른쪽",3
train_1926.jpg,train,OBJECT,OBJECT:무엇,1
train_1927.jpg,train,OBJECT,OBJECT:무엇,1
train_1928.jpg,train,OBJECT,OBJECT:무엇,1
train_1929.jpg,train,TIMEDATE,TIMEDATE:언제,1
train_1930.jpg,train,PRICE,PRICE:얼마,1
train_1931.jpg,train,COMPOSITE,"SPELLING:이름.{0,3}(뭐|무엇);;OBJECT:무엇",2
train_1932.jpg,train,NUMBER,NUMBER:몇\s*번,1
train_1933.jpg,train,OBJECT,OBJECT:무엇,1
train_1934.jpg,train,OBJECT,OBJECT:무엇,1
train_1935.jpg,train,PRICE,PRICE:가격,1
train_1936.jpg,train,OBJECT,OBJECT:무엇,1
train_1937.jpg,train,UNKNOWN,,0
train_1938.jpg,train,OBJECT,OBJECT:무엇,1
train_1939.jpg,train,OBJECT,OBJECT:무엇,1
train_1940.jpg,train,OBJECT,OBJECT:무엇,1
train_1941.jpg,train,PRICE,PRICE:가격,1
train_1942.jpg,train,COMPOSITE,"SPELLING:이름.{0,3}(뭐|무엇);;OBJECT:무엇",2
train_1943.jpg,train,OBJECT,OBJECT:무엇,1
train_1944.jpg,train,OBJECT,OBJECT:무엇,1
train_1945.jpg,train,COMPOSITE,SPELLING:글자;;OBJECT:무엇,2
train_1946.jpg,train,OBJECT,OBJECT:무엇,1
train_1947.jpg,train,COMPOSITE,"SPELLING:이름.{0,3}(뭐|무엇);;OBJECT:무엇",2
train_1948.jpg,train,OBJECT,OBJECT:무엇,1
train_1949.jpg,train,OBJECT,OBJECT:무엇,1
train_1950.jpg,train,PRICE,PRICE:얼마,1
train_1951.jpg,train,PRICE,PRICE:얼마,1
train_1952.jpg,train,UNKNOWN,,0
train_1953.jpg,train,OBJECT,OBJECT:무엇,1
train_1954.jpg,train,UNKNOWN,,0
train_1955.jpg,train,OBJECT,OBJECT:무엇,1
train_1956.jpg,train,COMPOSITE,SPELLING:글자;;OBJECT:무엇,2
train_1957.jpg,train,PRICE,PRICE:가격,1
train_1958.jpg,train,COMPOSITE,"SPELLING:이름.{0,3}(뭐|무엇);;OBJECT:무엇",2
train_1959.jpg,train,OBJECT,OBJECT:무엇,1
train_1960.jpg,train,COMPOSITE,"SPELLING:이름.{0,3}(뭐|무엇);;OBJECT:무엇",2
train_1961.jpg,train,UNKNOWN,,0
train_1962.jpg,train,OBJECT,OBJECT:무엇,1
train_1963.jpg,train,OBJECT,OBJECT:무엇,1
train_1964.jpg,train,COMPOSITE,"SPELLING:이름.{0,3}(뭐|무엇);;OBJECT:무엇",2
train_1965.jpg,train,OBJECT,OBJECT:무엇,1
train_1966.jpg,train,OBJECT,OBJECT:있(나요|습니까|어),1
train_1967.jpg,train,UNKNOWN,,0
train_1968.jpg,train,COMPOSITE,"SPELLING:이름.{0,3}(뭐|무엇);;OBJECT:무엇",2
train_1969.jpg,train,OBJECT,OBJECT:무엇,1
train_1970.jpg,train,OBJECT,OBJECT:무엇,1
train_1971.jpg,train,OBJECT,OBJECT:무엇,1
train_1972.jpg,train,OBJECT,OBJECT:무엇,1
train_1973.jpg,train,COMPOSITE,OBJECT:무엇;;RELATION:옆에,2
train_1974.jpg,train,COMPOSITE,OBJECT:무엇;;RELATION:위에,2
train_1975.jpg,train,OBJECT,OBJECT:무엇,1
train_1976.jpg,train,PRICE,PRICE:얼마,1
train_1977.jpg,train,COMPOSITE,NUMBER:번호;;OBJECT:무엇,2
train_1978.jpg,train,COMPOSITE,TABLE:항목;;OBJECT:무엇,2
train_1979.jpg,train,OBJECT,OBJECT:무엇,1
train_1980.jpg,train,OBJECT,OBJECT:무엇,1
train_1981.jpg,train,OBJECT,OBJECT:무엇,1
train_1982.jpg,train,OBJECT,OBJECT:무엇,1
train_1983.jpg,train,PRICE,PRICE:가격,1
train_1984.jpg,train,OBJECT,OBJECT:무엇,1
train_1985.jpg,train,COMPOSITE,"SPELLING:이름.{0,3}(뭐|무엇);;LOGO:브랜드;;OBJECT:무엇",3
train_1986.jpg,train,OBJECT,OBJECT:무엇,1
train_1987.jpg,train,COMPOSITE,OBJECT:무엇;;RELATION:왼쪽,2
train_1988.jpg,train,COMPOSITE,"SPELLING:이름.{0,3}(뭐|무엇);;OBJECT:무엇",2
train_1989.jpg,train,COMPOSITE,"SPELLING:이름.{0,3}(뭐|무엇);;OBJECT:무엇",2
train_1990.jpg,train,UNKNOWN,,0
train_1991.jpg,train,OBJECT,OBJECT:무엇,1
train_1992.jpg,train,OBJECT,OBJECT:무엇,1
train_1993.jpg,train,COMPOSITE,OBJECT:무엇;;RELATION:오른쪽,2
train_1994.jpg,train,TIMEDATE,TIMEDATE:언제,1
train_1995.jpg,train,PRICE,PRICE:얼마,1
train_1996.jpg,train,OBJECT,OBJECT:무엇,1
train_1997.jpg,train,COMPOSITE,"SPELLING:이름.{0,3}(뭐|무엇);;LOGO:브랜드;;OBJECT:무엇",3
train_1998.jpg,train,OBJECT,OBJECT:무엇,1
train_1999.jpg,train,OBJECT,OBJECT:무엇,1
train_2000.jpg,train,OBJECT,OBJECT:무엇,1
train_2001.jpg,train,PRICE,PRICE:가격,1
train_2002.jpg,train,PRICE,PRICE:가격,1
train_2003.jpg,train,COMPOSITE,"SPELLING:이름.{0,3}(뭐|무엇);;OBJECT:무엇",2
train_2004.jpg,train,OBJECT,OBJECT:무엇,1
train_2005.jpg,train,COMPOSITE,TIMEDATE:요일;;OBJECT:무엇,2
train_2006.jpg,train,TIMEDATE,TIMEDATE:언제,1
train_2007.jpg,train,COMPOSITE,"SPELLING:이름.{0,3}(뭐|무엇);;OBJECT:무엇",2
train_2008.jpg,train,NUMBER,NUMBER:몇\s*개,1
train_2009.jpg,train,OBJECT,OBJECT:무엇,1
train_2010.jpg,train,OBJECT,OBJECT:무엇,1
train_2011.jpg,train,PRICE,PRICE:가격,1
train_2012.jpg,train,OBJECT,OBJECT:있(나요|습니까|어),1
train_2013.jpg,train,COMPOSITE,"SPELLING:이름.{0,3}(뭐|무엇);;OBJECT:무엇",2
train_2014.jpg,train,COMPOSITE,"SPELLING:이름.{0,3}(뭐|무엇);;LOGO:브랜드;;OBJECT:무엇",3
train_2015.jpg,train,COMPOSITE,SPELLING:글자;;OBJECT:무엇,2
train_2016.jpg,train,OBJECT,OBJECT:무엇,1
train_2017.jpg,train,OBJECT,OBJECT:무엇,1
train_2018.jpg,train,OBJECT,OBJECT:무엇,1
train_2019.jpg,train,PRICE,PRICE:얼마,1
train_2020.jpg,train,OBJECT,OBJECT:무엇,1
train_2021.jpg,train,COMPOSITE,SPELLING:글자;;OBJECT:무엇;;RELATION:아래,3
train_2022.jpg,train,OBJECT,OBJECT:무엇,1
train_2023.jpg,train,PRICE,PRICE:가격,1
train_2024.jpg,train,TIMEDATE,TIMEDATE:영업\s*시간,1
train_2025.jpg,train,OBJECT,OBJECT:무엇,1
train_2026.jpg,train,COMPOSITE,OBJECT:있(나요|습니까|어);;RELATION:위에,2
train_2027.jpg,train,COMPOSITE,"SPELLING:이름.{0,3}(뭐|무엇);;OBJECT:무엇",2
train_2028.jpg,train,COMPOSITE,"SPELLING:이름.{0,3}(뭐|무엇);;OBJECT:무엇",2
train_2029.jpg,train,OBJECT,OBJECT:무엇,1
train_2030.jpg,train,OBJECT,OBJECT:무엇,1
train_2031.jpg,train,PRICE,PRICE:가격,1
train_2032.jpg,train,TIMEDATE,TIMEDATE:언제,1
train_2033.jpg,train,OBJECT,OBJECT:무엇,1
train_2034.jpg,train,OBJECT,OBJECT:무엇,1
train_2035.jpg,train,OBJECT,OBJECT:무엇,1
train_2036.jpg,train,COMPOSITE,"SPELLING:이름.{0,3}(뭐|무엇);;OBJECT:무엇",2
train_2037.jpg,train,COMPOSITE,PRICE:가격;;OBJECT:무엇,2
train_2038.jpg,train,UNKNOWN,,0
train_2039.jpg,train,COMPOSITE,"SPELLING:이름.{0,3}(뭐|무엇);;OBJECT:무엇",2
train_2040.jpg,train,PRICE,PRICE:가격,1
train_2041.jpg,train,OBJECT,OBJECT:무엇,1
train_2042.jpg,train,UNKNOWN,,0
train_2043.jpg,train,UNKNOWN,,0
train_2044.jpg,train,COMPOSITE,NUMBER:번호;;OBJECT:무엇,2
train_2045.jpg,train,OBJECT,OBJECT:있(나요|습니까|어),1
train_2046.jpg,train,TIMEDATE,TIMEDATE:기간,1
train_2047.jpg,train,COMPOSITE,NUMBER:번호;;OBJECT:무엇,2
train_2048.jpg,train,PRICE,PRICE:얼마,1
train_2049.jpg,train,COMPOSITE,"SPELLING:이름.{0,3}(뭐|무엇);;OBJECT:무엇",2
train_2050.jpg,train,OBJECT,OBJECT:무엇,1
train_2051.jpg,train,OBJECT,OBJECT:무엇,1
train_2052.jpg,train,TIMEDATE,TIMEDATE:언제,1
train_2053.jpg,train,COMPOSITE,NUMBER:번호;;OBJECT:무엇,2
train_2054.jpg,train,UNKNOWN,,0
train_2055.jpg,train,OBJECT,OBJECT:무엇,1
train_2056.jpg,train,COMPOSITE,"SPELLING:이름.{0,3}(뭐|무엇);;OBJECT:무엇",2
train_2057.jpg,train,OBJECT,OBJECT:무엇,1
train_2058.jpg,train,OBJECT,OBJECT:무엇,1
train_2059.jpg,train,OBJECT,OBJECT:무엇,1
train_2060.jpg,train,COMPOSITE,NUMBER:번호;;OBJECT:무엇,2
train_2061.jpg,train,OBJECT,OBJECT:무엇,1
train_2062.jpg,train,COMPOSITE,"SPELLING:이름.{0,3}(뭐|무엇);;OBJECT:무엇",2
train_2063.jpg,train,COMPOSITE,NUMBER:몇\s*개;;OBJECT:있(나요|습니까|어),2
train_2064.jpg,train,PRICE,PRICE:가격,1
train_2065.jpg,train,OBJECT,OBJECT:있(나요|습니까|어),1
train_2066.jpg,train,COMPOSITE,OBJECT:무엇;;RELATION:왼쪽,2
train_2067.jpg,train,OBJECT,OBJECT:있(나요|습니까|어),1
train_2068.jpg,train,OBJECT,OBJECT:무엇,1
train_2069.jpg,train,OBJECT,OBJECT:무엇,1
train_2070.jpg,train,UNKNOWN,,0
train_2071.jpg,train,OBJECT,OBJECT:무엇,1
train_2072.jpg,train,PRICE,PRICE:가격,1
train_2073.jpg,train,OBJECT,OBJECT:무엇,1
train_2074.jpg,train,TIMEDATE,TIMEDATE:날짜,1
train_2075.jpg,train,UNKNOWN,,0
train_2076.jpg,train,COMPOSITE,"SPELLING:이름.{0,3}(뭐|무엇);;OBJECT:무엇",2
train_2077.jpg,train,UNKNOWN,,0
train_2078.jpg,train,COMPOSITE,"SPELLING:이름.{0,3}(뭐|무엇);;LOGO:브랜드;;OBJECT:무엇",3
train_2079.jpg,train,PRICE,PRICE:가격,1
train_2080.jpg,train,PRICE,PRICE:얼마,1
train_2081.jpg,train,TIMEDATE,TIMEDATE:언제,1
train_2082.jpg,train,OBJECT,OBJECT:무엇,1
train_2083.jpg,train,OBJECT,OBJECT:무엇,1
train_2084.jpg,train,OBJECT,OBJECT:무엇,1
train_2085.jpg,train,COMPOSITE,"SPELLING:이름.{0,3}(뭐|무엇);;OBJECT:무엇",2
train_2086.jpg,train,OBJECT,OBJECT:무엇,1
train_2087.jpg,train,COMPOSITE,NUMBER:번호;;OBJECT:무엇,2
train_2088.jpg,train,PRICE,PRICE:가격,1
train_2089.jpg,train,PRICE,PRICE:얼마,1
train_2090.jpg,train,OBJECT,OBJECT:무엇,1
train_2091.jpg,train,COMPOSITE,"SPELLING:이름.{0,3}(뭐|무엇);;OBJECT:무엇",2
train_2092.jpg,train,OBJECT,OBJECT:무엇,1
train_2093.jpg,train,OBJECT,OBJECT:무엇,1
train_2094.jpg,train,OBJECT,OBJECT:무엇,1
train_2095.jpg,train,OBJECT,OBJECT:무엇,1
train_2096.jpg,train,COMPOSITE,OBJECT:무엇;;RELATION:옆에,2
train_2097.jpg,train,PRICE,PRICE:가격,1
train_2098.jpg,train,COMPOSITE,"SPELLING:이름.{0,3}(뭐|무엇);;OBJECT:무엇",2
train_2099.jpg,train,COMPOSITE,"SPELLING:이름.{0,3}(뭐|무엇);;OBJECT:무엇",2
train_2100.jpg,train,TIMEDATE,TIMEDATE:언제,1
train_2101.jpg,train,COMPOSITE,NUMBER:번호;;OBJECT:무엇,2
train_2102.jpg,train,OBJECT,OBJECT:무엇,1
train_2103.jpg,train,OBJECT,OBJECT:무엇,1
train_2104.jpg,train,COMPOSITE,"SPELLING:이름.{0,3}(뭐|무엇);;OBJECT:무엇",2
train_2105.jpg,train,UNKNOWN,,0
train_2106.jpg,train,OBJECT,OBJECT:무엇,1
train_2107.jpg,train,PRICE,PRICE:가격,1
train_2108.jpg,train,OBJECT,OBJECT:무엇,1
train_2109.jpg,train,OBJECT,OBJECT:무엇,1
train_2110.jpg,train,COMPOSITE,NUMBER:번호;;OBJECT:무엇,2
train_2111.jpg,train,OBJECT,OBJECT:무엇,1
train_2112.jpg,train,UNKNOWN,,0
train_2113.jpg,train,UNKNOWN,,0
train_2114.jpg,train,OBJECT,OBJECT:무엇,1
train_2115.jpg,train,COMPOSITE,"SPELLING:이름.{0,3}(뭐|무엇);;OBJECT:무엇",2
train_2116.jpg,train,OBJECT,OBJECT:무엇,1
train_2117.jpg,train,COMPOSITE,"SPELLING:이름.{0,3}(뭐|무엇);;OBJECT:무엇",2
train_2118.jpg,train,COMPOSITE,NUMBER:번호;;OBJECT:무엇;;RELATION:옆에,3
train_2119.jpg,train,PRICE,PRICE:얼마,1
train_2120.jpg,train,COMPOSITE,NUMBER:번호;;OBJECT:무엇,2
train_2121.jpg,train,COMPOSITE,NUMBER:번호;;OBJECT:무엇;;RELATION:오른쪽,3
train_2122.jpg,train,PRICE,PRICE:가격,1
train_2123.jpg,train,COMPOSITE,PRICE:얼마;;NUMBER:개수,2
train_2124.jpg,train,UNKNOWN,,0
train_2125.jpg,train,OBJECT,OBJECT:무엇,1
train_2126.jpg,train,OBJECT,OBJECT:무엇,1
train_2127.jpg,train,TIMEDATE,TIMEDATE:기간,1
train_2128.jpg,train,PRICE,PRICE:가격,1
train_2129.jpg,train,COMPOSITE,"SPELLING:이름.{0,3}(뭐|무엇);;LOGO:브랜드;;OBJECT:무엇",3
train_2130.jpg,train,COMPOSITE,OBJECT:무엇;;RELATION:옆에,2
train_2131.jpg,train,OBJECT,OBJECT:무엇,1
train_2132.jpg,train,UNKNOWN,,0
train_2133.jpg,train,UNKNOWN,,0
train_2134.jpg,train,OBJECT,OBJECT:무엇,1
train_2135.jpg,train,TIMEDATE,TIMEDATE:요일,1
train_2136.jpg,train,OBJECT,OBJECT:무엇,1
train_2137.jpg,train,OBJECT,OBJECT:무엇,1
train_2138.jpg,train,PRICE,PRICE:가격,1
train_2139.jpg,train,PRICE,PRICE:얼마,1
train_2140.jpg,train,UNKNOWN,,0
train_2141.jpg,train,OBJECT,OBJECT:무엇,1
train_2142.jpg,train,OBJECT,OBJECT:있(나요|습니까|어),1
train_2143.jpg,train,TIMEDATE,TIMEDATE:언제,1
train_2144.jpg,train,PRICE,PRICE:얼마,1
train_2145.jpg,train,OBJECT,OBJECT:무엇,1
train_2146.jpg,train,COMPOSITE,"SPELLING:이름.{0,3}(뭐|무엇);;LOGO:브랜드;;OBJECT:무엇",3
train_2147.jpg,train,OBJECT,OBJECT:무엇,1
train_2148.jpg,train,OBJECT,OBJECT:무엇,1
train_2149.jpg,train,PRICE,PRICE:가격,1
train_2150.jpg,train,COMPOSITE,"SPELLING:이름.{0,3}(뭐|무엇);;OBJECT:무엇",2
train_2151.jpg,train,OBJECT,OBJECT:무엇,1
train_2152.jpg,train,OBJECT,OBJECT:무엇,1
train_2153.jpg,train,COMPOSITE,OBJECT:무엇;;RELATION:위에,2
train_2154.jpg,train,COMPOSITE,"SPELLING:이름.{0,3}(뭐|무엇);;OBJECT:무엇",2
train_2155.jpg,train,COMPOSITE,NUMBER:번호;;OBJECT:무엇,2
train_2156.jpg,train,COMPOSITE,PRICE:가격;;OBJECT:무엇,2
train_2157.jpg,train,OBJECT,OBJECT:무엇,1
train_2158.jpg,train,OBJECT,OBJECT:무엇,1
train_2159.jpg,train,COMPOSITE,SPELLING:글자;;OBJECT:무엇,2
train_2160.jpg,train,OBJECT,OBJECT:무엇,1
train_2161.jpg,train,OBJECT,OBJECT:무엇,1
train_2162.jpg,train,OBJECT,OBJECT:있(나요|습니까|어),1
train_2163.jpg,train,OBJECT,OBJECT:무엇,1
train_2164.jpg,train,COMPOSITE,PRICE:가격;;OBJECT:무엇,2
train_2165.jpg,train,COMPOSITE,PRICE:가격;;OBJECT:무엇,2
train_2166.jpg,train,COMPOSITE,"SPELLING:이름.{0,3}(뭐|무엇);;OBJECT:무엇",2
train_2167.jpg,train,OBJECT,OBJECT:무엇,1
train_2168.jpg,train,OBJECT,OBJECT:무엇,1
train_2169.jpg,train,OBJECT,OBJECT:무엇,1
train_2170.jpg,train,OBJECT,OBJECT:무엇,1
train_2171.jpg,train,COMPOSITE,"SPELLING:이름.{0,3}(뭐|무엇);;OBJECT:무엇",2
train_2172.jpg,train,COMPOSITE,NUMBER:번호;;OBJECT:무엇,2
train_2173.jpg,train,OBJECT,OBJECT:무엇,1
train_2174.jpg,train,PRICE,PRICE:가격,1
train_2175.jpg,train,OBJECT,OBJECT:무엇,1
train_2176.jpg,train,PRICE,PRICE:가격,1
train_2177.jpg,train,OBJECT,OBJECT:무엇,1
train_2178.jpg,train,COMPOSITE,SPELLING:글자;;OBJECT:무엇,2
train_2179.jpg,train,OBJECT,OBJECT:무엇,1
train_2180.jpg,train,OBJECT,OBJECT:무엇,1
train_2181.jpg,train,OBJECT,OBJECT:무엇,1
train_2182.jpg,train,OBJECT,OBJECT:무엇,1
train_2183.jpg,train,COMPOSITE,OBJECT:무엇;;RELATION:옆에,2
train_2184.jpg,train,OBJECT,OBJECT:무엇,1
train_2185.jpg,train,OBJECT,OBJECT:무엇,1
train_2186.jpg,train,PRICE,PRICE:원가,1
train_2187.jpg,train,OBJECT,OBJECT:무엇,1
train_2188.jpg,train,OBJECT,OBJECT:무엇,1
train_2189.jpg,train,PRICE,PRICE:가격,1
train_2190.jpg,train,OBJECT,OBJECT:무엇,1
train_2191.jpg,train,OBJECT,OBJECT:있(나요|습니까|어),1
train_2192.jpg,train,COMPOSITE,NUMBER:번호;;OBJECT:무엇,2
train_2193.jpg,train,COMPOSITE,"SPELLING:이름.{0,3}(뭐|무엇);;OBJECT:무엇",2
train_2194.jpg,train,OBJECT,OBJECT:무엇,1
train_2195.jpg,train,COMPOSITE,"SPELLING:이름.{0,3}(뭐|무엇);;OBJECT:무엇",2
train_2196.jpg,train,OBJECT,OBJECT:있(나요|습니까|어),1
train_2197.jpg,train,PRICE,PRICE:가격,1
train_2198.jpg,train,TIMEDATE,TIMEDATE:기간,1
train_2199.jpg,train,OBJECT,OBJECT:무엇,1
train_2200.jpg,train,PRICE,PRICE:얼마,1
train_2201.jpg,train,UNKNOWN,,0
train_2202.jpg,train,COMPOSITE,NUMBER:번호;;OBJECT:무엇,2
train_2203.jpg,train,PRICE,PRICE:얼마,1
train_2204.jpg,train,TIMEDATE,TIMEDATE:기간,1
train_2205.jpg,train,COMPOSITE,"SPELLING:이름.{0,3}(뭐|무엇);;OBJECT:무엇",2
train_2206.jpg,train,PRICE,PRICE:가격,1
train_2207.jpg,train,OBJECT,OBJECT:무엇,1
train_2208.jpg,train,OBJECT,OBJECT:무엇,1
train_2209.jpg,train,OBJECT,OBJECT:무엇,1
train_2210.jpg,train,OBJECT,OBJECT:무엇,1
train_2211.jpg,train,COMPOSITE,PRICE:가격;;OBJECT:무엇,2
train_2212.jpg,train,OBJECT,OBJECT:무엇,1
train_2213.jpg,train,UNKNOWN,,0
train_2214.jpg,train,PRICE,PRICE:가격,1
train_2215.jpg,train,COMPOSITE,NUMBER:번호;;OBJECT:무엇,2
train_2216.jpg,train,PRICE,PRICE:가격,1
train_2217.jpg,train,OBJECT,OBJECT:무엇,1
train_2218.jpg,train,COMPOSITE,OBJECT:무엇;;RELATION:위에,2
train_2219.jpg,train,OBJECT,OBJECT:무엇,1
train_2220.jpg,train,UNKNOWN,,0
train_2221.jpg,train,OBJECT,OBJECT:무엇,1
train_2222.jpg,train,COMPOSITE,NUMBER:번호;;OBJECT:무엇,2
train_2223.jpg,train,OBJECT,OBJECT:무엇,1
train_2224.jpg,train,OBJECT,OBJECT:무엇,1
train_2225.jpg,train,OBJECT,OBJECT:무엇,1
train_2226.jpg,train,COMPOSITE,"SPELLING:이름.{0,3}(뭐|무엇);;OBJECT:무엇",2
train_2227.jpg,train,OBJECT,OBJECT:있(나요|습니까|어),1
train_2228.jpg,train,OBJECT,OBJECT:무엇,1
train_2229.jpg,train,OBJECT,OBJECT:무엇,1
train_2230.jpg,train,PRICE,PRICE:가격,1
train_2231.jpg,train,PRICE,PRICE:얼마,1
train_2232.jpg,train,COMPOSITE,"SPELLING:이름.{0,3}(뭐|무엇);;OBJECT:무엇",2
train_2233.jpg,train,COMPOSITE,"SPELLING:이름.{0,3}(뭐|무엇);;OBJECT:무엇",2
train_2234.jpg,train,OBJECT,OBJECT:무엇,1
train_2235.jpg,train,COMPOSITE,"SPELLING:이름.{0,3}(뭐|무엇);;LOGO:브랜드;;OBJECT:무엇",3
train_2236.jpg,train,OBJECT,OBJECT:무엇,1
train_2237.jpg,train,COMPOSITE,"SPELLING:이름.{0,3}(뭐|무엇);;OBJECT:무엇",2
train_2238.jpg,train,COMPOSITE,SPELLING:글자;;OBJECT:무엇,2
train_2239.jpg,train,PRICE,PRICE:가격,1
train_2240.jpg,train,PRICE,PRICE:가격,1
train_2241.jpg,train,UNKNOWN,,0
train_2242.jpg,train,OBJECT,OBJECT:무엇,1
train_2243.jpg,train,OBJECT,OBJECT:무엇,1
train_2244.jpg,train,COMPOSITE,"SPELLING:이름.{0,3}(뭐|무엇);;OBJECT:무엇",2
train_2245.jpg,train,UNKNOWN,,0
train_2246.jpg,train,OBJECT,OBJECT:무엇,1
train_2247.jpg,train,OBJECT,OBJECT:무엇,1
train_2248.jpg,train,OBJECT,OBJECT:무엇,1
train_2249.jpg,train,OBJECT,OBJECT:무엇,1
train_2250.jpg,train,COMPOSITE,"SPELLING:이름.{0,3}(뭐|무엇);;OBJECT:무엇;;RELATION:왼쪽",3
train_2251.jpg,train,OBJECT,OBJECT:무엇,1
train_2252.jpg,train,COMPOSITE,NUMBER:몇\s*번;;OBJECT:있(나요|습니까|어),2
train_2253.jpg,train,PRICE,PRICE:가격,1
train_2254.jpg,train,UNKNOWN,,0
train_2255.jpg,train,COMPOSITE,"SPELLING:이름.{0,3}(뭐|무엇);;LOGO:브랜드;;OBJECT:무엇",3
train_2256.jpg,train,COMPOSITE,"SPELLING:이름.{0,3}(뭐|무엇);;OBJECT:무엇",2
train_2257.jpg,train,OBJECT,OBJECT:무엇,1
train_2258.jpg,train,COMPOSITE,"SPELLING:이름.{0,3}(뭐|무엇);;OBJECT:무엇",2
train_2259.jpg,train,COMPOSITE,"SPELLING:이름.{0,3}(뭐|무엇);;OBJECT:무엇",2
train_2260.jpg,train,PRICE,PRICE:가격,1
train_2261.jpg,train,OBJECT,OBJECT:무엇,1
train_2262.jpg,train,OBJECT,OBJECT:무엇,1
train_2263.jpg,train,OBJECT,OBJECT:무엇,1
train_2264.jpg,train,OBJECT,OBJECT:무엇,1
train_2265.jpg,train,COMPOSITE,"SPELLING:이름.{0,3}(뭐|무엇);;OBJECT:무엇",2
train_2266.jpg,train,COMPOSITE,"SPELLING:이름.{0,3}(뭐|무엇);;OBJECT:무엇",2
train_2267.jpg,train,PRICE,PRICE:가격,1
train_2268.jpg,train,COMPOSITE,NUMBER:번호;;OBJECT:무엇,2
train_2269.jpg,train,OBJECT,OBJECT:무엇,1
train_2270.jpg,train,COMPOSITE,"SPELLING:이름.{0,3}(뭐|무엇);;LOGO:브랜드;;OBJECT:무엇",3
train_2271.jpg,train,OBJECT,OBJECT:무엇,1
train_2272.jpg,train,OBJECT,OBJECT:무엇,1
train_2273.jpg,train,PRICE,PRICE:가격,1
train_2274.jpg,train,OBJECT,OBJECT:무엇,1
train_2275.jpg,train,UNKNOWN,,0
train_2276.jpg,train,OBJECT,OBJECT:무엇,1
train_2277.jpg,train,COMPOSITE,"SPELLING:이름.{0,3}(뭐|무엇);;OBJECT:무엇",2
train_2278.jpg,train,PRICE,PRICE:가격,1
train_2279.jpg,train,COMPOSITE,"SPELLING:이름.{0,3}(뭐|무엇);;OBJECT:무엇",2
train_2280.jpg,train,COMPOSITE,NUMBER:번호;;OBJECT:무엇,2
train_2281.jpg,train,OBJECT,OBJECT:무엇,1
train_2282.jpg,train,COMPOSITE,SPELLING:글자;;OBJECT:무엇,2
train_2283.jpg,train,UNKNOWN,,0
train_2284.jpg,train,PRICE,PRICE:얼마,1
train_2285.jpg,train,OBJECT,OBJECT:있(나요|습니까|어),1
train_2286.jpg,train,COMPOSITE,"SPELLING:이름.{0,3}(뭐|무엇);;OBJECT:무엇",2
train_2287.jpg,train,PRICE,PRICE:가격,1
train_2288.jpg,train,OBJECT,OBJECT:무엇,1
train_2289.jpg,train,UNKNOWN,,0
train_2290.jpg,train,OBJECT,OBJECT:무엇,1
train_2291.jpg,train,OBJECT,OBJECT:무엇,1
train_2292.jpg,train,COMPOSITE,NUMBER:몇\s*개;;OBJECT:있(나요|습니까|어),2
train_2293.jpg,train,OBJECT,OBJECT:무엇,1
train_2294.jpg,train,PRICE,PRICE:가격,1
train_2295.jpg,train,OBJECT,OBJECT:무엇,1
train_2296.jpg,train,UNKNOWN,,0
train_2297.jpg,train,PRICE,PRICE:얼마,1
train_2298.jpg,train,OBJECT,OBJECT:무엇,1
train_2299.jpg,train,OBJECT,OBJECT:있(나요|습니까|어),1
train_2300.jpg,train,PRICE,PRICE:얼마,1
train_2301.jpg,train,COMPOSITE,"SPELLING:이름.{0,3}(뭐|무엇);;LOGO:브랜드;;OBJECT:무엇",3
train_2302.jpg,train,COMPOSITE,"SPELLING:이름.{0,3}(뭐|무엇);;OBJECT:무엇",2
train_2303.jpg,train,OBJECT,OBJECT:무엇,1
train_2304.jpg,train,OBJECT,OBJECT:무엇,1
train_2305.jpg,train,OBJECT,OBJECT:무엇,1
train_2306.jpg,train,PRICE,PRICE:가격,1
train_2307.jpg,train,OBJECT,OBJECT:무엇,1
train_2308.jpg,train,OBJECT,OBJECT:무엇,1
train_2309.jpg,train,OBJECT,OBJECT:무엇,1
train_2310.jpg,train,UNKNOWN,,0
train_2311.jpg,train,OBJECT,OBJECT:무엇,1
train_2312.jpg,train,UNKNOWN,,0
train_2313.jpg,train,OBJECT,OBJECT:무엇,1
train_2314.jpg,train,PRICE,PRICE:얼마,1
train_2315.jpg,train,OBJECT,OBJECT:무엇,1
train_2316.jpg,train,NUMBER,NUMBER:몇\s*개,1
train_2317.jpg,train,UNKNOWN,,0
train_2318.jpg,train,COMPOSITE,"SPELLING:이름.{0,3}(뭐|무엇);;LOGO:브랜드;;OBJECT:무엇",3
train_2319.jpg,train,COMPOSITE,SPELLING:글자;;OBJECT:무엇,2
train_2320.jpg,train,OBJECT,OBJECT:무엇,1
train_2321.jpg,train,OBJECT,OBJECT:무엇,1
train_2322.jpg,train,COMPOSITE,"SPELLING:이름.{0,3}(뭐|무엇);;OBJECT:무엇",2
train_2323.jpg,train,OBJECT,OBJECT:무엇,1
train_2324.jpg,train,OBJECT,OBJECT:무엇,1
train_2325.jpg,train,PRICE,PRICE:가격,1
train_2326.jpg,train,OBJECT,OBJECT:무엇,1
train_2327.jpg,train,TIMEDATE,TIMEDATE:기간,1
train_2328.jpg,train,UNKNOWN,,0
train_2329.jpg,train,OBJECT,OBJECT:무엇,1
train_2330.jpg,train,PRICE,PRICE:가격,1
train_2331.jpg,train,COMPOSITE,"SPELLING:이름.{0,3}(뭐|무엇);;OBJECT:무엇",2
train_2332.jpg,train,COMPOSITE,LOGO:브랜드;;OBJECT:무엇,2
train_2333.jpg,train,OBJECT,OBJECT:무엇,1
train_2334.jpg,train,PRICE,PRICE:가격,1
train_2335.jpg,train,NUMBER,NUMBER:번호,1
train_2336.jpg,train,COMPOSITE,"SPELLING:이름.{0,3}(뭐|무엇);;OBJECT:무엇",2
train_2337.jpg,train,OBJECT,OBJECT:무엇,1
train_2338.jpg,train,PRICE,PRICE:가격,1
train_2339.jpg,train,OBJECT,OBJECT:무엇,1
train_2340.jpg,train,OBJECT,OBJECT:무엇,1
train_2341.jpg,train,OBJECT,OBJECT:무엇,1
train_2342.jpg,train,PRICE,PRICE:얼마,1
train_2343.jpg,train,OBJECT,OBJECT:무엇,1
train_2344.jpg,train,TIMEDATE,TIMEDATE:기간,1
train_2345.jpg,train,OBJECT,OBJECT:무엇,1
train_2346.jpg,train,COMPOSITE,"SPELLING:이름.{0,3}(뭐|무엇);;OBJECT:무엇",2
train_2347.jpg,train,OBJECT,OBJECT:있(나요|습니까|어),1
train_2348.jpg,train,NUMBER,NUMBER:번호,1
train_2349.jpg,train,UNKNOWN,,0
train_2350.jpg,train,LOGO,LOGO:브랜드,1
train_2351.jpg,train,OBJECT,OBJECT:무엇,1
train_2352.jpg,train,TIMEDATE,TIMEDATE:언제,1
train_2353.jpg,train,TIMEDATE,TIMEDATE:언제,1
train_2354.jpg,train,OBJECT,OBJECT:무엇,1
train_2355.jpg,train,OBJECT,OBJECT:무엇,1
train_2356.jpg,train,UNKNOWN,,0
train_2357.jpg,train,OBJECT,OBJECT:무엇,1
train_2358.jpg,train,UNKNOWN,,0
train_2359.jpg,train,PRICE,PRICE:얼마,1
train_2360.jpg,train,OBJECT,OBJECT:무엇,1
train_2361.jpg,train,OBJECT,OBJECT:무엇,1
train_2362.jpg,train,OBJECT,OBJECT:무엇,1
train_2363.jpg,train,OBJECT,OBJECT:무엇,1
train_2364.jpg,train,OBJECT,OBJECT:무엇,1
train_2365.jpg,train,PRICE,PRICE:얼마,1
train_2366.jpg,train,COMPOSITE,"SPELLING:이름.{0,3}(뭐|무엇);;OBJECT:무엇",2
train_2367.jpg,train,OBJECT,OBJECT:있(나요|습니까|어),1
train_2368.jpg,train,OBJECT,OBJECT:무엇,1
train_2369.jpg,train,COMPOSITE,NUMBER:번호;;OBJECT:무엇,2
train_2370.jpg,train,UNKNOWN,,0
train_2371.jpg,train,COMPOSITE,OBJECT:무엇;;RELATION:옆에,2
train_2372.jpg,train,OBJECT,OBJECT:무엇,1
train_2373.jpg,train,TIMEDATE,TIMEDATE:언제,1
train_2374.jpg,train,TIMEDATE,TIMEDATE:영업\s*시간,1
train_2375.jpg,train,NUMBER,NUMBER:번호,1
train_2376.jpg,train,TIMEDATE,TIMEDATE:언제,1
train_2377.jpg,train,OBJECT,OBJECT:무엇,1
train_2378.jpg,train,OBJECT,OBJECT:무엇,1
train_2379.jpg,train,OBJECT,OBJECT:무엇,1
train_2380.jpg,train,COMPOSITE,"SPELLING:이름.{0,3}(뭐|무엇);;OBJECT:무엇",2
train_2381.jpg,train,COMPOSITE,"SPELLING:이름.{0,3}(뭐|무엇);;OBJECT:무엇",2
train_2382.jpg,train,OBJECT,OBJECT:무엇,1
train_2383.jpg,train,OBJECT,OBJECT:무엇,1
train_2384.jpg,train,UNKNOWN,,0
train_2385.jpg,train,COMPOSITE,"SPELLING:이름.{0,3}(뭐|무엇);;LOGO:브랜드;;OBJECT:무엇",3
train_2386.jpg,train,OBJECT,OBJECT:무엇,1
train_2387.jpg,train,COMPOSITE,NUMBER:번호;;OBJECT:무엇,2
train_2388.jpg,train,TIMEDATE,TIMEDATE:날짜,1
train_2389.jpg,train,OBJECT,OBJECT:무엇,1
train_2390.jpg,train,COMPOSITE,SPELLING:글자;;OBJECT:무엇,2
train_2391.jpg,train,UNKNOWN,,0
train_2392.jpg,train,UNKNOWN,,0
train_2393.jpg,train,UNKNOWN,,0
train_2394.jpg,train,COMPOSITE,PRICE:가격;;OBJECT:무엇,2
train_2395.jpg,train,PRICE,PRICE:얼마,1
train_2396.jpg,train,PRICE,PRICE:가격,1
train_2397.jpg,train,PRICE,PRICE:얼마,1
train_2398.jpg,train,TIMEDATE,TIMEDATE:몇\s*시,1
train_2399.jpg,train,UNKNOWN,,0
train_2400.jpg,train,OBJECT,OBJECT:무엇,1
train_2401.jpg,train,OBJECT,OBJECT:무엇,1
train_2402.jpg,train,COMPOSITE,SPELLING:글자;;OBJECT:무엇,2
train_2403.jpg,train,OBJECT,OBJECT:무엇,1
train_2404.jpg,train,PRICE,PRICE:가격,1
train_2405.jpg,train,OBJECT,OBJECT:있(나요|습니까|어),1
train_2406.jpg,train,COMPOSITE,"SPELLING:이름.{0,3}(뭐|무엇);;OBJECT:무엇",2
train_2407.jpg,train,PRICE,PRICE:가격,1
train_2408.jpg,train,COMPOSITE,TIMEDATE:영업\s*시간;;OBJECT:있(나요|습니까|어),2
train_2409.jpg,train,COMPOSITE,"SPELLING:이름.{0,3}(뭐|무엇);;OBJECT:무엇",2
train_2410.jpg,train,TIMEDATE,TIMEDATE:기간,1
train_2411.jpg,train,OBJECT,OBJECT:무엇,1
train_2412.jpg,train,OBJECT,OBJECT:무엇,1
train_2413.jpg,train,OBJECT,OBJECT:무엇,1
train_2414.jpg,train,PRICE,PRICE:가격,1
train_2415.jpg,train,OBJECT,OBJECT:무엇,1
train_2416.jpg,train,COMPOSITE,"SPELLING:이름.{0,3}(뭐|무엇);;OBJECT:무엇",2
train_2417.jpg,train,COMPOSITE,"SPELLING:이름.{0,3}(뭐|무엇);;OBJECT:무엇",2
train_2418.jpg,train,COMPOSITE,NUMBER:번호;;OBJECT:무엇,2
train_2419.jpg,train,OBJECT,OBJECT:무엇,1
train_2420.jpg,train,COMPOSITE,"SPELLING:이름.{0,3}(뭐|무엇);;OBJECT:무엇",2
train_2421.jpg,train,OBJECT,OBJECT:무엇,1
train_2422.jpg,train,PRICE,PRICE:얼마,1
train_2423.jpg,train,OBJECT,OBJECT:무엇,1
train_2424.jpg,train,OBJECT,OBJECT:무엇,1
train_2425.jpg,train,COMPOSITE,OBJECT:무엇;;RELATION:오른쪽,2
train_2426.jpg,train,OBJECT,OBJECT:있(나요|습니까|어),1
train_2427.jpg,train,COMPOSITE,"SPELLING:이름.{0,3}(뭐|무엇);;OBJECT:무엇",2
train_2428.jpg,train,OBJECT,OBJECT:무엇,1
train_2429.jpg,train,UNKNOWN,,0
train_2430.jpg,train,OBJECT,OBJECT:무엇,1
train_2431.jpg,train,OBJECT,OBJECT:있(나요|습니까|어),1
train_2432.jpg,train,UNKNOWN,,0
train_2433.jpg,train,OBJECT,OBJECT:있(나요|습니까|어),1
train_2434.jpg,train,OBJECT,OBJECT:무엇,1
train_2435.jpg,train,UNKNOWN,,0
train_2436.jpg,train,OBJECT,OBJECT:무엇,1
train_2437.jpg,train,OBJECT,OBJECT:무엇,1
train_2438.jpg,train,COMPOSITE,LOGO:브랜드;;OBJECT:무엇,2
train_2439.jpg,train,OBJECT,OBJECT:무엇,1
train_2440.jpg,train,COMPOSITE,SPELLING:글자;;OBJECT:무엇,2
train_2441.jpg,train,COMPOSITE,"SPELLING:이름.{0,3}(뭐|무엇);;OBJECT:무엇",2
train_2442.jpg,train,PRICE,PRICE:얼마,1
train_2443.jpg,train,OBJECT,OBJECT:무엇,1
train_2444.jpg,train,COMPOSITE,"SPELLING:이름.{0,3}(뭐|무엇);;OBJECT:무엇",2
train_2445.jpg,train,COMPOSITE,"SPELLING:이름.{0,3}(뭐|무엇);;OBJECT:무엇",2
train_2446.jpg,train,PRICE,PRICE:가격,1
train_2447.jpg,train,OBJECT,OBJECT:무엇,1
train_2448.jpg,train,UNKNOWN,,0
train_2449.jpg,train,OBJECT,OBJECT:있(나요|습니까|어),1
train_2450.jpg,train,COMPOSITE,NUMBER:번호;;OBJECT:무엇,2
train_2451.jpg,train,COMPOSITE,"SPELLING:이름.{0,3}(뭐|무엇);;OBJECT:무엇",2
train_2452.jpg,train,OBJECT,OBJECT:있(나요|습니까|어),1
train_2453.jpg,train,COMPOSITE,"SPELLING:이름.{0,3}(뭐|무엇);;LOGO:브랜드;;OBJECT:무엇",3
train_2454.jpg,train,COMPOSITE,NUMBER:번호;;OBJECT:무엇,2
train_2455.jpg,train,OBJECT,OBJECT:무엇,1
train_2456.jpg,train,OBJECT,OBJECT:무엇,1
train_2457.jpg,train,OBJECT,OBJECT:무엇,1
train_2458.jpg,train,OBJECT,OBJECT:무엇,1
train_2459.jpg,train,UNKNOWN,,0
train_2460.jpg,train,OBJECT,OBJECT:있(나요|습니까|어),1
train_2461.jpg,train,OBJECT,OBJECT:무엇,1
train_2462.jpg,train,COMPOSITE,LOGO:브랜드;;OBJECT:무엇,2
train_2463.jpg,train,COMPOSITE,PRICE:얼마;;RELATION:오른쪽,2
train_2464.jpg,train,OBJECT,OBJECT:무엇,1
train_2465.jpg,train,OBJECT,OBJECT:무엇,1
train_2466.jpg,train,OBJECT,OBJECT:무엇,1
train_2467.jpg,train,COMPOSITE,NUMBER:번호;;OBJECT:무엇,2
train_2468.jpg,train,COMPOSITE,SPELLING:글자;;OBJECT:무엇,2
train_2469.jpg,train,OBJECT,OBJECT:무엇,1
train_2470.jpg,train,OBJECT,OBJECT:무엇,1
train_2471.jpg,train,COMPOSITE,SPELLING:글자;;OBJECT:무엇,2
train_2472.jpg,train,PRICE,PRICE:얼마,1
train_2473.jpg,train,OBJECT,OBJECT:무엇,1
train_2474.jpg,train,PRICE,PRICE:얼마,1
train_2475.jpg,train,COMPOSITE,"SPELLING:이름.{0,3}(뭐|무엇);;OBJECT:무엇",2
train_2476.jpg,train,OBJECT,OBJECT:무엇,1
train_2477.jpg,train,COMPOSITE,"SPELLING:이름.{0,3}(뭐|무엇);;OBJECT:무엇",2
train_2478.jpg,train,PRICE,PRICE:가격,1
train_2479.jpg,train,UNKNOWN,,0
train_2480.jpg,train,OBJECT,OBJECT:무엇,1
train_2481.jpg,train,OBJECT,OBJECT:무엇,1
train_2482.jpg,train,OBJECT,OBJECT:무엇,1
train_2483.jpg,train,COMPOSITE,LOGO:브랜드;;OBJECT:무엇,2
train_2484.jpg,train,COMPOSITE,"SPELLING:이름.{0,3}(뭐|무엇);;OBJECT:무엇",2
train_2485.jpg,train,COMPOSITE,"SPELLING:이름.{0,3}(뭐|무엇);;OBJECT:무엇",2
train_2486.jpg,train,OBJECT,OBJECT:무엇,1
train_2487.jpg,train,PRICE,PRICE:가격,1
train_2488.jpg,train,TIMEDATE,TIMEDATE:기간,1
train_2489.jpg,train,OBJECT,OBJECT:있(나요|습니까|어),1
train_2490.jpg,train,COMPOSITE,TIMEDATE:몇\s*시;;OBJECT:있(나요|습니까|어),2
train_2491.jpg,train,UNKNOWN,,0
train_2492.jpg,train,COMPOSITE,"SPELLING:이름.{0,3}(뭐|무엇);;OBJECT:무엇",2
train_2493.jpg,train,UNKNOWN,,0
train_2494.jpg,train,OBJECT,OBJECT:무엇,1
train_2495.jpg,train,OBJECT,OBJECT:무엇,1
train_2496.jpg,train,OBJECT,OBJECT:있(나요|습니까|어),1
train_2497.jpg,train,PRICE,PRICE:얼마,1
train_2498.jpg,train,PRICE,PRICE:가격,1
train_2499.jpg,train,OBJECT,OBJECT:무엇,1
train_2500.jpg,train,COMPOSITE,TABLE:항목;;OBJECT:무엇,2
train_2501.jpg,train,OBJECT,OBJECT:무엇,1
train_2502.jpg,train,COMPOSITE,"SPELLING:이름.{0,3}(뭐|무엇);;OBJECT:무엇",2
train_2503.jpg,train,TIMEDATE,TIMEDATE:기간,1
train_2504.jpg,train,OBJECT,OBJECT:있(나요|습니까|어),1
train_2505.jpg,train,TIMEDATE,TIMEDATE:기간,1
train_2506.jpg,train,OBJECT,OBJECT:무엇,1
train_2507.jpg,train,COMPOSITE,OBJECT:무엇;;RELATION:위에,2
train_2508.jpg,train,PRICE,PRICE:가격,1
train_2509.jpg,train,COMPOSITE,NUMBER:번호;;OBJECT:무엇,2
train_2510.jpg,train,OBJECT,OBJECT:무엇,1
train_2511.jpg,train,UNKNOWN,,0
train_2512.jpg,train,OBJECT,OBJECT:무엇,1
train_2513.jpg,train,COMPOSITE,NUMBER:번호;;OBJECT:무엇,2
train_2514.jpg,train,OBJECT,OBJECT:무엇,1
train_2515.jpg,train,COMPOSITE,"SPELLING:이름.{0,3}(뭐|무엇);;OBJECT:무엇",2
train_2516.jpg,train,COMPOSITE,"SPELLING:이름.{0,3}(뭐|무엇);;LOGO:브랜드;;OBJECT:무엇",3
train_2517.jpg,train,COMPOSITE,"SPELLING:이름.{0,3}(뭐|무엇);;OBJECT:무엇",2
train_2518.jpg,train,PRICE,PRICE:가격,1
train_2519.jpg,train,COMPOSITE,NUMBER:번호;;OBJECT:있(나요|습니까|어),2
train_2520.jpg,train,OBJECT,OBJECT:무엇,1
train_2521.jpg,train,COMPOSITE,"SPELLING:이름.{0,3}(뭐|무엇);;OBJECT:무엇",2
train_2522.jpg,train,COMPOSITE,OBJECT:무엇;;RELATION:왼쪽,2
train_2523.jpg,train,PRICE,PRICE:가격,1
train_2524.jpg,train,COMPOSITE,TIMEDATE:몇\s*시;;OBJECT:있(나요|습니까|어),2
train_2525.jpg,train,PRICE,PRICE:얼마,1
train_2526.jpg,train,COMPOSITE,"SPELLING:이름.{0,3}(뭐|무엇);;LOGO:브랜드;;OBJECT:무엇",3
train_2527.jpg,train,UNKNOWN,,0
train_2528.jpg,train,OBJECT,OBJECT:무엇,1
train_2529.jpg,train,PRICE,PRICE:얼마,1
train_2530.jpg,train,TIMEDATE,TIMEDATE:언제,1
train_2531.jpg,train,COMPOSITE,SPELLING:글자;;OBJECT:무엇,2
train_2532.jpg,train,OBJECT,OBJECT:무엇,1
train_2533.jpg,train,COMPOSITE,NUMBER:번호;;OBJECT:무엇,2
train_2534.jpg,train,COMPOSITE,"SPELLING:이름.{0,3}(뭐|무엇);;OBJECT:무엇",2
train_2535.jpg,train,OBJECT,OBJECT:무엇,1
train_2536.jpg,train,COMPOSITE,OBJECT:무엇;;RELATION:아래,2
train_2537.jpg,train,OBJECT,OBJECT:무엇,1
train_2538.jpg,train,COMPOSITE,NUMBER:번호;;OBJECT:무엇,2
train_2539.jpg,train,COMPOSITE,NUMBER:번호;;OBJECT:무엇,2
train_2540.jpg,train,COMPOSITE,"SPELLING:이름.{0,3}(뭐|무엇);;OBJECT:무엇",2
train_2541.jpg,train,OBJECT,OBJECT:있(나요|습니까|어),1
train_2542.jpg,train,OBJECT,OBJECT:있(나요|습니까|어),1
train_2543.jpg,train,COMPOSITE,NUMBER:번호;;OBJECT:사물,2
train_2544.jpg,train,COMPOSITE,"SPELLING:이름.{0,3}(뭐|무엇);;OBJECT:무엇",2
train_2545.jpg,train,OBJECT,OBJECT:있(나요|습니까|어),1
train_2546.jpg,train,COMPOSITE,NUMBER:번호;;OBJECT:무엇,2
train_2547.jpg,train,OBJECT,OBJECT:있(나요|습니까|어),1
train_2548.jpg,train,OBJECT,OBJECT:무엇,1
train_2549.jpg,train,COMPOSITE,"SPELLING:이름.{0,3}(뭐|무엇);;LOGO:브랜드;;OBJECT:무엇",3
train_2550.jpg,train,TIMEDATE,TIMEDATE:날짜,1
train_2551.jpg,train,COMPOSITE,"SPELLING:이름.{0,3}(뭐|무엇);;OBJECT:무엇",2
train_2552.jpg,train,COMPOSITE,TABLE:항목;;OBJECT:무엇,2
train_2553.jpg,train,COMPOSITE,"SPELLING:이름.{0,3}(뭐|무엇);;OBJECT:무엇",2
train_2554.jpg,train,COMPOSITE,"SPELLING:이름.{0,3}(뭐|무엇);;OBJECT:무엇",2
train_2555.jpg,train,UNKNOWN,,0
train_2556.jpg,train,PRICE,PRICE:얼마,1
train_2557.jpg,train,COMPOSITE,"SPELLING:이름.{0,3}(뭐|무엇);;OBJECT:무엇",2
train_2558.jpg,train,COMPOSITE,"SPELLING:이름.{0,3}(뭐|무엇);;OBJECT:무엇",2
train_2559.jpg,train,COMPOSITE,PRICE:가격;;OBJECT:무엇,2
train_2560.jpg,train,PRICE,PRICE:가격,1
train_2561.jpg,train,OBJECT,OBJECT:무엇,1
train_2562.jpg,train,TIMEDATE,TIMEDATE:영업\s*시간,1
train_2563.jpg,train,PRICE,PRICE:얼마,1
train_2564.jpg,train,COMPOSITE,"SPELLING:이름.{0,3}(뭐|무엇);;OBJECT:무엇",2
train_2565.jpg,train,COMPOSITE,NUMBER:번호;;OBJECT:무엇,2
train_2566.jpg,train,COMPOSITE,"SPELLING:이름.{0,3}(뭐|무엇);;OBJECT:무엇;;RELATION:옆에",3
train_2567.jpg,train,UNKNOWN,,0
train_2568.jpg,train,COMPOSITE,"SPELLING:이름.{0,3}(뭐|무엇);;OBJECT:무엇",2
train_2569.jpg,train,OBJECT,OBJECT:무엇,1
train_2570.jpg,train,OBJECT,OBJECT:무엇,1
train_2571.jpg,train,OBJECT,OBJECT:무엇,1
train_2572.jpg,train,OBJECT,OBJECT:무엇,1
train_2573.jpg,train,COMPOSITE,"SPELLING:이름.{0,3}(뭐|무엇);;OBJECT:무엇",2
train_2574.jpg,train,OBJECT,OBJECT:무엇,1
train_2575.jpg,train,UNKNOWN,,0
train_2576.jpg,train,COMPOSITE,NUMBER:몇\s*번;;TABLE:항목,2
train_2577.jpg,train,OBJECT,OBJECT:무엇,1
train_2578.jpg,train,PRICE,PRICE:얼마,1
train_2579.jpg,train,COMPOSITE,SPELLING:글자;;OBJECT:무엇,2
train_2580.jpg,train,OBJECT,OBJECT:무엇,1
train_2581.jpg,train,COMPOSITE,"SPELLING:이름.{0,3}(뭐|무엇);;OBJECT:무엇",2
train_2582.jpg,train,OBJECT,OBJECT:있(나요|습니까|어),1
train_2583.jpg,train,OBJECT,OBJECT:무엇,1
train_2584.jpg,train,OBJECT,OBJECT:있(나요|습니까|어),1
train_2585.jpg,train,COMPOSITE,"SPELLING:이름.{0,3}(뭐|무엇);;OBJECT:무엇",2
train_2586.jpg,train,UNKNOWN,,0
train_2587.jpg,train,COMPOSITE,"SPELLING:이름.{0,3}(뭐|무엇);;OBJECT:무엇",2
train_2588.jpg,train,TIMEDATE,TIMEDATE:언제,1
train_2589.jpg,train,PRICE,PRICE:가격,1
train_2590.jpg,train,OBJECT,OBJECT:무엇,1
train_2591.jpg,train,OBJECT,OBJECT:무엇,1
train_2592.jpg,train,COMPOSITE,SPELLING:글자;;OBJECT:무엇,2
train_2593.jpg,train,OBJECT,OBJECT:무엇,1
train_2594.jpg,train,OBJECT,OBJECT:있(나요|습니까|어),1
train_2595.jpg,train,OBJECT,OBJECT:무엇,1
train_2596.jpg,train,OBJECT,OBJECT:무엇,1
train_2597.jpg,train,OBJECT,OBJECT:무엇,1
train_2598.jpg,train,OBJECT,OBJECT:무엇,1
train_2599.jpg,train,COMPOSITE,NUMBER:번호;;OBJECT:무엇,2
train_2600.jpg,train,OBJECT,OBJECT:무엇,1
train_2601.jpg,train,UNKNOWN,,0
train_2602.jpg,train,OBJECT,OBJECT:무엇,1
train_2603.jpg,train,PRICE,PRICE:가격,1
train_2604.jpg,train,COMPOSITE,"SPELLING:이름.{0,3}(뭐|무엇);;OBJECT:무엇",2
train_2605.jpg,train,OBJECT,OBJECT:무엇,1
train_2606.jpg,train,COMPOSITE,OBJECT:무엇;;RELATION:아래,2
train_2607.jpg,train,PRICE,PRICE:얼마,1
train_2608.jpg,train,OBJECT,OBJECT:무엇,1
train_2609.jpg,train,PRICE,PRICE:얼마,1
train_2610.jpg,train,OBJECT,OBJECT:무엇,1
train_2611.jpg,train,OBJECT,OBJECT:무엇,1
train_2612.jpg,train,COMPOSITE,"SPELLING:이름.{0,3}(뭐|무엇);;OBJECT:무엇",2
train_2613.jpg,train,COMPOSITE,"SPELLING:이름.{0,3}(뭐|무엇);;OBJECT:무엇",2
train_2614.jpg,train,OBJECT,OBJECT:무엇,1
train_2615.jpg,train,OBJECT,OBJECT:무엇,1
train_2616.jpg,train,OBJECT,OBJECT:무엇,1
train_2617.jpg,train,OBJECT,OBJECT:무엇,1
train_2618.jpg,train,COMPOSITE,OBJECT:무엇;;RELATION:위에,2
train_2619.jpg,train,COMPOSITE,PRICE:가격;;OBJECT:무엇,2
train_2620.jpg,train,OBJECT,OBJECT:있(나요|습니까|어),1
train_2621.jpg,train,UNKNOWN,,0
train_2622.jpg,train,OBJECT,OBJECT:무엇,1
train_2623.jpg,train,OBJECT,OBJECT:있(나요|습니까|어),1
train_2624.jpg,train,PRICE,PRICE:가격,1
train_2625.jpg,train,OBJECT,OBJECT:무엇,1
train_2626.jpg,train,PRICE,PRICE:얼마,1
train_2627.jpg,train,UNKNOWN,,0
train_2628.jpg,train,COMPOSITE,TIMEDATE:언제;;OBJECT:있(나요|습니까|어),2
train_2629.jpg,train,PRICE,PRICE:가격,1
train_2630.jpg,train,UNKNOWN,,0
train_2631.jpg,train,OBJECT,OBJECT:무엇,1
train_2632.jpg,train,PRICE,PRICE:가격,1
train_2633.jpg,train,OBJECT,OBJECT:무엇,1
train_2634.jpg,train,TIMEDATE,TIMEDATE:날짜,1
train_2635.jpg,train,COMPOSITE,"SPELLING:이름.{0,3}(뭐|무엇);;OBJECT:무엇",2
train_2636.jpg,train,COMPOSITE,"SPELLING:이름.{0,3}(뭐|무엇);;OBJECT:무엇",2
train_2637.jpg,train,COMPOSITE,"SPELLING:이름.{0,3}(뭐|무엇);;OBJECT:무엇",2
train_2638.jpg,train,PRICE,PRICE:얼마,1
train_2639.jpg,train,OBJECT,OBJECT:무엇,1
train_2640.jpg,train,OBJECT,OBJECT:무엇,1
train_2641.jpg,train,TIMEDATE,TIMEDATE:영업\s*시간,1
train_2642.jpg,train,COMPOSITE,"SPELLING:이름.{0,3}(뭐|무엇);;OBJECT:무엇",2
train_2643.jpg,train,PRICE,PRICE:얼마,1
train_2644.jpg,train,COMPOSITE,"SPELLING:이름.{0,3}(뭐|무엇);;OBJECT:무엇",2
train_2645.jpg,train,OBJECT,OBJECT:무엇,1
train_2646.jpg,train,OBJECT,OBJECT:무엇,1
train_2647.jpg,train,OBJECT,OBJECT:무엇,1
train_2648.jpg,train,COMPOSITE,"SPELLING:이름.{0,3}(뭐|무엇);;OBJECT:무엇",2
train_2649.jpg,train,OBJECT,OBJECT:무엇,1
train_2650.jpg,train,PRICE,PRICE:가격,1
train_2651.jpg,train,COMPOSITE,"SPELLING:이름.{0,3}(뭐|무엇);;OBJECT:무엇",2
train_2652.jpg,train,TIMEDATE,TIMEDATE:기간,1
train_2653.jpg,train,COMPOSITE,LOGO:브랜드;;OBJECT:무엇,2
train_2654.jpg,train,UNKNOWN,,0
train_2655.jpg,train,COMPOSITE,TIMEDATE:요일;;OBJECT:무엇,2
train_2656.jpg,train,COMPOSITE,NUMBER:번호;;OBJECT:무엇,2
train_2657.jpg,train,COMPOSITE,NUMBER:번호;;OBJECT:무엇,2
train_2658.jpg,train,COMPOSITE,LOGO:브랜드;;OBJECT:무엇,2
train_2659.jpg,train,OBJECT,OBJECT:무엇,1
train_2660.jpg,train,TIMEDATE,TIMEDATE:언제,1
train_2661.jpg,train,COMPOSITE,"SPELLING:이름.{0,3}(뭐|무엇);;OBJECT:무엇",2
train_2662.jpg,train,PRICE,PRICE:가격,1
train_2663.jpg,train,COMPOSITE,NUMBER:번호;;OBJECT:무엇,2
train_2664.jpg,train,OBJECT,OBJECT:무엇,1
train_2665.jpg,train,COMPOSITE,"SPELLING:이름.{0,3}(뭐|무엇);;OBJECT:무엇",2
train_2666.jpg,train,OBJECT,OBJECT:있(나요|습니까|어),1
train_2667.jpg,train,PRICE,PRICE:얼마,1
train_2668.jpg,train,OBJECT,OBJECT:무엇,1
train_2669.jpg,train,COMPOSITE,"SPELLING:이름.{0,3}(뭐|무엇);;OBJECT:무엇",2
train_2670.jpg,train,OBJECT,OBJECT:무엇,1
train_2671.jpg,train,OBJECT,OBJECT:무엇,1
train_2672.jpg,train,COMPOSITE,"SPELLING:이름.{0,3}(뭐|무엇);;OBJECT:무엇",2
train_2673.jpg,train,COMPOSITE,SPELLING:글자;;OBJECT:무엇,2
train_2674.jpg,train,COMPOSITE,PRICE:얼마;;RELATION:왼쪽,2
train_2675.jpg,train,COMPOSITE,OBJECT:무엇;;RELATION:옆에,2
train_2676.jpg,train,OBJECT,OBJECT:있(나요|습니까|어),1
train_2677.jpg,train,UNKNOWN,,0
train_2678.jpg,train,OBJECT,OBJECT:무엇,1
train_2679.jpg,train,COMPOSITE,"SPELLING:이름.{0,3}(뭐|무엇);;OBJECT:무엇",2
train_2680.jpg,train,OBJECT,OBJECT:무엇,1
train_2681.jpg,train,COMPOSITE,NUMBER:번호;;OBJECT:무엇,2
train_2682.jpg,train,OBJECT,OBJECT:무엇,1
train_2683.jpg,train,OBJECT,OBJECT:무엇,1
train_2684.jpg,train,OBJECT,OBJECT:무엇,1
train_2685.jpg,train,OBJECT,OBJECT:무엇,1
train_2686.jpg,train,COMPOSITE,"SPELLING:이름.{0,3}(뭐|무엇);;OBJECT:무엇",2
train_2687.jpg,train,OBJECT,OBJECT:무엇,1
train_2688.jpg,train,COMPOSITE,"SPELLING:이름.{0,3}(뭐|무엇);;OBJECT:무엇",2
train_2689.jpg,train,UNKNOWN,,0
train_2690.jpg,train,COMPOSITE,PRICE:가격;;OBJECT:무엇,2
train_2691.jpg,train,OBJECT,OBJECT:무엇,1
train_2692.jpg,train,OBJECT,OBJECT:무엇,1
train_2693.jpg,train,OBJECT,OBJECT:무엇,1
train_2694.jpg,train,OBJECT,OBJECT:무엇,1
train_2695.jpg,train,OBJECT,OBJECT:무엇,1
train_2696.jpg,train,OBJECT,OBJECT:무엇,1
train_2697.jpg,train,OBJECT,OBJECT:무엇,1
train_2698.jpg,train,PRICE,PRICE:얼마,1
train_2699.jpg,train,OBJECT,OBJECT:무엇,1
train_2700.jpg,train,OBJECT,OBJECT:무엇,1
train_2701.jpg,train,UNKNOWN,,0
train_2702.jpg,train,OBJECT,OBJECT:무엇,1
train_2703.jpg,train,COMPOSITE,NUMBER:번호;;OBJECT:무엇,2
train_2704.jpg,train,OBJECT,OBJECT:있(나요|습니까|어),1
train_2705.jpg,train,TIMEDATE,TIMEDATE:언제,1
train_2706.jpg,train,OBJECT,OBJECT:무엇,1
train_2707.jpg,train,TIMEDATE,TIMEDATE:언제,1
train_2708.jpg,train,UNKNOWN,,0
train_2709.jpg,train,COMPOSITE,"SPELLING:이름.{0,3}(뭐|무엇);;OBJECT:무엇",2
train_2710.jpg,train,OBJECT,OBJECT:무엇,1
train_2711.jpg,train,COMPOSITE,NUMBER:번호;;OBJECT:무엇,2
train_2712.jpg,train,OBJECT,OBJECT:무엇,1
train_2713.jpg,train,OBJECT,OBJECT:무엇,1
train_2714.jpg,train,PRICE,PRICE:가격,1
train_2715.jpg,train,OBJECT,OBJECT:무엇,1
train_2716.jpg,train,UNKNOWN,,0
train_2717.jpg,train,OBJECT,OBJECT:무엇,1
train_2718.jpg,train,OBJECT,OBJECT:무엇,1
train_2719.jpg,train,OBJECT,OBJECT:무엇,1
train_2720.jpg,train,PRICE,PRICE:가격,1
train_2721.jpg,train,PRICE,PRICE:가격,1
train_2722.jpg,train,TIMEDATE,TIMEDATE:언제,1
train_2723.jpg,train,COMPOSITE,"SPELLING:이름.{0,3}(뭐|무엇);;OBJECT:무엇",2
train_2724.jpg,train,OBJECT,OBJECT:무엇,1
train_2725.jpg,train,PRICE,PRICE:가격,1
train_2726.jpg,train,COMPOSITE,"SPELLING:이름.{0,3}(뭐|무엇);;OBJECT:무엇",2
train_2727.jpg,train,COMPOSITE,"SPELLING:이름.{0,3}(뭐|무엇);;OBJECT:무엇",2
train_2728.jpg,train,UNKNOWN,,0
train_2729.jpg,train,OBJECT,OBJECT:있(나요|습니까|어),1
train_2730.jpg,train,OBJECT,OBJECT:무엇,1
train_2731.jpg,train,OBJECT,OBJECT:무엇,1
train_2732.jpg,train,OBJECT,OBJECT:무엇,1
train_2733.jpg,train,OBJECT,OBJECT:있(나요|습니까|어),1
train_2734.jpg,train,UNKNOWN,,0
train_2735.jpg,train,OBJECT,OBJECT:무엇,1
train_2736.jpg,train,COMPOSITE,LOGO:브랜드;;OBJECT:무엇,2
train_2737.jpg,train,OBJECT,OBJECT:무엇,1
train_2738.jpg,train,OBJECT,OBJECT:무엇,1
train_2739.jpg,train,UNKNOWN,,0
train_2740.jpg,train,OBJECT,OBJECT:무엇,1
train_2741.jpg,train,OBJECT,OBJECT:무엇,1
train_2742.jpg,train,TIMEDATE,TIMEDATE:날짜,1
train_2743.jpg,train,PRICE,PRICE:가격,1
train_2744.jpg,train,PRICE,PRICE:가격,1
train_2745.jpg,train,OBJECT,OBJECT:있(나요|습니까|어),1
train_2746.jpg,train,TIMEDATE,TIMEDATE:요일,1
train_2747.jpg,train,OBJECT,OBJECT:무엇,1
train_2748.jpg,train,COMPOSITE,"SPELLING:이름.{0,3}(뭐|무엇);;OBJECT:무엇",2
train_2749.jpg,train,COMPOSITE,OBJECT:무엇;;RELATION:왼쪽,2
train_2750.jpg,train,OBJECT,OBJECT:무엇,1
train_2751.jpg,train,OBJECT,OBJECT:무엇,1
train_2752.jpg,train,OBJECT,OBJECT:무엇,1
train_2753.jpg,train,COMPOSITE,"SPELLING:이름.{0,3}(뭐|무엇);;OBJECT:무엇",2
train_2754.jpg,train,OBJECT,OBJECT:무엇,1
train_2755.jpg,train,COMPOSITE,NUMBER:몇\s*명;;OBJECT:있(나요|습니까|어),2
train_2756.jpg,train,TIMEDATE,TIMEDATE:언제,1
train_2757.jpg,train,OBJECT,OBJECT:무엇,1
train_2758.jpg,train,COMPOSITE,"SPELLING:이름.{0,3}(뭐|무엇);;OBJECT:무엇",2
train_2759.jpg,train,OBJECT,OBJECT:무엇,1
train_2760.jpg,train,OBJECT,OBJECT:무엇,1
train_2761.jpg,train,COMPOSITE,SPELLING:글자;;OBJECT:무엇,2
train_2762.jpg,train,COMPOSITE,"SPELLING:이름.{0,3}(뭐|무엇);;OBJECT:무엇",2
train_2763.jpg,train,COMPOSITE,"SPELLING:이름.{0,3}(뭐|무엇);;OBJECT:무엇",2
train_2764.jpg,train,UNKNOWN,,0
train_2765.jpg,train,OBJECT,OBJECT:무엇,1
train_2766.jpg,train,TIMEDATE,TIMEDATE:몇\s*시,1
train_2767.jpg,train,OBJECT,OBJECT:무엇,1
train_2768.jpg,train,OBJECT,OBJECT:무엇,1
train_2769.jpg,train,COMPOSITE,OBJECT:무엇;;RELATION:오른쪽,2
train_2770.jpg,train,OBJECT,OBJECT:무엇,1
train_2771.jpg,train,OBJECT,OBJECT:무엇,1
train_2772.jpg,train,COMPOSITE,"SPELLING:이름.{0,3}(뭐|무엇);;OBJECT:무엇",2
train_2773.jpg,train,COMPOSITE,SPELLING:글자;;OBJECT:무엇,2
train_2774.jpg,train,COMPOSITE,OBJECT:무엇;;RELATION:오른쪽,2
train_2775.jpg,train,COMPOSITE,"SPELLING:이름.{0,3}(뭐|무엇);;OBJECT:무엇",2
train_2776.jpg,train,OBJECT,OBJECT:무엇,1
train_2777.jpg,train,OBJECT,OBJECT:무엇,1
train_2778.jpg,train,PRICE,PRICE:가격,1
train_2779.jpg,train,COMPOSITE,NUMBER:번호;;OBJECT:무엇,2
train_2780.jpg,train,COMPOSITE,"SPELLING:이름.{0,3}(뭐|무엇);;OBJECT:무엇",2
train_2781.jpg,train,COMPOSITE,OBJECT:무엇;;RELATION:아래,2
train_2782.jpg,train,OBJECT,OBJECT:무엇,1
train_2783.jpg,train,COMPOSITE,"SPELLING:이름.{0,3}(뭐|무엇);;OBJECT:무엇",2
train_2784.jpg,train,COMPOSITE,"SPELLING:이름.{0,3}(뭐|무엇);;OBJECT:무엇",2
train_2785.jpg,train,COMPOSITE,"SPELLING:이름.{0,3}(뭐|무엇);;OBJECT:무엇",2
train_2786.jpg,train,OBJECT,OBJECT:무엇,1
train_2787.jpg,train,OBJECT,OBJECT:무엇,1
train_2788.jpg,train,OBJECT,OBJECT:무엇,1
train_2789.jpg,train,COMPOSITE,"SPELLING:이름.{0,3}(뭐|무엇);;OBJECT:무엇;;RELATION:왼쪽",3
train_2790.jpg,train,TIMEDATE,TIMEDATE:몇\s*시,1
train_2791.jpg,train,PRICE,PRICE:가격,1
train_2792.jpg,train,OBJECT,OBJECT:무엇,1
train_2793.jpg,train,OBJECT,OBJECT:무엇,1
train_2794.jpg,train,OBJECT,OBJECT:무엇,1
train_2795.jpg,train,TIMEDATE,TIMEDATE:기간,1
train_2796.jpg,train,UNKNOWN,,0
train_2797.jpg,train,OBJECT,OBJECT:무엇,1
train_2798.jpg,train,OBJECT,OBJECT:무엇,1
train_2799.jpg,train,UNKNOWN,,0
train_2800.jpg,train,OBJECT,OBJECT:무엇,1
train_2801.jpg,train,OBJECT,OBJECT:무엇,1
train_2802.jpg,train,OBJECT,OBJECT:무엇,1
train_2803.jpg,train,COMPOSITE,TIMEDATE:요일;;OBJECT:무엇,2
train_2804.jpg,train,UNKNOWN,,0
train_2805.jpg,train,OBJECT,OBJECT:무엇,1
train_2806.jpg,train,UNKNOWN,,0
train_2807.jpg,train,COMPOSITE,OBJECT:무엇;;RELATION:순서,2
train_2808.jpg,train,OBJECT,OBJECT:무엇,1
train_2809.jpg,train,OBJECT,OBJECT:무엇,1
train_2810.jpg,train,COMPOSITE,PRICE:가격;;OBJECT:무엇,2
train_2811.jpg,train,COMPOSITE,"SPELLING:이름.{0,3}(뭐|무엇);;OBJECT:무엇",2
train_2812.jpg,train,UNKNOWN,,0
train_2813.jpg,train,OBJECT,OBJECT:무엇,1
train_2814.jpg,train,OBJECT,OBJECT:무엇,1
train_2815.jpg,train,COMPOSITE,"SPELLING:이름.{0,3}(뭐|무엇);;LOGO:브랜드;;OBJECT:무엇",3
train_2816.jpg,train,TIMEDATE,TIMEDATE:날짜,1
train_2817.jpg,train,TIMEDATE,TIMEDATE:날짜,1
train_2818.jpg,train,OBJECT,OBJECT:있(나요|습니까|어),1
train_2819.jpg,train,OBJECT,OBJECT:무엇,1
train_2820.jpg,train,COMPOSITE,"SPELLING:이름.{0,3}(뭐|무엇);;OBJECT:무엇",2
train_2821.jpg,train,OBJECT,OBJECT:무엇,1
train_2822.jpg,train,COMPOSITE,"SPELLING:이름.{0,3}(뭐|무엇);;OBJECT:무엇",2
train_2823.jpg,train,PRICE,PRICE:가격,1
train_2824.jpg,train,OBJECT,OBJECT:무엇,1
train_2825.jpg,train,OBJECT,OBJECT:무엇,1
train_2826.jpg,train,TIMEDATE,TIMEDATE:언제,1
train_2827.jpg,train,COMPOSITE,"SPELLING:이름.{0,3}(뭐|무엇);;OBJECT:무엇",2
train_2828.jpg,train,OBJECT,OBJECT:무엇,1
train_2829.jpg,train,COMPOSITE,NUMBER:번호;;OBJECT:무엇,2
train_2830.jpg,train,PRICE,PRICE:얼마,1
train_2831.jpg,train,COMPOSITE,"SPELLING:이름.{0,3}(뭐|무엇);;OBJECT:무엇",2
train_2832.jpg,train,PRICE,PRICE:가격,1
train_2833.jpg,train,OBJECT,OBJECT:무엇,1
train_2834.jpg,train,COMPOSITE,"SPELLING:이름.{0,3}(뭐|무엇);;OBJECT:무엇;;RELATION:옆에",3
train_2835.jpg,train,OBJECT,OBJECT:무엇,1
train_2836.jpg,train,COMPOSITE,"SPELLING:이름.{0,3}(뭐|무엇);;OBJECT:무엇",2
train_2837.jpg,train,OBJECT,OBJECT:무엇,1
train_2838.jpg,train,OBJECT,OBJECT:무엇,1
train_2839.jpg,train,TIMEDATE,TIMEDATE:언제,1
train_2840.jpg,train,TIMEDATE,TIMEDATE:날짜,1
train_2841.jpg,train,COMPOSITE,SPELLING:글자;;OBJECT:무엇,2
train_2842.jpg,train,OBJECT,OBJECT:무엇,1
train_2843.jpg,train,COMPOSITE,SPELLING:글자;;OBJECT:무엇,2
train_2844.jpg,train,TIMEDATE,TIMEDATE:기간,1
train_2845.jpg,train,OBJECT,OBJECT:무엇,1
train_2846.jpg,train,UNKNOWN,,0
train_2847.jpg,train,OBJECT,OBJECT:있(나요|습니까|어),1
train_2848.jpg,train,COMPOSITE,"SPELLING:이름.{0,3}(뭐|무엇);;OBJECT:무엇",2
train_2849.jpg,train,PRICE,PRICE:얼마,1
train_2850.jpg,train,OBJECT,OBJECT:무엇,1
train_2851.jpg,train,OBJECT,OBJECT:무엇,1
train_2852.jpg,train,PRICE,PRICE:얼마,1
train_2853.jpg,train,OBJECT,OBJECT:무엇,1
train_2854.jpg,train,OBJECT,OBJECT:무엇,1
train_2855.jpg,train,OBJECT,OBJECT:무엇,1
train_2856.jpg,train,COMPOSITE,OBJECT:무엇;;RELATION:위에,2
train_2857.jpg,train,COMPOSITE,"SPELLING:이름.{0,3}(뭐|무엇);;OBJECT:무엇",2
train_2858.jpg,train,COMPOSITE,"SPELLING:이름.{0,3}(뭐|무엇);;OBJECT:무엇",2
train_2859.jpg,train,PRICE,PRICE:얼마,1
train_2860.jpg,train,COMPOSITE,SPELLING:글자;;OBJECT:무엇,2
train_2861.jpg,train,COMPOSITE,"SPELLING:이름.{0,3}(뭐|무엇);;OBJECT:무엇",2
train_2862.jpg,train,COMPOSITE,SPELLING:글자;;OBJECT:무엇,2
train_2863.jpg,train,COMPOSITE,"SPELLING:이름.{0,3}(뭐|무엇);;OBJECT:무엇;;RELATION:왼쪽",3
train_2864.jpg,train,OBJECT,OBJECT:무엇,1
train_2865.jpg,train,COMPOSITE,LOGO:브랜드;;OBJECT:무엇,2
train_2866.jpg,train,COMPOSITE,PRICE:가격;;OBJECT:무엇,2
train_2867.jpg,train,COMPOSITE,"SPELLING:이름.{0,3}(뭐|무엇);;OBJECT:무엇",2
train_2868.jpg,train,COMPOSITE,OBJECT:무엇;;RELATION:위에,2
train_2869.jpg,train,COMPOSITE,NUMBER:번호;;OBJECT:무엇,2
train_2870.jpg,train,PRICE,PRICE:가격,1
train_2871.jpg,train,PRICE,PRICE:가격,1
train_2872.jpg,train,OBJECT,OBJECT:무엇,1
train_2873.jpg,train,UNKNOWN,,0
train_2874.jpg,train,PRICE,PRICE:가격,1
train_2875.jpg,train,OBJECT,OBJECT:있(나요|습니까|어),1
train_2876.jpg,train,OBJECT,OBJECT:무엇,1
train_2877.jpg,train,OBJECT,OBJECT:무엇,1
train_2878.jpg,train,COMPOSITE,"SPELLING:이름.{0,3}(뭐|무엇);;OBJECT:무엇",2
train_2879.jpg,train,COMPOSITE,SPELLING:글자;;OBJECT:무엇,2
train_2880.jpg,train,COMPOSITE,PRICE:가격;;OBJECT:무엇,2
train_2881.jpg,train,PRICE,PRICE:얼마,1
train_2882.jpg,train,COMPOSITE,"SPELLING:이름.{0,3}(뭐|무엇);;OBJECT:무엇",2
train_2883.jpg,train,COMPOSITE,"SPELLING:이름.{0,3}(뭐|무엇);;OBJECT:무엇",2
train_2884.jpg,train,COMPOSITE,"SPELLING:이름.{0,3}(뭐|무엇);;OBJECT:무엇",2
train_2885.jpg,train,OBJECT,OBJECT:무엇,1
train_2886.jpg,train,OBJECT,OBJECT:무엇,1
train_2887.jpg,train,COMPOSITE,SPELLING:글자;;OBJECT:무엇,2
train_2888.jpg,train,OBJECT,OBJECT:무엇,1
train_2889.jpg,train,COMPOSITE,NUMBER:번호;;OBJECT:무엇,2
train_2890.jpg,train,COMPOSITE,SPELLING:글자;;OBJECT:무엇,2
train_2891.jpg,train,OBJECT,OBJECT:무엇,1
train_2892.jpg,train,PRICE,PRICE:가격,1
train_2893.jpg,train,COMPOSITE,"SPELLING:이름.{0,3}(뭐|무엇);;OBJECT:무엇",2
train_2894.jpg,train,COMPOSITE,PRICE:얼마;;OBJECT:있(나요|습니까|어),2
train_2895.jpg,train,OBJECT,OBJECT:무엇,1
train_2896.jpg,train,OBJECT,OBJECT:무엇,1
train_2897.jpg,train,COMPOSITE,"SPELLING:이름.{0,3}(뭐|무엇);;OBJECT:무엇",2
train_2898.jpg,train,PRICE,PRICE:얼마,1
train_2899.jpg,train,TIMEDATE,TIMEDATE:언제,1
train_2900.jpg,train,TIMEDATE,TIMEDATE:기간,1
train_2901.jpg,train,PRICE,PRICE:가격,1
train_2902.jpg,train,UNKNOWN,,0
train_2903.jpg,train,TIMEDATE,TIMEDATE:언제,1
train_2904.jpg,train,OBJECT,OBJECT:무엇,1
train_2905.jpg,train,PRICE,PRICE:가격,1
train_2906.jpg,train,PRICE,PRICE:얼마,1
train_2907.jpg,train,COMPOSITE,"SPELLING:이름.{0,3}(뭐|무엇);;OBJECT:무엇",2
train_2908.jpg,train,UNKNOWN,,0
train_2909.jpg,train,COMPOSITE,"SPELLING:이름.{0,3}(뭐|무엇);;OBJECT:무엇",2
train_2910.jpg,train,COMPOSITE,"SPELLING:이름.{0,3}(뭐|무엇);;OBJECT:무엇",2
train_2911.jpg,train,COMPOSITE,PRICE:얼마;;TIMEDATE:기간,2
train_2912.jpg,train,OBJECT,OBJECT:무엇,1
train_2913.jpg,train,COMPOSITE,NUMBER:번호;;OBJECT:무엇,2
train_2914.jpg,train,OBJECT,OBJECT:무엇,1
train_2915.jpg,train,COMPOSITE,"SPELLING:이름.{0,3}(뭐|무엇);;OBJECT:무엇",2
train_2916.jpg,train,OBJECT,OBJECT:무엇,1
train_2917.jpg,train,OBJECT,OBJECT:무엇,1
train_2918.jpg,train,PRICE,PRICE:얼마,1
train_2919.jpg,train,COMPOSITE,"SPELLING:이름.{0,3}(뭐|무엇);;OBJECT:무엇",2
train_2920.jpg,train,COMPOSITE,SPELLING:글자;;OBJECT:무엇,2
train_2921.jpg,train,UNKNOWN,,0
train_2922.jpg,train,PRICE,PRICE:가격,1
train_2923.jpg,train,OBJECT,OBJECT:무엇,1
train_2924.jpg,train,COMPOSITE,"SPELLING:이름.{0,3}(뭐|무엇);;OBJECT:무엇",2
train_2925.jpg,train,OBJECT,OBJECT:무엇,1
train_2926.jpg,train,OBJECT,OBJECT:무엇,1
train_2927.jpg,train,OBJECT,OBJECT:무엇,1
train_2928.jpg,train,COMPOSITE,NUMBER:번호;;OBJECT:무엇,2
train_2929.jpg,train,COMPOSITE,"SPELLING:이름.{0,3}(뭐|무엇);;OBJECT:무엇",2
train_2930.jpg,train,TIMEDATE,TIMEDATE:언제,1
train_2931.jpg,train,COMPOSITE,SPELLING:글자;;OBJECT:무엇,2
train_2932.jpg,train,OBJECT,OBJECT:무엇,1
train_2933.jpg,train,PRICE,PRICE:가격,1
train_2934.jpg,train,COMPOSITE,PRICE:얼마;;RELATION:아래,2
train_2935.jpg,train,PRICE,PRICE:가격,1
train_2936.jpg,train,COMPOSITE,"SPELLING:이름.{0,3}(뭐|무엇);;OBJECT:무엇",2
train_2937.jpg,train,OBJECT,OBJECT:무엇,1
train_2938.jpg,train,PRICE,PRICE:가격,1
train_2939.jpg,train,OBJECT,OBJECT:무엇,1
train_2940.jpg,train,OBJECT,OBJECT:무엇,1
train_2941.jpg,train,TIMEDATE,TIMEDATE:기간,1
train_2942.jpg,train,COMPOSITE,NUMBER:번호;;OBJECT:무엇,2
train_2943.jpg,train,OBJECT,OBJECT:무엇,1
train_2944.jpg,train,COMPOSITE,OBJECT:무엇;;RELATION:위에,2
train_2945.jpg,train,UNKNOWN,,0
train_2946.jpg,train,COMPOSITE,"SPELLING:이름.{0,3}(뭐|무엇);;OBJECT:무엇",2
train_2947.jpg,train,OBJECT,OBJECT:무엇,1
train_2948.jpg,train,COMPOSITE,"SPELLING:이름.{0,3}(뭐|무엇);;OBJECT:무엇",2
train_2949.jpg,train,COMPOSITE,"SPELLING:이름.{0,3}(뭐|무엇);;OBJECT:무엇",2
train_2950.jpg,train,PRICE,PRICE:가격,1
train_2951.jpg,train,COMPOSITE,"SPELLING:이름.{0,3}(뭐|무엇);;OBJECT:무엇",2
train_2952.jpg,train,PRICE,PRICE:얼마,1
train_2953.jpg,train,PRICE,PRICE:얼마,1
train_2954.jpg,train,PRICE,PRICE:가격,1
train_2955.jpg,train,OBJECT,OBJECT:무엇,1
train_2956.jpg,train,COMPOSITE,"SPELLING:이름.{0,3}(뭐|무엇);;OBJECT:무엇",2
train_2957.jpg,train,OBJECT,OBJECT:무엇,1
train_2958.jpg,train,COMPOSITE,"SPELLING:이름.{0,3}(뭐|무엇);;OBJECT:무엇",2
train_2959.jpg,train,COMPOSITE,"SPELLING:이름.{0,3}(뭐|무엇);;OBJECT:무엇",2
train_2960.jpg,train,PRICE,PRICE:얼마,1
train_2961.jpg,train,COMPOSITE,"SPELLING:이름.{0,3}(뭐|무엇);;OBJECT:무엇",2
train_2962.jpg,train,PRICE,PRICE:가격,1
train_2963.jpg,train,OBJECT,OBJECT:무엇,1
train_2964.jpg,train,OBJECT,OBJECT:무엇,1
train_2965.jpg,train,OBJECT,OBJECT:무엇,1
train_2966.jpg,train,PRICE,PRICE:얼마,1
train_2967.jpg,train,COMPOSITE,NUMBER:번호;;OBJECT:무엇,2
train_2968.jpg,train,OBJECT,OBJECT:무엇,1
train_2969.jpg,train,OBJECT,OBJECT:무엇,1
train_2970.jpg,train,OBJECT,OBJECT:무엇,1
train_2971.jpg,train,COMPOSITE,"SPELLING:이름.{0,3}(뭐|무엇);;LOGO:브랜드;;OBJECT:무엇",3
train_2972.jpg,train,COMPOSITE,NUMBER:번호;;OBJECT:무엇,2
train_2973.jpg,train,OBJECT,OBJECT:무엇,1
train_2974.jpg,train,OBJECT,OBJECT:있(나요|습니까|어),1
train_2975.jpg,train,OBJECT,OBJECT:무엇,1
train_2976.jpg,train,OBJECT,OBJECT:무엇,1
train_2977.jpg,train,OBJECT,OBJECT:무엇,1
train_2978.jpg,train,OBJECT,OBJECT:무엇,1
train_2979.jpg,train,OBJECT,OBJECT:무엇,1
train_2980.jpg,train,COMPOSITE,"SPELLING:이름.{0,3}(뭐|무엇);;OBJECT:무엇",2
train_2981.jpg,train,OBJECT,OBJECT:무엇,1
train_2982.jpg,train,OBJECT,OBJECT:무엇,1
train_2983.jpg,train,OBJECT,OBJECT:무엇,1
train_2984.jpg,train,UNKNOWN,,0
train_2985.jpg,train,OBJECT,OBJECT:무엇,1
train_2986.jpg,train,OBJECT,OBJECT:무엇,1
train_2987.jpg,train,OBJECT,OBJECT:무엇,1
train_2988.jpg,train,OBJECT,OBJECT:무엇,1
train_2989.jpg,train,COMPOSITE,"SPELLING:이름.{0,3}(뭐|무엇);;OBJECT:무엇",2
train_2990.jpg,train,TIMEDATE,TIMEDATE:언제,1
train_2991.jpg,train,PRICE,PRICE:가격,1
train_2992.jpg,train,OBJECT,OBJECT:무엇,1
train_2993.jpg,train,COMPOSITE,SPELLING:글자;;OBJECT:무엇,2
train_2994.jpg,train,OBJECT,OBJECT:무엇,1
train_2995.jpg,train,OBJECT,OBJECT:무엇,1
train_2996.jpg,train,OBJECT,OBJECT:무엇,1
train_2997.jpg,train,OBJECT,OBJECT:무엇,1
train_2998.jpg,train,OBJECT,OBJECT:무엇,1
train_2999.jpg,train,OBJECT,OBJECT:무엇,1
train_3000.jpg,train,COMPOSITE,"SPELLING:이름.{0,3}(뭐|무엇);;OBJECT:무엇",2
train_3001.jpg,train,COMPOSITE,"SPELLING:이름.{0,3}(뭐|무엇);;OBJECT:무엇",2
train_3002.jpg,train,OBJECT,OBJECT:무엇,1
train_3003.jpg,train,PRICE,PRICE:가격,1
train_3004.jpg,train,OBJECT,OBJECT:무엇,1
train_3005.jpg,train,COMPOSITE,NUMBER:번호;;OBJECT:무엇,2
train_3006.jpg,train,COMPOSITE,"SPELLING:이름.{0,3}(뭐|무엇);;LOGO:브랜드;;OBJECT:무엇",3
train_3007.jpg,train,OBJECT,OBJECT:있(나요|습니까|어),1
train_3008.jpg,train,COMPOSITE,PRICE:얼마;;OBJECT:있(나요|습니까|어),2
train_3009.jpg,train,OBJECT,OBJECT:무엇,1
train_3010.jpg,train,COMPOSITE,"SPELLING:이름.{0,3}(뭐|무엇);;OBJECT:무엇",2
train_3011.jpg,train,OBJECT,OBJECT:무엇,1
train_3012.jpg,train,OBJECT,OBJECT:무엇,1
train_3013.jpg,train,UNKNOWN,,0
train_3014.jpg,train,PRICE,PRICE:얼마,1
train_3015.jpg,train,OBJECT,OBJECT:있(나요|습니까|어),1
train_3016.jpg,train,OBJECT,OBJECT:무엇,1
train_3017.jpg,train,COMPOSITE,"SPELLING:이름.{0,3}(뭐|무엇);;OBJECT:무엇",2
train_3018.jpg,train,COMPOSITE,"SPELLING:이름.{0,3}(뭐|무엇);;OBJECT:무엇",2
train_3019.jpg,train,OBJECT,OBJECT:무엇,1
train_3020.jpg,train,COMPOSITE,"SPELLING:이름.{0,3}(뭐|무엇);;OBJECT:무엇",2
train_3021.jpg,train,PRICE,PRICE:가격,1
train_3022.jpg,train,PRICE,PRICE:가격,1
train_3023.jpg,train,OBJECT,OBJECT:무엇,1
train_3024.jpg,train,PRICE,PRICE:가격,1
train_3025.jpg,train,OBJECT,OBJECT:무엇,1
train_3026.jpg,train,COMPOSITE,NUMBER:번호;;OBJECT:무엇,2
train_3027.jpg,train,COMPOSITE,OBJECT:무엇;;RELATION:아래,2
train_3028.jpg,train,COMPOSITE,"SPELLING:이름.{0,3}(뭐|무엇);;OBJECT:무엇",2
train_3029.jpg,train,OBJECT,OBJECT:무엇,1
train_3030.jpg,train,COMPOSITE,"SPELLING:이름.{0,3}(뭐|무엇);;OBJECT:무엇",2
train_3031.jpg,train,TIMEDATE,TIMEDATE:기간,1
train_3032.jpg,train,OBJECT,OBJECT:무엇,1
train_3033.jpg,train,COMPOSITE,"SPELLING:이름.{0,3}(뭐|무엇);;OBJECT:무엇",2
train_3034.jpg,train,UNKNOWN,,0
train_3035.jpg,train,OBJECT,OBJECT:무엇,1
train_3036.jpg,train,COMPOSITE,PRICE:얼마;;OBJECT:있(나요|습니까|어),2
train_3037.jpg,train,PRICE,PRICE:가격,1
train_3038.jpg,train,TIMEDATE,TIMEDATE:날짜,1
train_3039.jpg,train,PRICE,PRICE:요금,1
train_3040.jpg,train,OBJECT,OBJECT:무엇,1
train_3041.jpg,train,COMPOSITE,"SPELLING:이름.{0,3}(뭐|무엇);;OBJECT:무엇",2
train_3042.jpg,train,OBJECT,OBJECT:무엇,1
train_3043.jpg,train,UNKNOWN,,0
train_3044.jpg,train,OBJECT,OBJECT:무엇,1
train_3045.jpg,train,OBJECT,OBJECT:무엇,1
train_3046.jpg,train,OBJECT,OBJECT:무엇,1
train_3047.jpg,train,OBJECT,OBJECT:무엇,1
train_3048.jpg,train,COMPOSITE,NUMBER:번호;;OBJECT:무엇,2
train_3049.jpg,train,OBJECT,OBJECT:무엇,1
train_3050.jpg,train,COMPOSITE,"SPELLING:이름.{0,3}(뭐|무엇);;LOGO:브랜드;;OBJECT:무엇",3
train_3051.jpg,train,OBJECT,OBJECT:무엇,1
train_3052.jpg,train,OBJECT,OBJECT:무엇,1
train_3053.jpg,train,OBJECT,OBJECT:있(나요|습니까|어),1
train_3054.jpg,train,COMPOSITE,"SPELLING:이름.{0,3}(뭐|무엇);;OBJECT:무엇;;RELATION:옆에",3
train_3055.jpg,train,PRICE,PRICE:가격,1
train_3056.jpg,train,OBJECT,OBJECT:무엇,1
train_3057.jpg,train,OBJECT,OBJECT:있(나요|습니까|어),1
train_3058.jpg,train,OBJECT,OBJECT:무엇,1
train_3059.jpg,train,OBJECT,OBJECT:무엇,1
train_3060.jpg,train,OBJECT,OBJECT:무엇,1
train_3061.jpg,train,OBJECT,OBJECT:무엇,1
train_3062.jpg,train,OBJECT,OBJECT:무엇,1
train_3063.jpg,train,OBJECT,OBJECT:무엇,1
train_3064.jpg,train,UNKNOWN,,0
train_3065.jpg,train,OBJECT,OBJECT:무엇,1
train_3066.jpg,train,TIMEDATE,TIMEDATE:언제,1
train_3067.jpg,train,COMPOSITE,SPELLING:글자;;OBJECT:무엇,2
train_3068.jpg,train,OBJECT,OBJECT:무엇,1
train_3069.jpg,train,COMPOSITE,"SPELLING:이름.{0,3}(뭐|무엇);;OBJECT:무엇",2
train_3070.jpg,train,OBJECT,OBJECT:무엇,1
train_3071.jpg,train,COMPOSITE,"SPELLING:이름.{0,3}(뭐|무엇);;OBJECT:무엇",2
train_3072.jpg,train,OBJECT,OBJECT:무엇,1
train_3073.jpg,train,OBJECT,OBJECT:무엇,1
train_3074.jpg,train,OBJECT,OBJECT:무엇,1
train_3075.jpg,train,NUMBER,NUMBER:몇\s*개,1
train_3076.jpg,train,COMPOSITE,"SPELLING:이름.{0,3}(뭐|무엇);;OBJECT:무엇",2
train_3077.jpg,train,PRICE,PRICE:가격,1
train_3078.jpg,train,OBJECT,OBJECT:무엇,1
train_3079.jpg,train,OBJECT,OBJECT:무엇,1
train_3080.jpg,train,COMPOSITE,SPELLING:글자;;OBJECT:무엇,2
train_3081.jpg,train,COMPOSITE,"SPELLING:이름.{0,3}(뭐|무엇);;OBJECT:무엇",2
train_3082.jpg,train,COMPOSITE,OBJECT:무엇;;RELATION:왼쪽,2
train_3083.jpg,train,COMPOSITE,NUMBER:몇\s*번;;TABLE:항목,2
train_3084.jpg,train,PRICE,PRICE:얼마,1
train_3085.jpg,train,OBJECT,OBJECT:무엇,1
train_3086.jpg,train,COMPOSITE,"SPELLING:이름.{0,3}(뭐|무엇);;OBJECT:무엇",2
train_3087.jpg,train,OBJECT,OBJECT:무엇,1
train_3088.jpg,train,OBJECT,OBJECT:있(나요|습니까|어),1
train_3089.jpg,train,UNKNOWN,,0
train_3090.jpg,train,UNKNOWN,,0
train_3091.jpg,train,OBJECT,OBJECT:무엇,1
train_3092.jpg,train,OBJECT,OBJECT:무엇,1
train_3093.jpg,train,OBJECT,OBJECT:무엇,1
train_3094.jpg,train,OBJECT,OBJECT:무엇,1
train_3095.jpg,train,OBJECT,OBJECT:무엇,1
train_3096.jpg,train,COMPOSITE,"SPELLING:이름.{0,3}(뭐|무엇);;OBJECT:무엇",2
train_3097.jpg,train,OBJECT,OBJECT:있(나요|습니까|어),1
train_3098.jpg,train,OBJECT,OBJECT:무엇,1
train_3099.jpg,train,OBJECT,OBJECT:무엇,1
train_3100.jpg,train,COMPOSITE,NUMBER:번호;;OBJECT:무엇,2
train_3101.jpg,train,COMPOSITE,TIMEDATE:요일;;OBJECT:무엇,2
train_3102.jpg,train,TABLE,TABLE:표에서,1
train_3103.jpg,train,OBJECT,OBJECT:무엇,1
train_3104.jpg,train,OBJECT,OBJECT:무엇,1
train_3105.jpg,train,COMPOSITE,LOGO:브랜드;;OBJECT:무엇,2
train_3106.jpg,train,PRICE,PRICE:가격,1
train_3107.jpg,train,COMPOSITE,"SPELLING:이름.{0,3}(뭐|무엇);;OBJECT:무엇",2
train_3108.jpg,train,OBJECT,OBJECT:무엇,1
train_3109.jpg,train,TIMEDATE,TIMEDATE:언제,1
train_3110.jpg,train,OBJECT,OBJECT:무엇,1
train_3111.jpg,train,UNKNOWN,,0
train_3112.jpg,train,OBJECT,OBJECT:무엇,1
train_3113.jpg,train,OBJECT,OBJECT:무엇,1
train_3114.jpg,train,OBJECT,OBJECT:무엇,1
train_3115.jpg,train,COMPOSITE,OBJECT:무엇;;RELATION:아래,2
train_3116.jpg,train,COMPOSITE,LOGO:브랜드;;OBJECT:무엇,2
train_3117.jpg,train,UNKNOWN,,0
train_3118.jpg,train,OBJECT,OBJECT:무엇,1
train_3119.jpg,train,COMPOSITE,"SPELLING:이름.{0,3}(뭐|무엇);;OBJECT:무엇",2
train_3120.jpg,train,OBJECT,OBJECT:무엇,1
train_3121.jpg,train,OBJECT,OBJECT:무엇,1
train_3122.jpg,train,COMPOSITE,"SPELLING:이름.{0,3}(뭐|무엇);;OBJECT:무엇",2
train_3123.jpg,train,COMPOSITE,OBJECT:있(나요|습니까|어);;RELATION:옆에,2
train_3124.jpg,train,UNKNOWN,,0
train_3125.jpg,train,PRICE,PRICE:가격,1
train_3126.jpg,train,OBJECT,OBJECT:무엇,1
train_3127.jpg,train,RELATION,RELATION:위에,1
train_3128.jpg,train,COMPOSITE,"SPELLING:이름.{0,3}(뭐|무엇);;OBJECT:무엇",2
train_3129.jpg,train,COMPOSITE,"SPELLING:이름.{0,3}(뭐|무엇);;OBJECT:무엇",2
train_3130.jpg,train,OBJECT,OBJECT:무엇,1
train_3131.jpg,train,OBJECT,OBJECT:무엇,1
train_3132.jpg,train,COMPOSITE,"SPELLING:이름.{0,3}(뭐|무엇);;NUMBER:번호;;OBJECT:무엇",3
train_3133.jpg,train,TIMEDATE,TIMEDATE:언제,1
train_3134.jpg,train,OBJECT,OBJECT:무엇,1
train_3135.jpg,train,COMPOSITE,OBJECT:무엇;;RELATION:위에,2
train_3136.jpg,train,COMPOSITE,NUMBER:번호;;OBJECT:무엇,2
train_3137.jpg,train,UNKNOWN,,0
train_3138.jpg,train,COMPOSITE,TIMEDATE:언제;;LOGO:브랜드,2
train_3139.jpg,train,OBJECT,OBJECT:무엇,1
train_3140.jpg,train,COMPOSITE,OBJECT:무엇;;RELATION:위에,2
train_3141.jpg,train,UNKNOWN,,0
train_3142.jpg,train,COMPOSITE,"SPELLING:이름.{0,3}(뭐|무엇);;OBJECT:무엇",2
train_3143.jpg,train,COMPOSITE,"SPELLING:이름.{0,3}(뭐|무엇);;OBJECT:무엇",2
train_3144.jpg,train,OBJECT,OBJECT:무엇,1
train_3145.jpg,train,COMPOSITE,PRICE:가격;;OBJECT:무엇,2
train_3146.jpg,train,COMPOSITE,NUMBER:번호;;OBJECT:무엇,2
train_3147.jpg,train,OBJECT,OBJECT:무엇,1
train_3148.jpg,train,TIMEDATE,TIMEDATE:날짜,1
train_3149.jpg,train,UNKNOWN,,0
train_3150.jpg,train,COMPOSITE,"SPELLING:이름.{0,3}(뭐|무엇);;OBJECT:무엇",2
train_3151.jpg,train,OBJECT,OBJECT:무엇,1
train_3152.jpg,train,COMPOSITE,SPELLING:글자;;OBJECT:무엇,2
train_3153.jpg,train,COMPOSITE,SPELLING:글자;;OBJECT:무엇,2
train_3154.jpg,train,UNKNOWN,,0
train_3155.jpg,train,COMPOSITE,PRICE:가격;;OBJECT:무엇,2
train_3156.jpg,train,OBJECT,OBJECT:무엇,1
train_3157.jpg,train,UNKNOWN,,0
train_3158.jpg,train,COMPOSITE,LOGO:브랜드;;OBJECT:무엇,2
train_3159.jpg,train,OBJECT,OBJECT:무엇,1
train_3160.jpg,train,OBJECT,OBJECT:무엇,1
train_3161.jpg,train,COMPOSITE,SPELLING:글자;;OBJECT:무엇;;RELATION:옆에,3
train_3162.jpg,train,OBJECT,OBJECT:무엇,1
train_3163.jpg,train,OBJECT,OBJECT:무엇,1
train_3164.jpg,train,UNKNOWN,,0
train_3165.jpg,train,COMPOSITE,SPELLING:글자;;OBJECT:무엇,2
train_3166.jpg,train,OBJECT,OBJECT:무엇,1
train_3167.jpg,train,COMPOSITE,"SPELLING:이름.{0,3}(뭐|무엇);;OBJECT:무엇",2
train_3168.jpg,train,OBJECT,OBJECT:무엇,1
train_3169.jpg,train,PRICE,PRICE:얼마,1
train_3170.jpg,train,OBJECT,OBJECT:무엇,1
train_3171.jpg,train,COMPOSITE,PRICE:가격;;OBJECT:무엇,2
train_3172.jpg,train,COMPOSITE,"SPELLING:이름.{0,3}(뭐|무엇);;OBJECT:무엇",2
train_3173.jpg,train,OBJECT,OBJECT:무엇,1
train_3174.jpg,train,COMPOSITE,NUMBER:번호;;OBJECT:무엇,2
train_3175.jpg,train,PRICE,PRICE:얼마,1
train_3176.jpg,train,OBJECT,OBJECT:무엇,1
train_3177.jpg,train,OBJECT,OBJECT:무엇,1
train_3178.jpg,train,COMPOSITE,"SPELLING:이름.{0,3}(뭐|무엇);;OBJECT:무엇",2
train_3179.jpg,train,COMPOSITE,LOGO:브랜드;;OBJECT:무엇,2
train_3180.jpg,train,COMPOSITE,"SPELLING:이름.{0,3}(뭐|무엇);;OBJECT:무엇",2
train_3181.jpg,train,OBJECT,OBJECT:무엇,1
train_3182.jpg,train,COMPOSITE,"SPELLING:이름.{0,3}(뭐|무엇);;OBJECT:무엇",2
train_3183.jpg,train,OBJECT,OBJECT:있(나요|습니까|어),1
train_3184.jpg,train,PRICE,PRICE:가격,1
train_3185.jpg,train,PRICE,PRICE:가격,1
train_3186.jpg,train,OBJECT,OBJECT:있(나요|습니까|어),1
train_3187.jpg,train,OBJECT,OBJECT:무엇,1
train_3188.jpg,train,OBJECT,OBJECT:무엇,1
train_3189.jpg,train,COMPOSITE,PRICE:가격;;RELATION:보다,2
train_3190.jpg,train,OBJECT,OBJECT:무엇,1
train_3191.jpg,train,UNKNOWN,,0
train_3192.jpg,train,COMPOSITE,SPELLING:글자;;OBJECT:무엇;;RELATION:옆에,3
train_3193.jpg,train,UNKNOWN,,0
train_3194.jpg,train,PRICE,PRICE:가격,1
train_3195.jpg,train,COMPOSITE,"SPELLING:이름.{0,3}(뭐|무엇);;OBJECT:무엇",2
train_3196.jpg,train,COMPOSITE,"SPELLING:이름.{0,3}(뭐|무엇);;OBJECT:무엇",2
train_3197.jpg,train,COMPOSITE,"SPELLING:이름.{0,3}(뭐|무엇);;OBJECT:무엇",2
train_3198.jpg,train,OBJECT,OBJECT:무엇,1
train_3199.jpg,train,OBJECT,OBJECT:무엇,1
train_3200.jpg,train,COMPOSITE,"SPELLING:이름.{0,3}(뭐|무엇);;OBJECT:무엇",2
train_3201.jpg,train,COMPOSITE,SPELLING:글자;;OBJECT:무엇,2
train_3202.jpg,train,OBJECT,OBJECT:무엇,1
train_3203.jpg,train,COMPOSITE,NUMBER:번호;;OBJECT:무엇,2
train_3204.jpg,train,OBJECT,OBJECT:무엇,1
train_3205.jpg,train,COMPOSITE,"SPELLING:이름.{0,3}(뭐|무엇);;OBJECT:무엇",2
train_3206.jpg,train,OBJECT,OBJECT:무엇,1
train_3207.jpg,train,COMPOSITE,TIMEDATE:언제;;RELATION:오른쪽,2
train_3208.jpg,train,OBJECT,OBJECT:무엇,1
train_3209.jpg,train,OBJECT,OBJECT:무엇,1
train_3210.jpg,train,OBJECT,OBJECT:무엇,1
train_3211.jpg,train,COMPOSITE,NUMBER:번호;;OBJECT:무엇,2
train_3212.jpg,train,OBJECT,OBJECT:무엇,1
train_3213.jpg,train,COMPOSITE,OBJECT:무엇;;RELATION:오른쪽,2
train_3214.jpg,train,TIMEDATE,TIMEDATE:언제,1
train_3215.jpg,train,COMPOSITE,"SPELLING:이름.{0,3}(뭐|무엇);;OBJECT:무엇",2
train_3216.jpg,train,OBJECT,OBJECT:무엇,1
train_3217.jpg,train,OBJECT,OBJECT:있(나요|습니까|어),1
train_3218.jpg,train,UNKNOWN,,0
train_3219.jpg,train,OBJECT,OBJECT:무엇,1
train_3220.jpg,train,OBJECT,OBJECT:무엇,1
train_3221.jpg,train,OBJECT,OBJECT:무엇,1
train_3222.jpg,train,PRICE,PRICE:가격,1
train_3223.jpg,train,PRICE,PRICE:가격,1
train_3224.jpg,train,COMPOSITE,"SPELLING:이름.{0,3}(뭐|무엇);;OBJECT:무엇",2
train_3225.jpg,train,COMPOSITE,PRICE:가격;;OBJECT:무엇,2
train_3226.jpg,train,OBJECT,OBJECT:무엇,1
train_3227.jpg,train,PRICE,PRICE:얼마,1
train_3228.jpg,train,PRICE,PRICE:가격,1
train_3229.jpg,train,OBJECT,OBJECT:무엇,1
train_3230.jpg,train,OBJECT,OBJECT:무엇,1
train_3231.jpg,train,OBJECT,OBJECT:무엇,1
train_3232.jpg,train,PRICE,PRICE:얼마,1
train_3233.jpg,train,UNKNOWN,,0
train_3234.jpg,train,COMPOSITE,"SPELLING:이름.{0,3}(뭐|무엇);;OBJECT:무엇;;RELATION:오른쪽",3
train_3235.jpg,train,COMPOSITE,SPELLING:글자;;OBJECT:무엇;;RELATION:위에,3
train_3236.jpg,train,UNKNOWN,,0
train_3237.jpg,train,COMPOSITE,"SPELLING:이름.{0,3}(뭐|무엇);;OBJECT:무엇",2
train_3238.jpg,train,COMPOSITE,TIMEDATE:날짜;;OBJECT:무엇,2
train_3239.jpg,train,OBJECT,OBJECT:있(나요|습니까|어),1
train_3240.jpg,train,OBJECT,OBJECT:무엇,1
train_3241.jpg,train,OBJECT,OBJECT:있(나요|습니까|어),1
train_3242.jpg,train,COMPOSITE,"SPELLING:이름.{0,3}(뭐|무엇);;OBJECT:무엇",2
train_3243.jpg,train,OBJECT,OBJECT:무엇,1
train_3244.jpg,train,PRICE,PRICE:가격,1
train_3245.jpg,train,PRICE,PRICE:가격,1
train_3246.jpg,train,OBJECT,OBJECT:무엇,1
train_3247.jpg,train,COMPOSITE,SPELLING:글자;;OBJECT:무엇,2
train_3248.jpg,train,PRICE,PRICE:얼마,1
train_3249.jpg,train,UNKNOWN,,0
train_3250.jpg,train,OBJECT,OBJECT:무엇,1
train_3251.jpg,train,OBJECT,OBJECT:무엇,1
train_3252.jpg,train,COMPOSITE,"SPELLING:이름.{0,3}(뭐|무엇);;OBJECT:무엇",2
train_3253.jpg,train,PRICE,PRICE:얼마,1
train_3254.jpg,train,COMPOSITE,NUMBER:번호;;OBJECT:무엇,2
train_3255.jpg,train,OBJECT,OBJECT:무엇,1
train_3256.jpg,train,UNKNOWN,,0
train_3257.jpg,train,PRICE,PRICE:가격,1
train_3258.jpg,train,UNKNOWN,,0
train_3259.jpg,train,UNKNOWN,,0
train_3260.jpg,train,COMPOSITE,"SPELLING:이름.{0,3}(뭐|무엇);;OBJECT:무엇",2
train_3261.jpg,train,OBJECT,OBJECT:무엇,1
train_3262.jpg,train,OBJECT,OBJECT:무엇,1
train_3263.jpg,train,OBJECT,OBJECT:무엇,1
train_3264.jpg,train,OBJECT,OBJECT:무엇,1
train_3265.jpg,train,COMPOSITE,"SPELLING:이름.{0,3}(뭐|무엇);;OBJECT:무엇",2
train_3266.jpg,train,OBJECT,OBJECT:무엇,1
train_3267.jpg,train,PRICE,PRICE:가격,1
train_3268.jpg,train,PRICE,PRICE:가격,1
train_3269.jpg,train,COMPOSITE,"SPELLING:이름.{0,3}(뭐|무엇);;OBJECT:무엇",2
train_3270.jpg,train,COMPOSITE,"SPELLING:이름.{0,3}(뭐|무엇);;OBJECT:무엇",2
train_3271.jpg,train,PRICE,PRICE:가격,1
train_3272.jpg,train,TIMEDATE,TIMEDATE:영업\s*시간,1
train_3273.jpg,train,COMPOSITE,"SPELLING:이름.{0,3}(뭐|무엇);;OBJECT:무엇",2
train_3274.jpg,train,OBJECT,OBJECT:무엇,1
train_3275.jpg,train,OBJECT,OBJECT:무엇,1
train_3276.jpg,train,PRICE,PRICE:가격,1
train_3277.jpg,train,COMPOSITE,NUMBER:번호;;OBJECT:무엇,2
train_3278.jpg,train,OBJECT,OBJECT:무엇,1
train_3279.jpg,train,OBJECT,OBJECT:무엇,1
train_3280.jpg,train,OBJECT,OBJECT:무엇,1
train_3281.jpg,train,COMPOSITE,"SPELLING:이름.{0,3}(뭐|무엇);;OBJECT:무엇",2
train_3282.jpg,train,COMPOSITE,OBJECT:무엇;;RELATION:아래,2
train_3283.jpg,train,OBJECT,OBJECT:무엇,1
train_3284.jpg,train,TIMEDATE,TIMEDATE:언제,1
train_3285.jpg,train,UNKNOWN,,0
train_3286.jpg,train,OBJECT,OBJECT:무엇,1
train_3287.jpg,train,PRICE,PRICE:가격,1
train_3288.jpg,train,UNKNOWN,,0
train_3289.jpg,train,OBJECT,OBJECT:무엇,1
train_3290.jpg,train,OBJECT,OBJECT:무엇,1
train_3291.jpg,train,COMPOSITE,"SPELLING:이름.{0,3}(뭐|무엇);;LOGO:브랜드;;OBJECT:무엇",3
train_3292.jpg,train,COMPOSITE,NUMBER:번호;;OBJECT:무엇,2
train_3293.jpg,train,COMPOSITE,"SPELLING:이름.{0,3}(뭐|무엇);;OBJECT:무엇",2
train_3294.jpg,train,OBJECT,OBJECT:있(나요|습니까|어),1
train_3295.jpg,train,COMPOSITE,NUMBER:번호;;OBJECT:무엇,2
train_3296.jpg,train,OBJECT,OBJECT:무엇,1
train_3297.jpg,train,OBJECT,OBJECT:무엇,1
train_3298.jpg,train,COMPOSITE,NUMBER:번호;;OBJECT:무엇,2
train_3299.jpg,train,COMPOSITE,TIMEDATE:영업\s*시간;;OBJECT:무엇,2
train_3300.jpg,train,OBJECT,OBJECT:있(나요|습니까|어),1
train_3301.jpg,train,OBJECT,OBJECT:무엇,1
train_3302.jpg,train,PRICE,PRICE:얼마,1
train_3303.jpg,train,OBJECT,OBJECT:무엇,1
train_3304.jpg,train,OBJECT,OBJECT:무엇,1
train_3305.jpg,train,COMPOSITE,"SPELLING:이름.{0,3}(뭐|무엇);;OBJECT:무엇",2
train_3306.jpg,train,COMPOSITE,"SPELLING:이름.{0,3}(뭐|무엇);;OBJECT:무엇",2
train_3307.jpg,train,COMPOSITE,OBJECT:무엇;;RELATION:비교,2
train_3308.jpg,train,COMPOSITE,"SPELLING:이름.{0,3}(뭐|무엇);;OBJECT:무엇",2
train_3309.jpg,train,COMPOSITE,"SPELLING:이름.{0,3}(뭐|무엇);;OBJECT:무엇",2
train_3310.jpg,train,OBJECT,OBJECT:무엇,1
train_3311.jpg,train,OBJECT,OBJECT:무엇,1
train_3312.jpg,train,COMPOSITE,NUMBER:번호;;OBJECT:무엇,2
train_3313.jpg,train,OBJECT,OBJECT:무엇,1
train_3314.jpg,train,COMPOSITE,PRICE:가격;;OBJECT:무엇,2
train_3315.jpg,train,OBJECT,OBJECT:무엇,1
train_3316.jpg,train,COMPOSITE,NUMBER:번호;;OBJECT:무엇,2
train_3317.jpg,train,COMPOSITE,NUMBER:번호;;OBJECT:무엇,2
train_3318.jpg,train,OBJECT,OBJECT:무엇,1
train_3319.jpg,train,COMPOSITE,"SPELLING:이름.{0,3}(뭐|무엇);;OBJECT:무엇",2
train_3320.jpg,train,OBJECT,OBJECT:무엇,1
train_3321.jpg,train,OBJECT,OBJECT:있(나요|습니까|어),1
train_3322.jpg,train,OBJECT,OBJECT:무엇,1
train_3323.jpg,train,OBJECT,OBJECT:무엇,1
train_3324.jpg,train,COMPOSITE,"SPELLING:이름.{0,3}(뭐|무엇);;OBJECT:무엇",2
train_3325.jpg,train,OBJECT,OBJECT:무엇,1
train_3326.jpg,train,COMPOSITE,"SPELLING:이름.{0,3}(뭐|무엇);;OBJECT:무엇",2
train_3327.jpg,train,OBJECT,OBJECT:무엇,1
train_3328.jpg,train,COMPOSITE,NUMBER:번호;;OBJECT:무엇,2
train_3329.jpg,train,COMPOSITE,NUMBER:번호;;OBJECT:무엇,2
train_3330.jpg,train,COMPOSITE,NUMBER:번호;;OBJECT:무엇,2
train_3331.jpg,train,UNKNOWN,,0
train_3332.jpg,train,COMPOSITE,"SPELLING:이름.{0,3}(뭐|무엇);;OBJECT:무엇",2
train_3333.jpg,train,OBJECT,OBJECT:무엇,1
train_3334.jpg,train,OBJECT,OBJECT:무엇,1
train_3335.jpg,train,PRICE,PRICE:가격,1
train_3336.jpg,train,PRICE,PRICE:얼마,1
train_3337.jpg,train,COMPOSITE,"SPELLING:이름.{0,3}(뭐|무엇);;OBJECT:무엇",2
train_3338.jpg,train,COMPOSITE,SPELLING:글자;;OBJECT:무엇,2
train_3339.jpg,train,COMPOSITE,PRICE:얼마;;RELATION:왼쪽,2
train_3340.jpg,train,OBJECT,OBJECT:무엇,1
train_3341.jpg,train,COMPOSITE,"SPELLING:이름.{0,3}(뭐|무엇);;OBJECT:무엇",2
train_3342.jpg,train,PRICE,PRICE:가격,1
train_3343.jpg,train,COMPOSITE,"SPELLING:이름.{0,3}(뭐|무엇);;OBJECT:무엇",2
train_3344.jpg,train,OBJECT,OBJECT:무엇,1
train_3345.jpg,train,PRICE,PRICE:얼마,1
train_3346.jpg,train,OBJECT,OBJECT:무엇,1
train_3347.jpg,train,UNKNOWN,,0
train_3348.jpg,train,COMPOSITE,"SPELLING:이름.{0,3}(뭐|무엇);;OBJECT:무엇",2
train_3349.jpg,train,COMPOSITE,PRICE:가격;;OBJECT:무엇,2
train_3350.jpg,train,OBJECT,OBJECT:무엇,1
train_3351.jpg,train,PRICE,PRICE:가격,1
train_3352.jpg,train,COMPOSITE,"SPELLING:이름.{0,3}(뭐|무엇);;OBJECT:무엇",2
train_3353.jpg,train,OBJECT,OBJECT:무엇,1
train_3354.jpg,train,OBJECT,OBJECT:있(나요|습니까|어),1
train_3355.jpg,train,NUMBER,NUMBER:번호,1
train_3356.jpg,train,OBJECT,OBJECT:무엇,1
train_3357.jpg,train,COMPOSITE,NUMBER:번호;;OBJECT:무엇,2
train_3358.jpg,train,COMPOSITE,SPELLING:글자;;OBJECT:무엇,2
train_3359.jpg,train,COMPOSITE,"SPELLING:이름.{0,3}(뭐|무엇);;OBJECT:무엇",2
train_3360.jpg,train,PRICE,PRICE:가격,1
train_3361.jpg,train,PRICE,PRICE:얼마,1
train_3362.jpg,train,PRICE,PRICE:얼마,1
train_3363.jpg,train,COMPOSITE,NUMBER:번호;;OBJECT:무엇,2
train_3364.jpg,train,UNKNOWN,,0
train_3365.jpg,train,OBJECT,OBJECT:무엇,1
train_3366.jpg,train,UNKNOWN,,0
train_3367.jpg,train,COMPOSITE,"SPELLING:이름.{0,3}(뭐|무엇);;OBJECT:무엇",2
train_3368.jpg,train,OBJECT,OBJECT:무엇,1
train_3369.jpg,train,PRICE,PRICE:얼마,1
train_3370.jpg,train,COMPOSITE,"SPELLING:이름.{0,3}(뭐|무엇);;OBJECT:무엇",2
train_3371.jpg,train,OBJECT,OBJECT:있(나요|습니까|어),1
train_3372.jpg,train,UNKNOWN,,0
train_3373.jpg,train,OBJECT,OBJECT:무엇,1
train_3374.jpg,train,COMPOSITE,NUMBER:번호;;OBJECT:무엇,2
train_3375.jpg,train,PRICE,PRICE:가격,1
train_3376.jpg,train,COMPOSITE,"SPELLING:이름.{0,3}(뭐|무엇);;OBJECT:무엇",2
train_3377.jpg,train,OBJECT,OBJECT:무엇,1
train_3378.jpg,train,OBJECT,OBJECT:무엇,1
train_3379.jpg,train,PRICE,PRICE:가격,1
train_3380.jpg,train,OBJECT,OBJECT:무엇,1
train_3381.jpg,train,PRICE,PRICE:얼마,1
train_3382.jpg,train,OBJECT,OBJECT:무엇,1
train_3383.jpg,train,COMPOSITE,"SPELLING:이름.{0,3}(뭐|무엇);;OBJECT:무엇",2
train_3384.jpg,train,COMPOSITE,"SPELLING:이름.{0,3}(뭐|무엇);;OBJECT:무엇",2
train_3385.jpg,train,PRICE,PRICE:가격,1
train_3386.jpg,train,COMPOSITE,"SPELLING:이름.{0,3}(뭐|무엇);;LOGO:브랜드;;OBJECT:무엇",3
train_3387.jpg,train,OBJECT,OBJECT:무엇,1
train_3388.jpg,train,OBJECT,OBJECT:무엇,1
train_3389.jpg,train,COMPOSITE,"SPELLING:이름.{0,3}(뭐|무엇);;OBJECT:무엇",2
train_3390.jpg,train,COMPOSITE,"SPELLING:이름.{0,3}(뭐|무엇);;OBJECT:무엇",2
train_3391.jpg,train,OBJECT,OBJECT:무엇,1
train_3392.jpg,train,OBJECT,OBJECT:무엇,1
train_3393.jpg,train,COMPOSITE,"SPELLING:이름.{0,3}(뭐|무엇);;OBJECT:무엇",2
train_3394.jpg,train,OBJECT,OBJECT:무엇,1
train_3395.jpg,train,COMPOSITE,"SPELLING:이름.{0,3}(뭐|무엇);;OBJECT:무엇",2
train_3396.jpg,train,PRICE,PRICE:가격,1
train_3397.jpg,train,OBJECT,OBJECT:무엇,1
train_3398.jpg,train,PRICE,PRICE:가격,1
train_3399.jpg,train,OBJECT,OBJECT:무엇,1
train_3400.jpg,train,OBJECT,OBJECT:무엇,1
train_3401.jpg,train,OBJECT,OBJECT:무엇,1
train_3402.jpg,train,COMPOSITE,LOGO:브랜드;;OBJECT:무엇,2
train_3403.jpg,train,COMPOSITE,"SPELLING:이름.{0,3}(뭐|무엇);;OBJECT:무엇",2
train_3404.jpg,train,OBJECT,OBJECT:무엇,1
train_3405.jpg,train,UNKNOWN,,0
train_3406.jpg,train,COMPOSITE,"SPELLING:이름.{0,3}(뭐|무엇);;OBJECT:무엇",2
train_3407.jpg,train,OBJECT,OBJECT:무엇,1
train_3408.jpg,train,UNKNOWN,,0
train_3409.jpg,train,COMPOSITE,"SPELLING:이름.{0,3}(뭐|무엇);;OBJECT:무엇",2
train_3410.jpg,train,COMPOSITE,"SPELLING:이름.{0,3}(뭐|무엇);;OBJECT:무엇",2
train_3411.jpg,train,PRICE,PRICE:가격,1
train_3412.jpg,train,COMPOSITE,NUMBER:몇\s*번;;OBJECT:있(나요|습니까|어),2
train_3413.jpg,train,COMPOSITE,"SPELLING:이름.{0,3}(뭐|무엇);;OBJECT:무엇",2
train_3414.jpg,train,UNKNOWN,,0
train_3415.jpg,train,OBJECT,OBJECT:무엇,1
train_3416.jpg,train,COMPOSITE,"SPELLING:이름.{0,3}(뭐|무엇);;OBJECT:무엇",2
train_3417.jpg,train,OBJECT,OBJECT:무엇,1
train_3418.jpg,train,OBJECT,OBJECT:무엇,1
train_3419.jpg,train,PRICE,PRICE:가격,1
train_3420.jpg,train,COMPOSITE,"SPELLING:이름.{0,3}(뭐|무엇);;OBJECT:무엇",2
train_3421.jpg,train,OBJECT,OBJECT:무엇,1
train_3422.jpg,train,OBJECT,OBJECT:무엇,1
train_3423.jpg,train,OBJECT,OBJECT:무엇,1
train_3424.jpg,train,UNKNOWN,,0
train_3425.jpg,train,OBJECT,OBJECT:무엇,1
train_3426.jpg,train,COMPOSITE,SPELLING:글자;;OBJECT:무엇,2
train_3427.jpg,train,COMPOSITE,"SPELLING:이름.{0,3}(뭐|무엇);;OBJECT:무엇",2
train_3428.jpg,train,UNKNOWN,,0
train_3429.jpg,train,OBJECT,OBJECT:무엇,1
train_3430.jpg,train,COMPOSITE,"SPELLING:이름.{0,3}(뭐|무엇);;OBJECT:무엇",2
train_3431.jpg,train,OBJECT,OBJECT:무엇,1
train_3432.jpg,train,OBJECT,OBJECT:무엇,1
train_3433.jpg,train,TIMEDATE,TIMEDATE:기간,1
train_3434.jpg,train,OBJECT,OBJECT:있(나요|습니까|어),1
train_3435.jpg,train,COMPOSITE,TABLE:항목;;OBJECT:무엇,2
train_3436.jpg,train,UNKNOWN,,0
train_3437.jpg,train,COMPOSITE,"SPELLING:이름.{0,3}(뭐|무엇);;OBJECT:무엇",2
train_3438.jpg,train,COMPOSITE,"SPELLING:이름.{0,3}(뭐|무엇);;OBJECT:무엇",2
train_3439.jpg,train,COMPOSITE,LOGO:브랜드;;OBJECT:무엇,2
train_3440.jpg,train,COMPOSITE,SPELLING:글자;;OBJECT:무엇,2
train_3441.jpg,train,COMPOSITE,"SPELLING:이름.{0,3}(뭐|무엇);;LOGO:브랜드;;OBJECT:무엇",3
train_3442.jpg,train,OBJECT,OBJECT:무엇,1
train_3443.jpg,train,OBJECT,OBJECT:있(나요|습니까|어),1
train_3444.jpg,train,COMPOSITE,"SPELLING:이름.{0,3}(뭐|무엇);;OBJECT:무엇",2
train_3445.jpg,train,COMPOSITE,"SPELLING:이름.{0,3}(뭐|무엇);;LOGO:브랜드;;OBJECT:무엇",3
train_3446.jpg,train,NUMBER,NUMBER:몇\s*개,1
train_3447.jpg,train,OBJECT,OBJECT:무엇,1
train_3448.jpg,train,OBJECT,OBJECT:있(나요|습니까|어),1
train_3449.jpg,train,COMPOSITE,NUMBER:번호;;OBJECT:무엇,2
train_3450.jpg,train,TIMEDATE,TIMEDATE:언제,1
train_3451.jpg,train,UNKNOWN,,0
train_3452.jpg,train,COMPOSITE,NUMBER:번호;;OBJECT:무엇,2
train_3453.jpg,train,PRICE,PRICE:얼마,1
train_3454.jpg,train,COMPOSITE,OBJECT:무엇;;RELATION:오른쪽,2
train_3455.jpg,train,OBJECT,OBJECT:무엇,1
train_3456.jpg,train,COMPOSITE,NUMBER:번호;;OBJECT:무엇,2
train_3457.jpg,train,TIMEDATE,TIMEDATE:영업\s*시간,1
train_3458.jpg,train,PRICE,PRICE:가격,1
train_3459.jpg,train,OBJECT,OBJECT:무엇,1
train_3460.jpg,train,COMPOSITE,NUMBER:번호;;OBJECT:무엇,2
train_3461.jpg,train,OBJECT,OBJECT:무엇,1
train_3462.jpg,train,OBJECT,OBJECT:무엇,1
train_3463.jpg,train,COMPOSITE,PRICE:가격;;LOGO:브랜드,2
train_3464.jpg,train,COMPOSITE,"SPELLING:이름.{0,3}(뭐|무엇);;OBJECT:무엇",2
train_3465.jpg,train,OBJECT,OBJECT:무엇,1
train_3466.jpg,train,TIMEDATE,TIMEDATE:언제,1
train_3467.jpg,train,OBJECT,OBJECT:무엇,1
train_3468.jpg,train,OBJECT,OBJECT:있(나요|습니까|어),1
train_3469.jpg,train,PRICE,PRICE:얼마,1
train_3470.jpg,train,PRICE,PRICE:가격,1
train_3471.jpg,train,COMPOSITE,SPELLING:글자;;OBJECT:무엇,2
train_3472.jpg,train,COMPOSITE,"SPELLING:이름.{0,3}(뭐|무엇);;OBJECT:무엇",2
train_3473.jpg,train,OBJECT,OBJECT:무엇,1
train_3474.jpg,train,PRICE,PRICE:가격,1
train_3475.jpg,train,COMPOSITE,"SPELLING:이름.{0,3}(뭐|무엇);;OBJECT:무엇",2
train_3476.jpg,train,COMPOSITE,LOGO:브랜드;;OBJECT:무엇,2
train_3477.jpg,train,COMPOSITE,NUMBER:번호;;OBJECT:무엇,2
train_3478.jpg,train,COMPOSITE,"SPELLING:이름.{0,3}(뭐|무엇);;OBJECT:무엇",2
train_3479.jpg,train,COMPOSITE,"SPELLING:이름.{0,3}(뭐|무엇);;LOGO:브랜드;;OBJECT:무엇",3
train_3480.jpg,train,OBJECT,OBJECT:무엇,1
train_3481.jpg,train,COMPOSITE,"SPELLING:이름.{0,3}(뭐|무엇);;LOGO:브랜드;;OBJECT:무엇",3
train_3482.jpg,train,COMPOSITE,SPELLING:글자;;OBJECT:무엇,2
train_3483.jpg,train,COMPOSITE,"SPELLING:이름.{0,3}(뭐|무엇);;OBJECT:무엇",2
train_3484.jpg,train,PRICE,PRICE:얼마,1
train_3485.jpg,train,UNKNOWN,,0
train_3486.jpg,train,UNKNOWN,,0
train_3487.jpg,train,COMPOSITE,"SPELLING:이름.{0,3}(뭐|무엇);;OBJECT:무엇",2
train_3488.jpg,train,OBJECT,OBJECT:무엇,1
train_3489.jpg,train,OBJECT,OBJECT:무엇,1
train_3490.jpg,train,OBJECT,OBJECT:무엇,1
train_3491.jpg,train,COMPOSITE,"SPELLING:이름.{0,3}(뭐|무엇);;OBJECT:무엇",2
train_3492.jpg,train,PRICE,PRICE:얼마,1
train_3493.jpg,train,OBJECT,OBJECT:무엇,1
train_3494.jpg,train,COMPOSITE,SPELLING:글자;;OBJECT:무엇,2
train_3495.jpg,train,COMPOSITE,"SPELLING:이름.{0,3}(뭐|무엇);;OBJECT:무엇",2
train_3496.jpg,train,OBJECT,OBJECT:무엇,1
train_3497.jpg,train,COMPOSITE,NUMBER:번호;;OBJECT:무엇,2
train_3498.jpg,train,OBJECT,OBJECT:무엇,1
train_3499.jpg,train,OBJECT,OBJECT:있(나요|습니까|어),1
train_3500.jpg,train,COMPOSITE,"SPELLING:이름.{0,3}(뭐|무엇);;OBJECT:무엇",2
train_3501.jpg,train,OBJECT,OBJECT:무엇,1
train_3502.jpg,train,OBJECT,OBJECT:무엇,1
train_3503.jpg,train,OBJECT,OBJECT:무엇,1
train_3504.jpg,train,OBJECT,OBJECT:무엇,1
train_3505.jpg,train,OBJECT,OBJECT:무엇,1
train_3506.jpg,train,COMPOSITE,"SPELLING:이름.{0,3}(뭐|무엇);;OBJECT:무엇",2
train_3507.jpg,train,TIMEDATE,TIMEDATE:영업\s*시간,1
train_3508.jpg,train,OBJECT,OBJECT:무엇,1
train_3509.jpg,train,COMPOSITE,"SPELLING:이름.{0,3}(뭐|무엇);;OBJECT:무엇",2
train_3510.jpg,train,OBJECT,OBJECT:무엇,1
train_3511.jpg,train,OBJECT,OBJECT:무엇,1
train_3512.jpg,train,COMPOSITE,"SPELLING:이름.{0,3}(뭐|무엇);;OBJECT:무엇",2
train_3513.jpg,train,OBJECT,OBJECT:무엇,1
train_3514.jpg,train,UNKNOWN,,0
train_3515.jpg,train,OBJECT,OBJECT:무엇,1
train_3516.jpg,train,COMPOSITE,NUMBER:번호;;OBJECT:무엇,2
train_3517.jpg,train,OBJECT,OBJECT:무엇,1
train_3518.jpg,train,COMPOSITE,"SPELLING:이름.{0,3}(뭐|무엇);;OBJECT:무엇",2
train_3519.jpg,train,OBJECT,OBJECT:무엇,1
train_3520.jpg,train,OBJECT,OBJECT:있(나요|습니까|어),1
train_3521.jpg,train,PRICE,PRICE:가격,1
train_3522.jpg,train,OBJECT,OBJECT:무엇,1
train_3523.jpg,train,COMPOSITE,NUMBER:번호;;OBJECT:무엇,2
train_3524.jpg,train,OBJECT,OBJECT:무엇,1
train_3525.jpg,train,OBJECT,OBJECT:무엇,1
train_3526.jpg,train,OBJECT,OBJECT:무엇,1
train_3527.jpg,train,OBJECT,OBJECT:무엇,1
train_3528.jpg,train,PRICE,PRICE:얼마,1
train_3529.jpg,train,UNKNOWN,,0
train_3530.jpg,train,COMPOSITE,"SPELLING:이름.{0,3}(뭐|무엇);;OBJECT:무엇",2
train_3531.jpg,train,TIMEDATE,TIMEDATE:언제,1
train_3532.jpg,train,OBJECT,OBJECT:무엇,1
train_3533.jpg,train,COMPOSITE,"SPELLING:이름.{0,3}(뭐|무엇);;OBJECT:무엇",2
train_3534.jpg,train,TIMEDATE,TIMEDATE:영업\s*시간,1
train_3535.jpg,train,OBJECT,OBJECT:무엇,1
train_3536.jpg,train,TIMEDATE,TIMEDATE:언제,1
train_3537.jpg,train,NUMBER,NUMBER:번호,1
train_3538.jpg,train,COMPOSITE,"SPELLING:이름.{0,3}(뭐|무엇);;OBJECT:무엇",2
train_3539.jpg,train,OBJECT,OBJECT:무엇,1
train_3540.jpg,train,NUMBER,NUMBER:몇\s*개,1
train_3541.jpg,train,OBJECT,OBJECT:무엇,1
train_3542.jpg,train,COMPOSITE,SPELLING:글자;;OBJECT:무엇,2
train_3543.jpg,train,OBJECT,OBJECT:무엇,1
train_3544.jpg,train,PRICE,PRICE:얼마,1
train_3545.jpg,train,PRICE,PRICE:가격,1
train_3546.jpg,train,COMPOSITE,"SPELLING:이름.{0,3}(뭐|무엇);;OBJECT:무엇",2
train_3547.jpg,train,OBJECT,OBJECT:무엇,1
train_3548.jpg,train,PRICE,PRICE:가격,1
train_3549.jpg,train,OBJECT,OBJECT:무엇,1
train_3550.jpg,train,UNKNOWN,,0
train_3551.jpg,train,COMPOSITE,"SPELLING:이름.{0,3}(뭐|무엇);;OBJECT:무엇",2
train_3552.jpg,train,COMPOSITE,"SPELLING:이름.{0,3}(뭐|무엇);;OBJECT:무엇",2
train_3553.jpg,train,COMPOSITE,"SPELLING:이름.{0,3}(뭐|무엇);;OBJECT:무엇",2
train_3554.jpg,train,OBJECT,OBJECT:무엇,1
train_3555.jpg,train,OBJECT,OBJECT:있(나요|습니까|어),1
train_3556.jpg,train,COMPOSITE,"SPELLING:이름.{0,3}(뭐|무엇);;OBJECT:무엇",2
train_3557.jpg,train,COMPOSITE,"SPELLING:이름.{0,3}(뭐|무엇);;OBJECT:무엇",2
train_3558.jpg,train,COMPOSITE,SPELLING:글자;;OBJECT:무엇;;RELATION:위에,3
train_3559.jpg,train,PRICE,PRICE:가격,1
train_3560.jpg,train,OBJECT,OBJECT:무엇,1
train_3561.jpg,train,OBJECT,OBJECT:무엇,1
train_3562.jpg,train,OBJECT,OBJECT:무엇,1
train_3563.jpg,train,OBJECT,OBJECT:무엇,1
train_3564.jpg,train,UNKNOWN,,0
train_3565.jpg,train,COMPOSITE,"SPELLING:이름.{0,3}(뭐|무엇);;OBJECT:무엇",2
train_3566.jpg,train,OBJECT,OBJECT:무엇,1
train_3567.jpg,train,OBJECT,OBJECT:무엇,1
train_3568.jpg,train,OBJECT,OBJECT:무엇,1
train_3569.jpg,train,COMPOSITE,LOGO:브랜드;;OBJECT:무엇,2
train_3570.jpg,train,COMPOSITE,OBJECT:무엇;;RELATION:아래,2
train_3571.jpg,train,COMPOSITE,"SPELLING:이름.{0,3}(뭐|무엇);;OBJECT:무엇",2
train_3572.jpg,train,UNKNOWN,,0
train_3573.jpg,train,COMPOSITE,"SPELLING:이름.{0,3}(뭐|무엇);;OBJECT:무엇",2
train_3574.jpg,train,OBJECT,OBJECT:무엇,1
train_3575.jpg,train,UNKNOWN,,0
train_3576.jpg,train,PRICE,PRICE:가격,1
train_3577.jpg,train,PRICE,PRICE:얼마,1
train_3578.jpg,train,COMPOSITE,"SPELLING:이름.{0,3}(뭐|무엇);;OBJECT:무엇",2
train_3579.jpg,train,PRICE,PRICE:가격,1
train_3580.jpg,train,OBJECT,OBJECT:무엇,1
train_3581.jpg,train,OBJECT,OBJECT:무엇,1
train_3582.jpg,train,OBJECT,OBJECT:무엇,1
train_3583.jpg,train,COMPOSITE,PRICE:가격;;OBJECT:무엇,2
train_3584.jpg,train,PRICE,PRICE:가격,1
train_3585.jpg,train,OBJECT,OBJECT:무엇,1
train_3586.jpg,train,OBJECT,OBJECT:무엇,1
train_3587.jpg,train,OBJECT,OBJECT:무엇,1
train_3588.jpg,train,OBJECT,OBJECT:무엇,1
train_3589.jpg,train,COMPOSITE,NUMBER:번호;;OBJECT:무엇,2
train_3590.jpg,train,TABLE,TABLE:항목,1
train_3591.jpg,train,COMPOSITE,LOGO:브랜드;;OBJECT:무엇,2
train_3592.jpg,train,UNKNOWN,,0
train_3593.jpg,train,COMPOSITE,NUMBER:번호;;OBJECT:무엇,2
train_3594.jpg,train,TIMEDATE,TIMEDATE:언제,1
train_3595.jpg,train,PRICE,PRICE:가격,1
train_3596.jpg,train,OBJECT,OBJECT:무엇,1
train_3597.jpg,train,COMPOSITE,PRICE:얼마;;OBJECT:있(나요|습니까|어),2
train_3598.jpg,train,COMPOSITE,"SPELLING:이름.{0,3}(뭐|무엇);;OBJECT:무엇",2
train_3599.jpg,train,COMPOSITE,"SPELLING:이름.{0,3}(뭐|무엇);;OBJECT:무엇",2
train_3600.jpg,train,COMPOSITE,NUMBER:번호;;OBJECT:무엇,2
train_3601.jpg,train,PRICE,PRICE:얼마,1
train_3602.jpg,train,OBJECT,OBJECT:무엇,1
train_3603.jpg,train,PRICE,PRICE:가격,1
train_3604.jpg,train,OBJECT,OBJECT:무엇,1
train_3605.jpg,train,UNKNOWN,,0
train_3606.jpg,train,OBJECT,OBJECT:무엇,1
train_3607.jpg,train,UNKNOWN,,0
train_3608.jpg,train,OBJECT,OBJECT:무엇,1
train_3609.jpg,train,UNKNOWN,,0
train_3610.jpg,train,COMPOSITE,NUMBER:번호;;OBJECT:무엇,2
train_3611.jpg,train,NUMBER,NUMBER:몇\s*번,1
train_3612.jpg,train,OBJECT,OBJECT:무엇,1
train_3613.jpg,train,COMPOSITE,"SPELLING:이름.{0,3}(뭐|무엇);;OBJECT:무엇",2
train_3614.jpg,train,COMPOSITE,PRICE:가격;;OBJECT:무엇,2
train_3615.jpg,train,COMPOSITE,"SPELLING:이름.{0,3}(뭐|무엇);;OBJECT:무엇",2
train_3616.jpg,train,OBJECT,OBJECT:있(나요|습니까|어),1
train_3617.jpg,train,COMPOSITE,"SPELLING:이름.{0,3}(뭐|무엇);;OBJECT:무엇;;RELATION:왼쪽",3
train_3618.jpg,train,COMPOSITE,"SPELLING:이름.{0,3}(뭐|무엇);;OBJECT:무엇",2
train_3619.jpg,train,OBJECT,OBJECT:있(나요|습니까|어),1
train_3620.jpg,train,OBJECT,OBJECT:무엇,1
train_3621.jpg,train,UNKNOWN,,0
train_3622.jpg,train,COMPOSITE,NUMBER:번호;;OBJECT:무엇,2
train_3623.jpg,train,OBJECT,OBJECT:무엇,1
train_3624.jpg,train,OBJECT,OBJECT:있(나요|습니까|어),1
train_3625.jpg,train,UNKNOWN,,0
train_3626.jpg,train,COMPOSITE,"SPELLING:이름.{0,3}(뭐|무엇);;OBJECT:무엇",2
train_3627.jpg,train,COMPOSITE,"SPELLING:이름.{0,3}(뭐|무엇);;OBJECT:무엇",2
train_3628.jpg,train,OBJECT,OBJECT:무엇,1
train_3629.jpg,train,OBJECT,OBJECT:있(나요|습니까|어),1
train_3630.jpg,train,COMPOSITE,"SPELLING:이름.{0,3}(뭐|무엇);;OBJECT:무엇",2
train_3631.jpg,train,UNKNOWN,,0
train_3632.jpg,train,UNKNOWN,,0
train_3633.jpg,train,COMPOSITE,"SPELLING:이름.{0,3}(뭐|무엇);;OBJECT:무엇;;RELATION:오른쪽",3
train_3634.jpg,train,COMPOSITE,TABLE:항목;;OBJECT:무엇,2
train_3635.jpg,train,PRICE,PRICE:얼마,1
train_3636.jpg,train,COMPOSITE,"SPELLING:이름.{0,3}(뭐|무엇);;OBJECT:무엇",2
train_3637.jpg,train,OBJECT,OBJECT:무엇,1
train_3638.jpg,train,PRICE,PRICE:얼마,1
train_3639.jpg,train,OBJECT,OBJECT:무엇,1
train_3640.jpg,train,OBJECT,OBJECT:무엇,1
train_3641.jpg,train,COMPOSITE,SPELLING:글자;;OBJECT:무엇,2
train_3642.jpg,train,UNKNOWN,,0
train_3643.jpg,train,OBJECT,OBJECT:무엇,1
train_3644.jpg,train,UNKNOWN,,0
train_3645.jpg,train,OBJECT,OBJECT:무엇,1
train_3646.jpg,train,COMPOSITE,NUMBER:번호;;OBJECT:무엇,2
train_3647.jpg,train,PRICE,PRICE:가격,1
train_3648.jpg,train,OBJECT,OBJECT:무엇,1
train_3649.jpg,train,OBJECT,OBJECT:무엇,1
train_3650.jpg,train,UNKNOWN,,0
train_3651.jpg,train,COMPOSITE,"SPELLING:이름.{0,3}(뭐|무엇);;OBJECT:무엇",2
train_3652.jpg,train,PRICE,PRICE:가격,1
train_3653.jpg,train,COMPOSITE,"SPELLING:이름.{0,3}(뭐|무엇);;OBJECT:무엇",2
train_3654.jpg,train,OBJECT,OBJECT:무엇,1
train_3655.jpg,train,OBJECT,OBJECT:무엇,1
train_3656.jpg,train,OBJECT,OBJECT:무엇,1
train_3657.jpg,train,PRICE,PRICE:얼마,1
train_3658.jpg,train,COMPOSITE,"SPELLING:이름.{0,3}(뭐|무엇);;OBJECT:무엇",2
train_3659.jpg,train,TIMEDATE,TIMEDATE:기간,1
train_3660.jpg,train,PRICE,PRICE:얼마,1
train_3661.jpg,train,COMPOSITE,"SPELLING:이름.{0,3}(뭐|무엇);;OBJECT:무엇",2
train_3662.jpg,train,COMPOSITE,"SPELLING:이름.{0,3}(뭐|무엇);;OBJECT:무엇",2
train_3663.jpg,train,COMPOSITE,"SPELLING:이름.{0,3}(뭐|무엇);;OBJECT:무엇",2
train_3664.jpg,train,OBJECT,OBJECT:무엇,1
train_3665.jpg,train,PRICE,PRICE:얼마,1
train_3666.jpg,train,COMPOSITE,SPELLING:글자;;OBJECT:무엇;;RELATION:아래,3
train_3667.jpg,train,COMPOSITE,NUMBER:번호;;OBJECT:무엇,2
train_3668.jpg,train,PRICE,PRICE:얼마,1
train_3669.jpg,train,OBJECT,OBJECT:무엇,1
train_3670.jpg,train,OBJECT,OBJECT:무엇,1
train_3671.jpg,train,TIMEDATE,TIMEDATE:영업\s*시간,1
train_3672.jpg,train,OBJECT,OBJECT:무엇,1
train_3673.jpg,train,COMPOSITE,"SPELLING:이름.{0,3}(뭐|무엇);;OBJECT:무엇",2
train_3674.jpg,train,COMPOSITE,"SPELLING:이름.{0,3}(뭐|무엇);;OBJECT:무엇",2
train_3675.jpg,train,PRICE,PRICE:가격,1
train_3676.jpg,train,PRICE,PRICE:가격,1
train_3677.jpg,train,OBJECT,OBJECT:무엇,1
train_3678.jpg,train,OBJECT,OBJECT:무엇,1
train_3679.jpg,train,COMPOSITE,"SPELLING:이름.{0,3}(뭐|무엇);;OBJECT:무엇",2
train_3680.jpg,train,COMPOSITE,"SPELLING:이름.{0,3}(뭐|무엇);;OBJECT:무엇",2
train_3681.jpg,train,OBJECT,OBJECT:무엇,1
train_3682.jpg,train,OBJECT,OBJECT:무엇,1
train_3683.jpg,train,COMPOSITE,LOGO:브랜드;;OBJECT:무엇,2
train_3684.jpg,train,COMPOSITE,NUMBER:번호;;OBJECT:무엇,2
train_3685.jpg,train,TIMEDATE,TIMEDATE:기간,1
train_3686.jpg,train,OBJECT,OBJECT:무엇,1
train_3687.jpg,train,COMPOSITE,"SPELLING:이름.{0,3}(뭐|무엇);;OBJECT:무엇",2
train_3688.jpg,train,OBJECT,OBJECT:무엇,1
train_3689.jpg,train,OBJECT,OBJECT:무엇,1
train_3690.jpg,train,COMPOSITE,"SPELLING:이름.{0,3}(뭐|무엇);;OBJECT:무엇",2
train_3691.jpg,train,OBJECT,OBJECT:무엇,1
train_3692.jpg,train,COMPOSITE,OBJECT:무엇;;RELATION:아래,2
train_3693.jpg,train,COMPOSITE,"SPELLING:이름.{0,3}(뭐|무엇);;OBJECT:무엇",2
train_3694.jpg,train,OBJECT,OBJECT:무엇,1
train_3695.jpg,train,OBJECT,OBJECT:무엇,1
train_3696.jpg,train,PRICE,PRICE:얼마,1
train_3697.jpg,train,COMPOSITE,TIMEDATE:언제;;OBJECT:무엇,2
train_3698.jpg,train,OBJECT,OBJECT:무엇,1
train_3699.jpg,train,TIMEDATE,TIMEDATE:언제,1
train_3700.jpg,train,PRICE,PRICE:가격,1
train_3701.jpg,train,OBJECT,OBJECT:무엇,1
train_3702.jpg,train,OBJECT,OBJECT:무엇,1
train_3703.jpg,train,OBJECT,OBJECT:무엇,1
train_3704.jpg,train,OBJECT,OBJECT:무엇,1
train_3705.jpg,train,PRICE,PRICE:가격,1
train_3706.jpg,train,OBJECT,OBJECT:무엇,1
train_3707.jpg,train,TIMEDATE,TIMEDATE:기간,1
train_3708.jpg,train,COMPOSITE,"SPELLING:이름.{0,3}(뭐|무엇);;OBJECT:무엇",2
train_3709.jpg,train,OBJECT,OBJECT:무엇,1
train_3710.jpg,train,PRICE,PRICE:가격,1
train_3711.jpg,train,OBJECT,OBJECT:무엇,1
train_3712.jpg,train,COMPOSITE,NUMBER:번호;;OBJECT:무엇,2
train_3713.jpg,train,COMPOSITE,OBJECT:무엇;;RELATION:아래,2
train_3714.jpg,train,OBJECT,OBJECT:무엇,1
train_3715.jpg,train,OBJECT,OBJECT:무엇,1
train_3716.jpg,train,OBJECT,OBJECT:무엇,1
train_3717.jpg,train,COMPOSITE,SPELLING:글자;;OBJECT:무엇,2
train_3718.jpg,train,COMPOSITE,TABLE:표에서;;OBJECT:무엇;;RELATION:옆에,3
train_3719.jpg,train,OBJECT,OBJECT:무엇,1
train_3720.jpg,train,OBJECT,OBJECT:무엇,1
train_3721.jpg,train,PRICE,PRICE:가격,1
train_3722.jpg,train,COMPOSITE,NUMBER:번호;;OBJECT:무엇,2
train_3723.jpg,train,OBJECT,OBJECT:무엇,1
train_3724.jpg,train,OBJECT,OBJECT:무엇,1
train_3725.jpg,train,COMPOSITE,TABLE:항목;;OBJECT:무엇;;RELATION:오른쪽,3
train_3726.jpg,train,COMPOSITE,"SPELLING:이름.{0,3}(뭐|무엇);;OBJECT:무엇",2
train_3727.jpg,train,OBJECT,OBJECT:무엇,1
train_3728.jpg,train,COMPOSITE,PRICE:얼마;;RELATION:위에,2
train_3729.jpg,train,COMPOSITE,"SPELLING:이름.{0,3}(뭐|무엇);;OBJECT:무엇",2
train_3730.jpg,train,OBJECT,OBJECT:있(나요|습니까|어),1
train_3731.jpg,train,OBJECT,OBJECT:무엇,1
train_3732.jpg,train,OBJECT,OBJECT:무엇,1
train_3733.jpg,train,SPELLING,SPELLING:글자,1
train_3734.jpg,train,OBJECT,OBJECT:무엇,1
train_3735.jpg,train,PRICE,PRICE:가격,1
train_3736.jpg,train,COMPOSITE,"SPELLING:이름.{0,3}(뭐|무엇);;OBJECT:무엇",2
train_3737.jpg,train,PRICE,PRICE:가격,1
train_3738.jpg,train,COMPOSITE,"SPELLING:이름.{0,3}(뭐|무엇);;OBJECT:무엇;;RELATION:옆에",3
train_3739.jpg,train,OBJECT,OBJECT:있(나요|습니까|어),1
train_3740.jpg,train,COMPOSITE,SPELLING:글자;;OBJECT:무엇,2
train_3741.jpg,train,OBJECT,OBJECT:있(나요|습니까|어),1
train_3742.jpg,train,COMPOSITE,"SPELLING:이름.{0,3}(뭐|무엇);;OBJECT:무엇",2
train_3743.jpg,train,PRICE,PRICE:가격,1
train_3744.jpg,train,COMPOSITE,SPELLING:글자;;OBJECT:무엇,2
train_3745.jpg,train,UNKNOWN,,0
train_3746.jpg,train,OBJECT,OBJECT:무엇,1
train_3747.jpg,train,UNKNOWN,,0
train_3748.jpg,train,TIMEDATE,TIMEDATE:날짜,1
train_3749.jpg,train,OBJECT,OBJECT:있(나요|습니까|어),1
train_3750.jpg,train,OBJECT,OBJECT:무엇,1
train_3751.jpg,train,OBJECT,OBJECT:무엇,1
train_3752.jpg,train,COMPOSITE,OBJECT:무엇;;RELATION:아래,2
train_3753.jpg,train,COMPOSITE,"SPELLING:이름.{0,3}(뭐|무엇);;OBJECT:무엇",2
train_3754.jpg,train,PRICE,PRICE:가격,1
train_3755.jpg,train,COMPOSITE,"SPELLING:이름.{0,3}(뭐|무엇);;OBJECT:무엇",2
train_3756.jpg,train,OBJECT,OBJECT:무엇,1
train_3757.jpg,train,OBJECT,OBJECT:무엇,1
train_3758.jpg,train,UNKNOWN,,0
train_3759.jpg,train,COMPOSITE,"SPELLING:이름.{0,3}(뭐|무엇);;OBJECT:무엇",2
train_3760.jpg,train,OBJECT,OBJECT:무엇,1
train_3761.jpg,train,UNKNOWN,,0
train_3762.jpg,train,OBJECT,OBJECT:무엇,1
train_3763.jpg,train,UNKNOWN,,0
train_3764.jpg,train,OBJECT,OBJECT:무엇,1
train_3765.jpg,train,OBJECT,OBJECT:무엇,1
train_3766.jpg,train,OBJECT,OBJECT:무엇,1
train_3767.jpg,train,COMPOSITE,"SPELLING:이름.{0,3}(뭐|무엇);;NUMBER:번호;;OBJECT:무엇",3
train_3768.jpg,train,COMPOSITE,"SPELLING:이름.{0,3}(뭐|무엇);;OBJECT:무엇",2
train_3769.jpg,train,COMPOSITE,SPELLING:글자;;OBJECT:무엇,2
train_3770.jpg,train,COMPOSITE,NUMBER:번호;;OBJECT:무엇,2
train_3771.jpg,train,COMPOSITE,SPELLING:글자;;OBJECT:무엇,2
train_3772.jpg,train,OBJECT,OBJECT:무엇,1
train_3773.jpg,train,PRICE,PRICE:가격,1
train_3774.jpg,train,COMPOSITE,"SPELLING:이름.{0,3}(뭐|무엇);;OBJECT:무엇",2
train_3775.jpg,train,PRICE,PRICE:얼마,1
train_3776.jpg,train,COMPOSITE,"SPELLING:이름.{0,3}(뭐|무엇);;OBJECT:무엇",2
train_3777.jpg,train,OBJECT,OBJECT:무엇,1
train_3778.jpg,train,OBJECT,OBJECT:무엇,1
train_3779.jpg,train,COMPOSITE,LOGO:브랜드;;OBJECT:무엇,2
train_3780.jpg,train,OBJECT,OBJECT:무엇,1
train_3781.jpg,train,OBJECT,OBJECT:있(나요|습니까|어),1
train_3782.jpg,train,OBJECT,OBJECT:무엇,1
train_3783.jpg,train,COMPOSITE,"SPELLING:이름.{0,3}(뭐|무엇);;LOGO:브랜드;;OBJECT:무엇",3
train_3784.jpg,train,COMPOSITE,"SPELLING:이름.{0,3}(뭐|무엇);;OBJECT:무엇",2
train_3785.jpg,train,OBJECT,OBJECT:무엇,1
train_3786.jpg,train,OBJECT,OBJECT:무엇,1
train_3787.jpg,train,OBJECT,OBJECT:무엇,1
train_3788.jpg,train,PRICE,PRICE:가격,1
train_3789.jpg,train,OBJECT,OBJECT:무엇,1
train_3790.jpg,train,COMPOSITE,"SPELLING:이름.{0,3}(뭐|무엇);;OBJECT:무엇",2
train_3791.jpg,train,OBJECT,OBJECT:무엇,1
train_3792.jpg,train,PRICE,PRICE:얼마,1
train_3793.jpg,train,COMPOSITE,OBJECT:무엇;;RELATION:왼쪽,2
train_3794.jpg,train,OBJECT,OBJECT:무엇,1
train_3795.jpg,train,COMPOSITE,"SPELLING:이름.{0,3}(뭐|무엇);;OBJECT:무엇",2
train_3796.jpg,train,COMPOSITE,"SPELLING:이름.{0,3}(뭐|무엇);;OBJECT:무엇",2
train_3797.jpg,train,PRICE,PRICE:가격,1
train_3798.jpg,train,OBJECT,OBJECT:있(나요|습니까|어),1
train_3799.jpg,train,OBJECT,OBJECT:무엇,1
train_3800.jpg,train,OBJECT,OBJECT:무엇,1
train_3801.jpg,train,COMPOSITE,"SPELLING:이름.{0,3}(뭐|무엇);;OBJECT:무엇",2
train_3802.jpg,train,UNKNOWN,,0
train_3803.jpg,train,OBJECT,OBJECT:있(나요|습니까|어),1
train_3804.jpg,train,OBJECT,OBJECT:무엇,1
train_3805.jpg,train,COMPOSITE,"SPELLING:이름.{0,3}(뭐|무엇);;OBJECT:무엇",2
train_3806.jpg,train,OBJECT,OBJECT:무엇,1
train_3807.jpg,train,UNKNOWN,,0
train_3808.jpg,train,UNKNOWN,,0
train_3809.jpg,train,OBJECT,OBJECT:무엇,1
train_3810.jpg,train,OBJECT,OBJECT:무엇,1
train_3811.jpg,train,OBJECT,OBJECT:무엇,1
train_3812.jpg,train,OBJECT,OBJECT:무엇,1
train_3813.jpg,train,COMPOSITE,OBJECT:무엇;;RELATION:왼쪽,2
train_3814.jpg,train,OBJECT,OBJECT:무엇,1
train_3815.jpg,train,OBJECT,OBJECT:무엇,1
train_3816.jpg,train,OBJECT,OBJECT:무엇,1
train_3817.jpg,train,COMPOSITE,TABLE:표에서;;OBJECT:무엇,2
train_3818.jpg,train,OBJECT,OBJECT:무엇,1
train_3819.jpg,train,COMPOSITE,"SPELLING:이름.{0,3}(뭐|무엇);;LOGO:브랜드;;OBJECT:무엇;;RELATION:오른쪽",4
train_3820.jpg,train,OBJECT,OBJECT:무엇,1
train_3821.jpg,train,OBJECT,OBJECT:무엇,1
train_3822.jpg,train,UNKNOWN,,0
train_3823.jpg,train,COMPOSITE,LOGO:브랜드;;OBJECT:무엇,2
train_3824.jpg,train,OBJECT,OBJECT:있(나요|습니까|어),1
train_3825.jpg,train,COMPOSITE,"SPELLING:이름.{0,3}(뭐|무엇);;OBJECT:무엇",2
train_3826.jpg,train,OBJECT,OBJECT:무엇,1
train_3827.jpg,train,OBJECT,OBJECT:무엇,1
train_3828.jpg,train,COMPOSITE,SPELLING:글자;;OBJECT:무엇,2
train_3829.jpg,train,OBJECT,OBJECT:무엇,1
train_3830.jpg,train,COMPOSITE,"SPELLING:이름.{0,3}(뭐|무엇);;OBJECT:무엇",2
train_3831.jpg,train,UNKNOWN,,0
train_3832.jpg,train,OBJECT,OBJECT:무엇,1
train_3833.jpg,train,COMPOSITE,"SPELLING:이름.{0,3}(뭐|무엇);;OBJECT:무엇",2
train_3834.jpg,train,UNKNOWN,,0
train_3835.jpg,train,OBJECT,OBJECT:무엇,1
train_3836.jpg,train,COMPOSITE,"SPELLING:이름.{0,3}(뭐|무엇);;OBJECT:무엇",2
train_3837.jpg,train,PRICE,PRICE:가격,1
train_3838.jpg,train,COMPOSITE,"SPELLING:이름.{0,3}(뭐|무엇);;OBJECT:무엇",2
train_3839.jpg,train,OBJECT,OBJECT:무엇,1
train_3840.jpg,train,TIMEDATE,TIMEDATE:언제,1
train_3841.jpg,train,OBJECT,OBJECT:무엇,1
train_3842.jpg,train,COMPOSITE,"SPELLING:이름.{0,3}(뭐|무엇);;OBJECT:무엇",2
train_3843.jpg,train,TIMEDATE,TIMEDATE:날짜,1
train_3844.jpg,train,UNKNOWN,,0
train_3845.jpg,train,OBJECT,OBJECT:무엇,1
train_3846.jpg,train,OBJECT,OBJECT:무엇,1
train_3847.jpg,train,PRICE,PRICE:가격,1
train_3848.jpg,train,PRICE,PRICE:얼마,1
train_3849.jpg,train,COMPOSITE,NUMBER:번호;;OBJECT:무엇,2
train_3850.jpg,train,COMPOSITE,"SPELLING:이름.{0,3}(뭐|무엇);;OBJECT:무엇",2
train_3851.jpg,train,COMPOSITE,"SPELLING:이름.{0,3}(뭐|무엇);;OBJECT:무엇",2
train_3852.jpg,train,OBJECT,OBJECT:무엇,1
train_3853.jpg,train,COMPOSITE,"SPELLING:이름.{0,3}(뭐|무엇);;OBJECT:무엇",2
train_3854.jpg,train,COMPOSITE,"SPELLING:이름.{0,3}(뭐|무엇);;OBJECT:무엇",2
train_3855.jpg,train,OBJECT,OBJECT:무엇,1
train_3856.jpg,train,COMPOSITE,"SPELLING:이름.{0,3}(뭐|무엇);;OBJECT:무엇",2
train_3857.jpg,train,PRICE,PRICE:얼마,1
train_3858.jpg,train,COMPOSITE,"SPELLING:이름.{0,3}(뭐|무엇);;OBJECT:무엇",2
train_3859.jpg,train,TIMEDATE,TIMEDATE:몇\s*시,1
train_3860.jpg,train,OBJECT,OBJECT:무엇,1
train_3861.jpg,train,OBJECT,OBJECT:무엇,1
train_3862.jpg,train,OBJECT,OBJECT:무엇,1
train_3863.jpg,train,OBJECT,OBJECT:무엇,1
train_3864.jpg,train,OBJECT,OBJECT:있(나요|습니까|어),1
train_3865.jpg,train,COMPOSITE,"SPELLING:이름.{0,3}(뭐|무엇);;OBJECT:무엇",2
train_3866.jpg,train,OBJECT,OBJECT:무엇,1
train_3867.jpg,train,COMPOSITE,"SPELLING:이름.{0,3}(뭐|무엇);;OBJECT:무엇",2
train_3868.jpg,train,UNKNOWN,,0
train_3869.jpg,train,OBJECT,OBJECT:무엇,1
train_3870.jpg,train,COMPOSITE,"SPELLING:이름.{0,3}(뭐|무엇);;OBJECT:무엇",2
train_3871.jpg,train,OBJECT,OBJECT:무엇,1
train_3872.jpg,train,OBJECT,OBJECT:무엇,1
train_3873.jpg,train,PRICE,PRICE:가격,1
train_3874.jpg,train,OBJECT,OBJECT:있(나요|습니까|어),1
train_3875.jpg,train,OBJECT,OBJECT:무엇,1
train_3876.jpg,train,UNKNOWN,,0
train_3877.jpg,train,COMPOSITE,"SPELLING:이름.{0,3}(뭐|무엇);;OBJECT:무엇",2
train_3878.jpg,train,COMPOSITE,"SPELLING:이름.{0,3}(뭐|무엇);;OBJECT:무엇",2
train_3879.jpg,train,OBJECT,OBJECT:무엇,1
train_3880.jpg,train,OBJECT,OBJECT:무엇,1
train_3881.jpg,train,COMPOSITE,LOGO:브랜드;;OBJECT:무엇,2
train_3882.jpg,train,TIMEDATE,TIMEDATE:기간,1
train_3883.jpg,train,OBJECT,OBJECT:무엇,1
train_3884.jpg,train,UNKNOWN,,0
train_3885.jpg,train,UNKNOWN,,0
train_3886.jpg,train,COMPOSITE,"SPELLING:이름.{0,3}(뭐|무엇);;OBJECT:무엇",2
train_3887.jpg,train,UNKNOWN,,0
train_3888.jpg,train,OBJECT,OBJECT:있(나요|습니까|어),1
train_3889.jpg,train,COMPOSITE,"SPELLING:이름.{0,3}(뭐|무엇);;OBJECT:무엇",2
train_3890.jpg,train,COMPOSITE,"SPELLING:이름.{0,3}(뭐|무엇);;LOGO:브랜드;;OBJECT:무엇",3
train_3891.jpg,train,OBJECT,OBJECT:무엇,1
train_3892.jpg,train,PRICE,PRICE:가격,1
train_3893.jpg,train,COMPOSITE,TIMEDATE:날짜;;OBJECT:무엇,2
train_3894.jpg,train,COMPOSITE,NUMBER:번호;;OBJECT:무엇,2
train_3895.jpg,train,PRICE,PRICE:얼마,1
train_3896.jpg,train,UNKNOWN,,0
train_3897.jpg,train,OBJECT,OBJECT:무엇,1
train_3898.jpg,train,COMPOSITE,"SPELLING:이름.{0,3}(뭐|무엇);;OBJECT:무엇",2
train_3899.jpg,train,COMPOSITE,"SPELLING:이름.{0,3}(뭐|무엇);;OBJECT:무엇",2
train_3900.jpg,train,OBJECT,OBJECT:무엇,1
train_3901.jpg,train,COMPOSITE,"SPELLING:이름.{0,3}(뭐|무엇);;OBJECT:무엇",2
train_3902.jpg,train,OBJECT,OBJECT:무엇,1
train_3903.jpg,train,OBJECT,OBJECT:무엇,1
train_3904.jpg,train,COMPOSITE,"SPELLING:이름.{0,3}(뭐|무엇);;OBJECT:무엇",2
train_3905.jpg,train,OBJECT,OBJECT:무엇,1
train_3906.jpg,train,COMPOSITE,"SPELLING:이름.{0,3}(뭐|무엇);;OBJECT:무엇",2
train_3907.jpg,train,OBJECT,OBJECT:무엇,1
train_3908.jpg,train,OBJECT,OBJECT:무엇,1
train_3909.jpg,train,OBJECT,OBJECT:무엇,1
train_3910.jpg,train,PRICE,PRICE:얼마,1
train_3911.jpg,train,OBJECT,OBJECT:있(나요|습니까|어),1
train_3912.jpg,train,COMPOSITE,NUMBER:번호;;OBJECT:무엇,2
train_3913.jpg,train,PRICE,PRICE:얼마,1
train_3914.jpg,train,COMPOSITE,"SPELLING:이름.{0,3}(뭐|무엇);;OBJECT:무엇",2
train_3915.jpg,train,OBJECT,OBJECT:무엇,1
train_3916.jpg,train,COMPOSITE,"SPELLING:이름.{0,3}(뭐|무엇);;OBJECT:무엇",2
train_3917.jpg,train,COMPOSITE,SPELLING:글자;;OBJECT:무엇,2
train_3918.jpg,train,PRICE,PRICE:가격,1
train_3919.jpg,train,UNKNOWN,,0
train_3920.jpg,train,UNKNOWN,,0
train_3921.jpg,train,COMPOSITE,"SPELLING:이름.{0,3}(뭐|무엇);;OBJECT:무엇",2
train_3922.jpg,train,PRICE,PRICE:얼마,1
train_3923.jpg,train,PRICE,PRICE:가격,1
train_3924.jpg,train,OBJECT,OBJECT:무엇,1
train_3925.jpg,train,UNKNOWN,,0
train_3926.jpg,train,PRICE,PRICE:얼마,1
train_3927.jpg,train,OBJECT,OBJECT:무엇,1
train_3928.jpg,train,OBJECT,OBJECT:무엇,1
train_3929.jpg,train,OBJECT,OBJECT:무엇,1
train_3930.jpg,train,UNKNOWN,,0
train_3931.jpg,train,COMPOSITE,NUMBER:번호;;OBJECT:무엇,2
train_3932.jpg,train,COMPOSITE,"SPELLING:이름.{0,3}(뭐|무엇);;LOGO:브랜드;;OBJECT:무엇",3
train_3933.jpg,train,OBJECT,OBJECT:무엇,1
train_3934.jpg,train,OBJECT,OBJECT:무엇,1
train_3935.jpg,train,OBJECT,OBJECT:무엇,1
train_3936.jpg,train,TIMEDATE,TIMEDATE:날짜,1
train_3937.jpg,train,TIMEDATE,TIMEDATE:언제,1
train_3938.jpg,train,OBJECT,OBJECT:무엇,1
train_3939.jpg,train,OBJECT,OBJECT:있(나요|습니까|어),1
train_3940.jpg,train,OBJECT,OBJECT:무엇,1
train_3941.jpg,train,OBJECT,OBJECT:무엇,1
train_3942.jpg,train,OBJECT,OBJECT:무엇,1
train_3943.jpg,train,PRICE,PRICE:가격,1
train_3944.jpg,train,OBJECT,OBJECT:무엇,1
train_3945.jpg,train,UNKNOWN,,0
train_3946.jpg,train,NUMBER,NUMBER:번호,1
train_3947.jpg,train,OBJECT,OBJECT:무엇,1
train_3948.jpg,train,OBJECT,OBJECT:무엇,1
train_3949.jpg,train,COMPOSITE,"SPELLING:이름.{0,3}(뭐|무엇);;OBJECT:무엇",2
train_3950.jpg,train,OBJECT,OBJECT:무엇,1
train_3951.jpg,train,COMPOSITE,NUMBER:번호;;OBJECT:무엇,2
train_3952.jpg,train,OBJECT,OBJECT:무엇,1
train_3953.jpg,train,COMPOSITE,"SPELLING:이름.{0,3}(뭐|무엇);;OBJECT:무엇",2
train_3954.jpg,train,COMPOSITE,"SPELLING:이름.{0,3}(뭐|무엇);;OBJECT:무엇",2
train_3955.jpg,train,COMPOSITE,TIMEDATE:요일;;OBJECT:무엇,2
train_3956.jpg,train,OBJECT,OBJECT:무엇,1
train_3957.jpg,train,OBJECT,OBJECT:무엇,1
train_3958.jpg,train,COMPOSITE,LOGO:브랜드;;OBJECT:무엇,2
train_3959.jpg,train,OBJECT,OBJECT:무엇,1
train_3960.jpg,train,PRICE,PRICE:가격,1
train_3961.jpg,train,COMPOSITE,"SPELLING:이름.{0,3}(뭐|무엇);;OBJECT:무엇",2
train_3962.jpg,train,OBJECT,OBJECT:무엇,1
train_3963.jpg,train,OBJECT,OBJECT:무엇,1
train_3964.jpg,train,PRICE,PRICE:얼마,1
train_3965.jpg,train,OBJECT,OBJECT:있(나요|습니까|어),1
train_3966.jpg,train,OBJECT,OBJECT:무엇,1
train_3967.jpg,train,OBJECT,OBJECT:무엇,1
train_3968.jpg,train,OBJECT,OBJECT:있(나요|습니까|어),1
train_3969.jpg,train,OBJECT,OBJECT:무엇,1
train_3970.jpg,train,OBJECT,OBJECT:무엇,1
train_3971.jpg,train,OBJECT,OBJECT:무엇,1
train_3972.jpg,train,OBJECT,OBJECT:무엇,1
train_3973.jpg,train,OBJECT,OBJECT:있(나요|습니까|어),1
train_3974.jpg,train,COMPOSITE,NUMBER:번호;;OBJECT:무엇,2
train_3975.jpg,train,OBJECT,OBJECT:무엇,1
train_3976.jpg,train,COMPOSITE,"SPELLING:이름.{0,3}(뭐|무엇);;OBJECT:무엇",2
train_3977.jpg,train,OBJECT,OBJECT:무엇,1
train_3978.jpg,train,OBJECT,OBJECT:무엇,1
train_3979.jpg,train,TIMEDATE,TIMEDATE:기간,1
train_3980.jpg,train,COMPOSITE,SPELLING:글자;;OBJECT:무엇,2
train_3981.jpg,train,OBJECT,OBJECT:무엇,1
train_3982.jpg,train,TIMEDATE,TIMEDATE:언제,1
train_3983.jpg,train,OBJECT,OBJECT:무엇,1
train_3984.jpg,train,OBJECT,OBJECT:무엇,1
train_3985.jpg,train,PRICE,PRICE:가격,1
train_3986.jpg,train,PRICE,PRICE:얼마,1
train_3987.jpg,train,OBJECT,OBJECT:무엇,1
train_3988.jpg,train,COMPOSITE,"SPELLING:이름.{0,3}(뭐|무엇);;OBJECT:무엇",2
train_3989.jpg,train,OBJECT,OBJECT:무엇,1
train_3990.jpg,train,NUMBER,NUMBER:몇\s*번,1
train_3991.jpg,train,OBJECT,OBJECT:무엇,1
train_3992.jpg,train,PRICE,PRICE:얼마,1
train_3993.jpg,train,COMPOSITE,"SPELLING:이름.{0,3}(뭐|무엇);;OBJECT:무엇",2
train_3994.jpg,train,OBJECT,OBJECT:무엇,1
train_3995.jpg,train,OBJECT,OBJECT:무엇,1
train_3996.jpg,train,PRICE,PRICE:가격,1
train_3997.jpg,train,UNKNOWN,,0
train_3998.jpg,train,OBJECT,OBJECT:무엇,1
train_3999.jpg,train,TIMEDATE,TIMEDATE:날짜,1
train_4000.jpg,train,UNKNOWN,,0
train_4001.jpg,train,COMPOSITE,"SPELLING:이름.{0,3}(뭐|무엇);;OBJECT:무엇",2
train_4002.jpg,train,NUMBER,NUMBER:몇\s*번,1
train_4003.jpg,train,UNKNOWN,,0
train_4004.jpg,train,COMPOSITE,SPELLING:글자;;OBJECT:무엇,2
train_4005.jpg,train,OBJECT,OBJECT:무엇,1
train_4006.jpg,train,OBJECT,OBJECT:무엇,1
train_4007.jpg,train,OBJECT,OBJECT:무엇,1
train_4008.jpg,train,UNKNOWN,,0
train_4009.jpg,train,OBJECT,OBJECT:무엇,1
train_4010.jpg,train,OBJECT,OBJECT:무엇,1
train_4011.jpg,train,OBJECT,OBJECT:무엇,1
train_4012.jpg,train,COMPOSITE,"SPELLING:이름.{0,3}(뭐|무엇);;OBJECT:무엇",2
train_4013.jpg,train,OBJECT,OBJECT:있(나요|습니까|어),1
train_4014.jpg,train,COMPOSITE,NUMBER:번호;;OBJECT:무엇,2
train_4015.jpg,train,OBJECT,OBJECT:무엇,1
train_4016.jpg,train,PRICE,PRICE:얼마,1
train_4017.jpg,train,UNKNOWN,,0
train_4018.jpg,train,OBJECT,OBJECT:무엇,1
train_4019.jpg,train,TIMEDATE,TIMEDATE:언제,1
train_4020.jpg,train,OBJECT,OBJECT:무엇,1
train_4021.jpg,train,OBJECT,OBJECT:무엇,1
train_4022.jpg,train,OBJECT,OBJECT:무엇,1
train_4023.jpg,train,PRICE,PRICE:가격,1
train_4024.jpg,train,OBJECT,OBJECT:무엇,1
train_4025.jpg,train,OBJECT,OBJECT:무엇,1
train_4026.jpg,train,PRICE,PRICE:가격,1
train_4027.jpg,train,OBJECT,OBJECT:무엇,1
train_4028.jpg,train,UNKNOWN,,0
train_4029.jpg,train,COMPOSITE,"SPELLING:이름.{0,3}(뭐|무엇);;OBJECT:무엇",2
train_4030.jpg,train,COMPOSITE,"SPELLING:이름.{0,3}(뭐|무엇);;OBJECT:무엇",2
train_4031.jpg,train,OBJECT,OBJECT:무엇,1
train_4032.jpg,train,UNKNOWN,,0
train_4033.jpg,train,COMPOSITE,"SPELLING:이름.{0,3}(뭐|무엇);;OBJECT:무엇;;RELATION:왼쪽",3
train_4034.jpg,train,OBJECT,OBJECT:무엇,1
train_4035.jpg,train,COMPOSITE,"SPELLING:이름.{0,3}(뭐|무엇);;OBJECT:무엇",2
train_4036.jpg,train,OBJECT,OBJECT:무엇,1
train_4037.jpg,train,OBJECT,OBJECT:무엇,1
train_4038.jpg,train,UNKNOWN,,0
train_4039.jpg,train,OBJECT,OBJECT:무엇,1
train_4040.jpg,train,OBJECT,OBJECT:무엇,1
train_4041.jpg,train,OBJECT,OBJECT:무엇,1
train_4042.jpg,train,COMPOSITE,"SPELLING:이름.{0,3}(뭐|무엇);;OBJECT:무엇",2
train_4043.jpg,train,PRICE,PRICE:가격,1
train_4044.jpg,train,COMPOSITE,"SPELLING:이름.{0,3}(뭐|무엇);;OBJECT:무엇",2
train_4045.jpg,train,COMPOSITE,"SPELLING:이름.{0,3}(뭐|무엇);;OBJECT:무엇",2
train_4046.jpg,train,OBJECT,OBJECT:무엇,1
train_4047.jpg,train,COMPOSITE,"SPELLING:이름.{0,3}(뭐|무엇);;OBJECT:무엇",2
train_4048.jpg,train,OBJECT,OBJECT:무엇,1
train_4049.jpg,train,OBJECT,OBJECT:무엇,1
train_4050.jpg,train,COMPOSITE,"SPELLING:이름.{0,3}(뭐|무엇);;OBJECT:무엇",2
train_4051.jpg,train,OBJECT,OBJECT:무엇,1
train_4052.jpg,train,OBJECT,OBJECT:무엇,1
train_4053.jpg,train,COMPOSITE,LOGO:브랜드;;OBJECT:무엇,2
train_4054.jpg,train,OBJECT,OBJECT:무엇,1
train_4055.jpg,train,COMPOSITE,"SPELLING:이름.{0,3}(뭐|무엇);;OBJECT:무엇",2
train_4056.jpg,train,OBJECT,OBJECT:무엇,1
train_4057.jpg,train,COMPOSITE,"SPELLING:이름.{0,3}(뭐|무엇);;OBJECT:무엇",2
train_4058.jpg,train,OBJECT,OBJECT:무엇,1
train_4059.jpg,train,COMPOSITE,"SPELLING:이름.{0,3}(뭐|무엇);;OBJECT:무엇",2
train_4060.jpg,train,OBJECT,OBJECT:무엇,1
train_4061.jpg,train,COMPOSITE,"SPELLING:이름.{0,3}(뭐|무엇);;OBJECT:무엇",2
train_4062.jpg,train,UNKNOWN,,0
train_4063.jpg,train,OBJECT,OBJECT:무엇,1
train_4064.jpg,train,OBJECT,OBJECT:무엇,1
train_4065.jpg,train,PRICE,PRICE:가격,1
train_4066.jpg,train,COMPOSITE,"SPELLING:이름.{0,3}(뭐|무엇);;OBJECT:무엇",2
train_4067.jpg,train,COMPOSITE,"SPELLING:이름.{0,3}(뭐|무엇);;OBJECT:무엇",2
train_4068.jpg,train,COMPOSITE,"SPELLING:이름.{0,3}(뭐|무엇);;OBJECT:무엇",2
train_4069.jpg,train,OBJECT,OBJECT:무엇,1
train_4070.jpg,train,OBJECT,OBJECT:무엇,1
train_4071.jpg,train,OBJECT,OBJECT:무엇,1
train_4072.jpg,train,COMPOSITE,"SPELLING:이름.{0,3}(뭐|무엇);;OBJECT:무엇",2
train_4073.jpg,train,OBJECT,OBJECT:무엇,1
train_4074.jpg,train,OBJECT,OBJECT:있(나요|습니까|어),1
train_4075.jpg,train,OBJECT,OBJECT:무엇,1
train_4076.jpg,train,UNKNOWN,,0
train_4077.jpg,train,COMPOSITE,"SPELLING:이름.{0,3}(뭐|무엇);;OBJECT:무엇",2
train_4078.jpg,train,COMPOSITE,"SPELLING:이름.{0,3}(뭐|무엇);;OBJECT:무엇",2
train_4079.jpg,train,OBJECT,OBJECT:무엇,1
train_4080.jpg,train,COMPOSITE,NUMBER:몇\s*번;;OBJECT:있(나요|습니까|어),2
train_4081.jpg,train,COMPOSITE,NUMBER:번호;;OBJECT:무엇,2
train_4082.jpg,train,PRICE,PRICE:가격,1
train_4083.jpg,train,OBJECT,OBJECT:무엇,1
train_4084.jpg,train,OBJECT,OBJECT:무엇,1
train_4085.jpg,train,COMPOSITE,"SPELLING:이름.{0,3}(뭐|무엇);;OBJECT:무엇",2
train_4086.jpg,train,OBJECT,OBJECT:무엇,1
train_4087.jpg,train,OBJECT,OBJECT:무엇,1
train_4088.jpg,train,OBJECT,OBJECT:무엇,1
train_4089.jpg,train,UNKNOWN,,0
train_4090.jpg,train,UNKNOWN,,0
train_4091.jpg,train,COMPOSITE,"SPELLING:이름.{0,3}(뭐|무엇);;LOGO:브랜드;;OBJECT:무엇",3
train_4092.jpg,train,COMPOSITE,OBJECT:무엇;;RELATION:오른쪽,2
train_4093.jpg,train,UNKNOWN,,0
train_4094.jpg,train,TIMEDATE,TIMEDATE:날짜,1
train_4095.jpg,train,COMPOSITE,"SPELLING:이름.{0,3}(뭐|무엇);;OBJECT:무엇",2
train_4096.jpg,train,OBJECT,OBJECT:무엇,1
train_4097.jpg,train,OBJECT,OBJECT:무엇,1
train_4098.jpg,train,UNKNOWN,,0
train_4099.jpg,train,OBJECT,OBJECT:무엇,1
train_4100.jpg,train,COMPOSITE,"SPELLING:이름.{0,3}(뭐|무엇);;OBJECT:무엇",2
train_4101.jpg,train,OBJECT,OBJECT:무엇,1
train_4102.jpg,train,OBJECT,OBJECT:무엇,1
train_4103.jpg,train,OBJECT,OBJECT:무엇,1
train_4104.jpg,train,OBJECT,OBJECT:무엇,1
train_4105.jpg,train,COMPOSITE,"SPELLING:이름.{0,3}(뭐|무엇);;OBJECT:무엇",2
train_4106.jpg,train,OBJECT,OBJECT:무엇,1
train_4107.jpg,train,COMPOSITE,SPELLING:글자;;OBJECT:무엇,2
train_4108.jpg,train,OBJECT,OBJECT:무엇,1
train_4109.jpg,train,COMPOSITE,"SPELLING:이름.{0,3}(뭐|무엇);;OBJECT:무엇",2
train_4110.jpg,train,OBJECT,OBJECT:무엇,1
train_4111.jpg,train,PRICE,PRICE:얼마,1
train_4112.jpg,train,OBJECT,OBJECT:무엇,1
train_4113.jpg,train,OBJECT,OBJECT:있(나요|습니까|어),1
train_4114.jpg,train,COMPOSITE,NUMBER:번호;;OBJECT:무엇,2
train_4115.jpg,train,OBJECT,OBJECT:있(나요|습니까|어),1
train_4116.jpg,train,COMPOSITE,"SPELLING:이름.{0,3}(뭐|무엇);;OBJECT:무엇",2
train_4117.jpg,train,OBJECT,OBJECT:무엇,1
train_4118.jpg,train,UNKNOWN,,0
train_4119.jpg,train,COMPOSITE,PRICE:얼마;;OBJECT:있(나요|습니까|어),2
train_4120.jpg,train,COMPOSITE,LOGO:브랜드;;OBJECT:무엇,2
train_4121.jpg,train,COMPOSITE,"SPELLING:이름.{0,3}(뭐|무엇);;OBJECT:무엇",2
train_4122.jpg,train,TIMEDATE,TIMEDATE:기간,1
train_4123.jpg,train,OBJECT,OBJECT:무엇,1
train_4124.jpg,train,OBJECT,OBJECT:무엇,1
train_4125.jpg,train,COMPOSITE,"SPELLING:이름.{0,3}(뭐|무엇);;LOGO:브랜드;;OBJECT:무엇",3
train_4126.jpg,train,COMPOSITE,OBJECT:무엇;;RELATION:왼쪽,2
train_4127.jpg,train,COMPOSITE,"SPELLING:이름.{0,3}(뭐|무엇);;OBJECT:무엇",2
train_4128.jpg,train,COMPOSITE,PRICE:가격;;TABLE:표에서,2
train_4129.jpg,train,PRICE,PRICE:가격,1
train_4130.jpg,train,COMPOSITE,"SPELLING:이름.{0,3}(뭐|무엇);;OBJECT:무엇",2
train_4131.jpg,train,COMPOSITE,"SPELLING:이름.{0,3}(뭐|무엇);;OBJECT:무엇",2
train_4132.jpg,train,COMPOSITE,"SPELLING:이름.{0,3}(뭐|무엇);;OBJECT:무엇",2
train_4133.jpg,train,OBJECT,OBJECT:무엇,1
train_4134.jpg,train,OBJECT,OBJECT:무엇,1
train_4135.jpg,train,OBJECT,OBJECT:무엇,1
train_4136.jpg,train,OBJECT,OBJECT:무엇,1
train_4137.jpg,train,COMPOSITE,"SPELLING:이름.{0,3}(뭐|무엇);;OBJECT:무엇",2
train_4138.jpg,train,OBJECT,OBJECT:무엇,1
train_4139.jpg,train,OBJECT,OBJECT:무엇,1
train_4140.jpg,train,OBJECT,OBJECT:무엇,1
train_4141.jpg,train,TIMEDATE,TIMEDATE:날짜,1
train_4142.jpg,train,PRICE,PRICE:가격,1
train_4143.jpg,train,TIMEDATE,TIMEDATE:언제,1
train_4144.jpg,train,COMPOSITE,"SPELLING:이름.{0,3}(뭐|무엇);;OBJECT:무엇",2
train_4145.jpg,train,UNKNOWN,,0
train_4146.jpg,train,OBJECT,OBJECT:무엇,1
train_4147.jpg,train,NUMBER,NUMBER:번호,1
train_4148.jpg,train,COMPOSITE,TIMEDATE:요일;;OBJECT:있(나요|습니까|어),2
train_4149.jpg,train,COMPOSITE,NUMBER:번호;;OBJECT:무엇,2
train_4150.jpg,train,PRICE,PRICE:얼마,1
train_4151.jpg,train,OBJECT,OBJECT:무엇,1
train_4152.jpg,train,OBJECT,OBJECT:있(나요|습니까|어),1
train_4153.jpg,train,NUMBER,NUMBER:번호,1
train_4154.jpg,train,PRICE,PRICE:가격,1
train_4155.jpg,train,OBJECT,OBJECT:무엇,1
train_4156.jpg,train,COMPOSITE,NUMBER:번호;;OBJECT:무엇,2
train_4157.jpg,train,UNKNOWN,,0
train_4158.jpg,train,OBJECT,OBJECT:무엇,1
train_4159.jpg,train,OBJECT,OBJECT:무엇,1
train_4160.jpg,train,UNKNOWN,,0
train_4161.jpg,train,COMPOSITE,NUMBER:번호;;OBJECT:무엇,2
train_4162.jpg,train,COMPOSITE,"SPELLING:이름.{0,3}(뭐|무엇);;OBJECT:무엇",2
train_4163.jpg,train,PRICE,PRICE:가격,1
train_4164.jpg,train,OBJECT,OBJECT:무엇,1
train_4165.jpg,train,OBJECT,OBJECT:무엇,1
train_4166.jpg,train,PRICE,PRICE:가격,1
train_4167.jpg,train,PRICE,PRICE:가격,1
train_4168.jpg,train,OBJECT,OBJECT:무엇,1
train_4169.jpg,train,OBJECT,OBJECT:무엇,1
train_4170.jpg,train,OBJECT,OBJECT:무엇,1
train_4171.jpg,train,COMPOSITE,"SPELLING:이름.{0,3}(뭐|무엇);;OBJECT:무엇",2
train_4172.jpg,train,OBJECT,OBJECT:무엇,1
train_4173.jpg,train,OBJECT,OBJECT:무엇,1
train_4174.jpg,train,OBJECT,OBJECT:무엇,1
train_4175.jpg,train,TIMEDATE,TIMEDATE:언제,1
train_4176.jpg,train,PRICE,PRICE:가격,1
train_4177.jpg,train,PRICE,PRICE:가격,1
train_4178.jpg,train,OBJECT,OBJECT:무엇,1
train_4179.jpg,train,PRICE,PRICE:가격,1
train_4180.jpg,train,UNKNOWN,,0
train_4181.jpg,train,COMPOSITE,NUMBER:번호;;OBJECT:무엇,2
train_4182.jpg,train,OBJECT,OBJECT:무엇,1
train_4183.jpg,train,COMPOSITE,SPELLING:글자;;OBJECT:무엇,2
train_4184.jpg,train,PRICE,PRICE:가격,1
train_4185.jpg,train,NUMBER,NUMBER:번호,1
train_4186.jpg,train,COMPOSITE,"SPELLING:이름.{0,3}(뭐|무엇);;OBJECT:무엇",2
train_4187.jpg,train,OBJECT,OBJECT:무엇,1
train_4188.jpg,train,COMPOSITE,"SPELLING:이름.{0,3}(뭐|무엇);;OBJECT:무엇",2
train_4189.jpg,train,OBJECT,OBJECT:무엇,1
train_4190.jpg,train,OBJECT,OBJECT:무엇,1
train_4191.jpg,train,COMPOSITE,OBJECT:무엇;;RELATION:아래,2
train_4192.jpg,train,UNKNOWN,,0
train_4193.jpg,train,OBJECT,OBJECT:있(나요|습니까|어),1
train_4194.jpg,train,UNKNOWN,,0
train_4195.jpg,train,OBJECT,OBJECT:무엇,1
train_4196.jpg,train,OBJECT,OBJECT:무엇,1
train_4197.jpg,train,OBJECT,OBJECT:무엇,1
train_4198.jpg,train,OBJECT,OBJECT:무엇,1
train_4199.jpg,train,NUMBER,NUMBER:몇\s*개,1
train_4200.jpg,train,OBJECT,OBJECT:있(나요|습니까|어),1
train_4201.jpg,train,COMPOSITE,"SPELLING:이름.{0,3}(뭐|무엇);;OBJECT:무엇",2
train_4202.jpg,train,OBJECT,OBJECT:무엇,1
train_4203.jpg,train,OBJECT,OBJECT:무엇,1
train_4204.jpg,train,OBJECT,OBJECT:있(나요|습니까|어),1
train_4205.jpg,train,OBJECT,OBJECT:무엇,1
train_4206.jpg,train,OBJECT,OBJECT:무엇,1
train_4207.jpg,train,OBJECT,OBJECT:무엇,1
train_4208.jpg,train,PRICE,PRICE:가격,1
train_4209.jpg,train,OBJECT,OBJECT:무엇,1
train_4210.jpg,train,OBJECT,OBJECT:있(나요|습니까|어),1
train_4211.jpg,train,TIMEDATE,TIMEDATE:언제,1
train_4212.jpg,train,OBJECT,OBJECT:무엇,1
train_4213.jpg,train,OBJECT,OBJECT:무엇,1
train_4214.jpg,train,OBJECT,OBJECT:무엇,1
train_4215.jpg,train,COMPOSITE,"SPELLING:이름.{0,3}(뭐|무엇);;LOGO:브랜드;;OBJECT:무엇",3
train_4216.jpg,train,COMPOSITE,"SPELLING:이름.{0,3}(뭐|무엇);;OBJECT:무엇",2
train_4217.jpg,train,COMPOSITE,SPELLING:글자;;OBJECT:무엇,2
train_4218.jpg,train,TIMEDATE,TIMEDATE:언제,1
train_4219.jpg,train,OBJECT,OBJECT:무엇,1
train_4220.jpg,train,OBJECT,OBJECT:무엇,1
train_4221.jpg,train,COMPOSITE,NUMBER:번호;;OBJECT:무엇,2
train_4222.jpg,train,COMPOSITE,NUMBER:번호;;OBJECT:무엇,2
train_4223.jpg,train,OBJECT,OBJECT:무엇,1
train_4224.jpg,train,TIMEDATE,TIMEDATE:언제,1
train_4225.jpg,train,OBJECT,OBJECT:무엇,1
train_4226.jpg,train,OBJECT,OBJECT:무엇,1
train_4227.jpg,train,COMPOSITE,"SPELLING:이름.{0,3}(뭐|무엇);;OBJECT:무엇",2
train_4228.jpg,train,OBJECT,OBJECT:무엇,1
train_4229.jpg,train,COMPOSITE,"SPELLING:이름.{0,3}(뭐|무엇);;OBJECT:무엇",2
train_4230.jpg,train,COMPOSITE,"SPELLING:이름.{0,3}(뭐|무엇);;OBJECT:무엇",2
train_4231.jpg,train,OBJECT,OBJECT:무엇,1
train_4232.jpg,train,PRICE,PRICE:가격,1
train_4233.jpg,train,OBJECT,OBJECT:있(나요|습니까|어),1
train_4234.jpg,train,COMPOSITE,"SPELLING:이름.{0,3}(뭐|무엇);;OBJECT:무엇",2
train_4235.jpg,train,OBJECT,OBJECT:있(나요|습니까|어),1
train_4236.jpg,train,UNKNOWN,,0
train_4237.jpg,train,OBJECT,OBJECT:무엇,1
train_4238.jpg,train,COMPOSITE,SPELLING:글자;;OBJECT:무엇,2
train_4239.jpg,train,OBJECT,OBJECT:무엇,1
train_4240.jpg,train,OBJECT,OBJECT:무엇,1
train_4241.jpg,train,OBJECT,OBJECT:무엇,1
train_4242.jpg,train,OBJECT,OBJECT:무엇,1
train_4243.jpg,train,COMPOSITE,"SPELLING:이름.{0,3}(뭐|무엇);;OBJECT:무엇",2
train_4244.jpg,train,COMPOSITE,NUMBER:번호;;OBJECT:무엇,2
train_4245.jpg,train,PRICE,PRICE:가격,1
train_4246.jpg,train,TIMEDATE,TIMEDATE:기간,1
train_4247.jpg,train,OBJECT,OBJECT:무엇,1
train_4248.jpg,train,UNKNOWN,,0
train_4249.jpg,train,OBJECT,OBJECT:무엇,1
train_4250.jpg,train,OBJECT,OBJECT:무엇,1
train_4251.jpg,train,OBJECT,OBJECT:무엇,1
train_4252.jpg,train,COMPOSITE,"SPELLING:이름.{0,3}(뭐|무엇);;OBJECT:무엇",2
train_4253.jpg,train,PRICE,PRICE:가격,1
train_4254.jpg,train,OBJECT,OBJECT:무엇,1
train_4255.jpg,train,PRICE,PRICE:얼마,1
train_4256.jpg,train,COMPOSITE,NUMBER:번호;;OBJECT:무엇,2
train_4257.jpg,train,UNKNOWN,,0
train_4258.jpg,train,OBJECT,OBJECT:무엇,1
train_4259.jpg,train,COMPOSITE,PRICE:가격;;OBJECT:무엇,2
train_4260.jpg,train,PRICE,PRICE:가격,1
train_4261.jpg,train,OBJECT,OBJECT:무엇,1
train_4262.jpg,train,COMPOSITE,"SPELLING:이름.{0,3}(뭐|무엇);;OBJECT:무엇",2
train_4263.jpg,train,OBJECT,OBJECT:무엇,1
train_4264.jpg,train,COMPOSITE,"SPELLING:이름.{0,3}(뭐|무엇);;OBJECT:무엇",2
train_4265.jpg,train,COMPOSITE,TIMEDATE:요일;;OBJECT:무엇,2
train_4266.jpg,train,LOGO,LOGO:브랜드,1
train_4267.jpg,train,OBJECT,OBJECT:무엇,1
train_4268.jpg,train,PRICE,PRICE:얼마,1
train_4269.jpg,train,COMPOSITE,"SPELLING:이름.{0,3}(뭐|무엇);;OBJECT:무엇",2
train_4270.jpg,train,UNKNOWN,,0
train_4271.jpg,train,COMPOSITE,"SPELLING:이름.{0,3}(뭐|무엇);;OBJECT:무엇",2
train_4272.jpg,train,OBJECT,OBJECT:무엇,1
train_4273.jpg,train,OBJECT,OBJECT:무엇,1
train_4274.jpg,train,OBJECT,OBJECT:무엇,1
train_4275.jpg,train,OBJECT,OBJECT:무엇,1
train_4276.jpg,train,TIMEDATE,TIMEDATE:기간,1
train_4277.jpg,train,OBJECT,OBJECT:무엇,1
train_4278.jpg,train,OBJECT,OBJECT:무엇,1
train_4279.jpg,train,OBJECT,OBJECT:무엇,1
train_4280.jpg,train,OBJECT,OBJECT:있(나요|습니까|어),1
train_4281.jpg,train,PRICE,PRICE:가격,1
train_4282.jpg,train,COMPOSITE,"SPELLING:이름.{0,3}(뭐|무엇);;OBJECT:무엇",2
train_4283.jpg,train,UNKNOWN,,0
train_4284.jpg,train,OBJECT,OBJECT:무엇,1
train_4285.jpg,train,COMPOSITE,OBJECT:무엇;;RELATION:위에,2
train_4286.jpg,train,OBJECT,OBJECT:무엇,1
train_4287.jpg,train,OBJECT,OBJECT:무엇,1
train_4288.jpg,train,COMPOSITE,"SPELLING:이름.{0,3}(뭐|무엇);;OBJECT:무엇",2
train_4289.jpg,train,UNKNOWN,,0
train_4290.jpg,train,TIMEDATE,TIMEDATE:기간,1
train_4291.jpg,train,OBJECT,OBJECT:무엇,1
train_4292.jpg,train,OBJECT,OBJECT:무엇,1
train_4293.jpg,train,PRICE,PRICE:가격,1
train_4294.jpg,train,PRICE,PRICE:얼마,1
train_4295.jpg,train,PRICE,PRICE:얼마,1
train_4296.jpg,train,OBJECT,OBJECT:무엇,1
train_4297.jpg,train,OBJECT,OBJECT:무엇,1
train_4298.jpg,train,COMPOSITE,"SPELLING:이름.{0,3}(뭐|무엇);;OBJECT:무엇",2
train_4299.jpg,train,OBJECT,OBJECT:무엇,1
train_4300.jpg,train,PRICE,PRICE:가격,1
train_4301.jpg,train,PRICE,PRICE:가격,1
train_4302.jpg,train,OBJECT,OBJECT:무엇,1
train_4303.jpg,train,OBJECT,OBJECT:무엇,1
train_4304.jpg,train,OBJECT,OBJECT:무엇,1
train_4305.jpg,train,OBJECT,OBJECT:무엇,1
train_4306.jpg,train,OBJECT,OBJECT:있(나요|습니까|어),1
train_4307.jpg,train,COMPOSITE,"SPELLING:이름.{0,3}(뭐|무엇);;OBJECT:무엇",2
train_4308.jpg,train,COMPOSITE,"SPELLING:이름.{0,3}(뭐|무엇);;OBJECT:무엇",2
train_4309.jpg,train,COMPOSITE,OBJECT:무엇;;RELATION:왼쪽,2
train_4310.jpg,train,COMPOSITE,"SPELLING:이름.{0,3}(뭐|무엇);;OBJECT:무엇",2
train_4311.jpg,train,OBJECT,OBJECT:무엇,1
train_4312.jpg,train,COMPOSITE,NUMBER:번호;;OBJECT:무엇,2
train_4313.jpg,train,OBJECT,OBJECT:무엇,1
train_4314.jpg,train,COMPOSITE,"SPELLING:이름.{0,3}(뭐|무엇);;OBJECT:무엇",2
train_4315.jpg,train,COMPOSITE,"SPELLING:이름.{0,3}(뭐|무엇);;LOGO:브랜드;;OBJECT:무엇",3
train_4316.jpg,train,OBJECT,OBJECT:무엇,1
train_4317.jpg,train,PRICE,PRICE:가격,1
train_4318.jpg,train,OBJECT,OBJECT:무엇,1
train_4319.jpg,train,COMPOSITE,"SPELLING:이름.{0,3}(뭐|무엇);;OBJECT:무엇",2
train_4320.jpg,train,COMPOSITE,PRICE:얼마;;OBJECT:있(나요|습니까|어),2
train_4321.jpg,train,COMPOSITE,"SPELLING:이름.{0,3}(뭐|무엇);;OBJECT:무엇",2
train_4322.jpg,train,COMPOSITE,SPELLING:글자;;OBJECT:무엇,2
train_4323.jpg,train,COMPOSITE,"SPELLING:이름.{0,3}(뭐|무엇);;OBJECT:무엇",2
train_4324.jpg,train,COMPOSITE,"SPELLING:이름.{0,3}(뭐|무엇);;OBJECT:무엇",2
train_4325.jpg,train,COMPOSITE,"SPELLING:이름.{0,3}(뭐|무엇);;OBJECT:무엇",2
train_4326.jpg,train,PRICE,PRICE:얼마,1
train_4327.jpg,train,COMPOSITE,"SPELLING:이름.{0,3}(뭐|무엇);;OBJECT:무엇",2
train_4328.jpg,train,OBJECT,OBJECT:무엇,1
train_4329.jpg,train,OBJECT,OBJECT:무엇,1
train_4330.jpg,train,OBJECT,OBJECT:무엇,1
train_4331.jpg,train,OBJECT,OBJECT:무엇,1
train_4332.jpg,train,COMPOSITE,NUMBER:번호;;OBJECT:무엇,2
train_4333.jpg,train,COMPOSITE,NUMBER:번호;;OBJECT:무엇,2
train_4334.jpg,train,OBJECT,OBJECT:무엇,1
train_4335.jpg,train,OBJECT,OBJECT:무엇,1
train_4336.jpg,train,OBJECT,OBJECT:무엇,1
train_4337.jpg,train,COMPOSITE,"SPELLING:이름.{0,3}(뭐|무엇);;OBJECT:무엇",2
train_4338.jpg,train,PRICE,PRICE:가격,1
train_4339.jpg,train,COMPOSITE,"SPELLING:이름.{0,3}(뭐|무엇);;OBJECT:무엇",2
train_4340.jpg,train,COMPOSITE,NUMBER:번호;;OBJECT:무엇,2
train_4341.jpg,train,OBJECT,OBJECT:무엇,1
train_4342.jpg,train,COMPOSITE,"SPELLING:이름.{0,3}(뭐|무엇);;OBJECT:무엇",2
train_4343.jpg,train,COMPOSITE,"SPELLING:이름.{0,3}(뭐|무엇);;OBJECT:무엇",2
train_4344.jpg,train,COMPOSITE,SPELLING:글자;;OBJECT:무엇,2
train_4345.jpg,train,OBJECT,OBJECT:무엇,1
train_4346.jpg,train,COMPOSITE,NUMBER:번호;;OBJECT:무엇,2
train_4347.jpg,train,COMPOSITE,NUMBER:번호;;OBJECT:무엇,2
train_4348.jpg,train,OBJECT,OBJECT:무엇,1
train_4349.jpg,train,COMPOSITE,"SPELLING:이름.{0,3}(뭐|무엇);;OBJECT:무엇",2
train_4350.jpg,train,TIMEDATE,TIMEDATE:언제,1
train_4351.jpg,train,OBJECT,OBJECT:무엇,1
train_4352.jpg,train,OBJECT,OBJECT:무엇,1
train_4353.jpg,train,COMPOSITE,NUMBER:번호;;OBJECT:무엇,2
train_4354.jpg,train,TIMEDATE,TIMEDATE:언제,1
train_4355.jpg,train,OBJECT,OBJECT:무엇,1
train_4356.jpg,train,COMPOSITE,"SPELLING:이름.{0,3}(뭐|무엇);;OBJECT:무엇",2
train_4357.jpg,train,OBJECT,OBJECT:무엇,1
train_4358.jpg,train,COMPOSITE,PRICE:가격;;OBJECT:무엇,2
train_4359.jpg,train,COMPOSITE,"SPELLING:이름.{0,3}(뭐|무엇);;OBJECT:무엇;;RELATION:아래",3
train_4360.jpg,train,PRICE,PRICE:가격,1
train_4361.jpg,train,PRICE,PRICE:얼마,1
train_4362.jpg,train,OBJECT,OBJECT:무엇,1
train_4363.jpg,train,COMPOSITE,"SPELLING:이름.{0,3}(뭐|무엇);;OBJECT:무엇",2
train_4364.jpg,train,UNKNOWN,,0
train_4365.jpg,train,OBJECT,OBJECT:무엇,1
train_4366.jpg,train,OBJECT,OBJECT:무엇,1
train_4367.jpg,train,COMPOSITE,"SPELLING:이름.{0,3}(뭐|무엇);;OBJECT:무엇",2
train_4368.jpg,train,COMPOSITE,NUMBER:번호;;OBJECT:무엇;;RELATION:아래,3
train_4369.jpg,train,OBJECT,OBJECT:무엇,1
train_4370.jpg,train,OBJECT,OBJECT:있(나요|습니까|어),1
train_4371.jpg,train,OBJECT,OBJECT:무엇,1
train_4372.jpg,train,COMPOSITE,"SPELLING:이름.{0,3}(뭐|무엇);;OBJECT:무엇",2
train_4373.jpg,train,PRICE,PRICE:가격,1
train_4374.jpg,train,OBJECT,OBJECT:무엇,1
train_4375.jpg,train,PRICE,PRICE:가격,1
train_4376.jpg,train,OBJECT,OBJECT:무엇,1
train_4377.jpg,train,OBJECT,OBJECT:무엇,1
train_4378.jpg,train,UNKNOWN,,0
train_4379.jpg,train,COMPOSITE,"SPELLING:이름.{0,3}(뭐|무엇);;OBJECT:무엇",2
train_4380.jpg,train,OBJECT,OBJECT:무엇,1
train_4381.jpg,train,UNKNOWN,,0
train_4382.jpg,train,COMPOSITE,TIMEDATE:날짜;;OBJECT:무엇;;RELATION:오른쪽,3
train_4383.jpg,train,COMPOSITE,SPELLING:글자;;OBJECT:무엇,2
train_4384.jpg,train,OBJECT,OBJECT:무엇,1
train_4385.jpg,train,COMPOSITE,"SPELLING:이름.{0,3}(뭐|무엇);;OBJECT:무엇;;RELATION:왼쪽",3
train_4386.jpg,train,OBJECT,OBJECT:무엇,1
train_4387.jpg,train,OBJECT,OBJECT:무엇,1
train_4388.jpg,train,COMPOSITE,SPELLING:글자;;OBJECT:무엇,2
train_4389.jpg,train,COMPOSITE,"SPELLING:이름.{0,3}(뭐|무엇);;OBJECT:무엇",2
train_4390.jpg,train,OBJECT,OBJECT:무엇,1
train_4391.jpg,train,OBJECT,OBJECT:무엇,1
train_4392.jpg,train,OBJECT,OBJECT:무엇,1
train_4393.jpg,train,COMPOSITE,NUMBER:번호;;OBJECT:무엇,2
train_4394.jpg,train,OBJECT,OBJECT:무엇,1
train_4395.jpg,train,OBJECT,OBJECT:무엇,1
train_4396.jpg,train,COMPOSITE,"SPELLING:이름.{0,3}(뭐|무엇);;OBJECT:무엇",2
train_4397.jpg,train,COMPOSITE,TIMEDATE:영업\s*시간;;OBJECT:있(나요|습니까|어),2
train_4398.jpg,train,COMPOSITE,NUMBER:번호;;OBJECT:무엇,2
train_4399.jpg,train,OBJECT,OBJECT:무엇,1
train_4400.jpg,train,OBJECT,OBJECT:무엇,1
train_4401.jpg,train,COMPOSITE,NUMBER:번호;;OBJECT:무엇,2
train_4402.jpg,train,COMPOSITE,"SPELLING:이름.{0,3}(뭐|무엇);;OBJECT:무엇",2
train_4403.jpg,train,COMPOSITE,NUMBER:번호;;OBJECT:무엇,2
train_4404.jpg,train,OBJECT,OBJECT:무엇,1
train_4405.jpg,train,OBJECT,OBJECT:무엇,1
train_4406.jpg,train,OBJECT,OBJECT:무엇,1
train_4407.jpg,train,UNKNOWN,,0
train_4408.jpg,train,COMPOSITE,LOGO:브랜드;;OBJECT:무엇,2
train_4409.jpg,train,COMPOSITE,"SPELLING:이름.{0,3}(뭐|무엇);;OBJECT:무엇",2
train_4410.jpg,train,OBJECT,OBJECT:무엇,1
train_4411.jpg,train,UNKNOWN,,0
train_4412.jpg,train,OBJECT,OBJECT:있(나요|습니까|어),1
train_4413.jpg,train,OBJECT,OBJECT:무엇,1
train_4414.jpg,train,COMPOSITE,NUMBER:번호;;OBJECT:무엇,2
train_4415.jpg,train,OBJECT,OBJECT:무엇,1
train_4416.jpg,train,OBJECT,OBJECT:무엇,1
train_4417.jpg,train,OBJECT,OBJECT:무엇,1
train_4418.jpg,train,OBJECT,OBJECT:무엇,1
train_4419.jpg,train,COMPOSITE,"SPELLING:이름.{0,3}(뭐|무엇);;OBJECT:무엇",2
train_4420.jpg,train,OBJECT,OBJECT:무엇,1
train_4421.jpg,train,COMPOSITE,OBJECT:무엇;;RELATION:아래,2
train_4422.jpg,train,OBJECT,OBJECT:무엇,1
train_4423.jpg,train,OBJECT,OBJECT:무엇,1
train_4424.jpg,train,COMPOSITE,NUMBER:번호;;OBJECT:무엇;;RELATION:왼쪽,3
train_4425.jpg,train,COMPOSITE,"SPELLING:이름.{0,3}(뭐|무엇);;OBJECT:무엇",2
train_4426.jpg,train,UNKNOWN,,0
train_4427.jpg,train,COMPOSITE,PRICE:얼마;;RELATION:오른쪽,2
train_4428.jpg,train,COMPOSITE,NUMBER:번호;;OBJECT:무엇,2
train_4429.jpg,train,PRICE,PRICE:가격,1
train_4430.jpg,train,COMPOSITE,"SPELLING:이름.{0,3}(뭐|무엇);;OBJECT:무엇",2
train_4431.jpg,train,COMPOSITE,SPELLING:글자;;OBJECT:무엇,2
train_4432.jpg,train,UNKNOWN,,0
train_4433.jpg,train,COMPOSITE,OBJECT:무엇;;RELATION:아래,2
train_4434.jpg,train,TIMEDATE,TIMEDATE:언제,1
train_4435.jpg,train,COMPOSITE,"SPELLING:이름.{0,3}(뭐|무엇);;OBJECT:무엇",2
train_4436.jpg,train,COMPOSITE,"SPELLING:이름.{0,3}(뭐|무엇);;OBJECT:무엇",2
train_4437.jpg,train,OBJECT,OBJECT:무엇,1
train_4438.jpg,train,OBJECT,OBJECT:무엇,1
train_4439.jpg,train,COMPOSITE,"SPELLING:이름.{0,3}(뭐|무엇);;OBJECT:무엇",2
train_4440.jpg,train,OBJECT,OBJECT:있(나요|습니까|어),1
train_4441.jpg,train,COMPOSITE,"SPELLING:이름.{0,3}(뭐|무엇);;OBJECT:무엇",2
train_4442.jpg,train,UNKNOWN,,0
train_4443.jpg,train,PRICE,PRICE:얼마,1
train_4444.jpg,train,NUMBER,NUMBER:몇\s*명,1
train_4445.jpg,train,PRICE,PRICE:가격,1
train_4446.jpg,train,COMPOSITE,"SPELLING:이름.{0,3}(뭐|무엇);;LOGO:브랜드;;OBJECT:무엇",3
train_4447.jpg,train,OBJECT,OBJECT:무엇,1
train_4448.jpg,train,UNKNOWN,,0
train_4449.jpg,train,PRICE,PRICE:가격,1
train_4450.jpg,train,COMPOSITE,TIMEDATE:몇\s*시;;OBJECT:있(나요|습니까|어),2
train_4451.jpg,train,PRICE,PRICE:가격,1
train_4452.jpg,train,PRICE,PRICE:얼마,1
train_4453.jpg,train,COMPOSITE,"SPELLING:이름.{0,3}(뭐|무엇);;OBJECT:무엇",2
train_4454.jpg,train,COMPOSITE,OBJECT:무엇;;RELATION:아래,2
train_4455.jpg,train,OBJECT,OBJECT:무엇,1
train_4456.jpg,train,OBJECT,OBJECT:무엇,1
train_4457.jpg,train,COMPOSITE,"SPELLING:이름.{0,3}(뭐|무엇);;OBJECT:무엇",2
train_4458.jpg,train,COMPOSITE,PRICE:얼마;;TIMEDATE:기간,2
train_4459.jpg,train,LOGO,LOGO:브랜드,1
train_4460.jpg,train,UNKNOWN,,0
train_4461.jpg,train,OBJECT,OBJECT:무엇,1
train_4462.jpg,train,UNKNOWN,,0
train_4463.jpg,train,COMPOSITE,"SPELLING:이름.{0,3}(뭐|무엇);;OBJECT:무엇",2
train_4464.jpg,train,UNKNOWN,,0
train_4465.jpg,train,PRICE,PRICE:얼마,1
train_4466.jpg,train,OBJECT,OBJECT:무엇,1
train_4467.jpg,train,PRICE,PRICE:가격,1
train_4468.jpg,train,UNKNOWN,,0
train_4469.jpg,train,COMPOSITE,SPELLING:글자;;OBJECT:무엇;;RELATION:옆에,3
train_4470.jpg,train,OBJECT,OBJECT:무엇,1
train_4471.jpg,train,COMPOSITE,PRICE:요금;;OBJECT:무엇,2
train_4472.jpg,train,OBJECT,OBJECT:무엇,1
train_4473.jpg,train,OBJECT,OBJECT:무엇,1
train_4474.jpg,train,UNKNOWN,,0
train_4475.jpg,train,OBJECT,OBJECT:무엇,1
train_4476.jpg,train,COMPOSITE,NUMBER:번호;;OBJECT:무엇,2
train_4477.jpg,train,COMPOSITE,"SPELLING:이름.{0,3}(뭐|무엇);;OBJECT:무엇",2
train_4478.jpg,train,OBJECT,OBJECT:무엇,1
train_4479.jpg,train,COMPOSITE,"SPELLING:이름.{0,3}(뭐|무엇);;LOGO:브랜드;;OBJECT:무엇",3
train_4480.jpg,train,COMPOSITE,"SPELLING:이름.{0,3}(뭐|무엇);;OBJECT:무엇",2
train_4481.jpg,train,COMPOSITE,TABLE:항목;;OBJECT:무엇,2
train_4482.jpg,train,OBJECT,OBJECT:무엇,1
train_4483.jpg,train,OBJECT,OBJECT:무엇,1
train_4484.jpg,train,TIMEDATE,TIMEDATE:언제,1
train_4485.jpg,train,UNKNOWN,,0
train_4486.jpg,train,OBJECT,OBJECT:무엇,1
train_4487.jpg,train,COMPOSITE,SPELLING:글자;;OBJECT:무엇;;RELATION:왼쪽,3
train_4488.jpg,train,COMPOSITE,"SPELLING:이름.{0,3}(뭐|무엇);;OBJECT:무엇",2
train_4489.jpg,train,OBJECT,OBJECT:무엇,1
train_4490.jpg,train,PRICE,PRICE:가격,1
train_4491.jpg,train,OBJECT,OBJECT:무엇,1
train_4492.jpg,train,COMPOSITE,"SPELLING:이름.{0,3}(뭐|무엇);;OBJECT:무엇",2
train_4493.jpg,train,OBJECT,OBJECT:무엇,1
train_4494.jpg,train,PRICE,PRICE:가격,1
train_4495.jpg,train,OBJECT,OBJECT:무엇,1
train_4496.jpg,train,OBJECT,OBJECT:무엇,1
train_4497.jpg,train,PRICE,PRICE:가격,1
train_4498.jpg,train,COMPOSITE,NUMBER:번호;;OBJECT:무엇,2
train_4499.jpg,train,PRICE,PRICE:가격,1
train_4500.jpg,train,OBJECT,OBJECT:무엇,1
train_4501.jpg,train,COMPOSITE,NUMBER:번호;;OBJECT:무엇,2
train_4502.jpg,train,OBJECT,OBJECT:무엇,1
train_4503.jpg,train,COMPOSITE,"SPELLING:이름.{0,3}(뭐|무엇);;OBJECT:무엇",2
train_4504.jpg,train,OBJECT,OBJECT:무엇,1
train_4505.jpg,train,COMPOSITE,SPELLING:글자;;OBJECT:무엇,2
train_4506.jpg,train,PRICE,PRICE:가격,1
train_4507.jpg,train,PRICE,PRICE:가격,1
train_4508.jpg,train,COMPOSITE,NUMBER:번호;;OBJECT:무엇,2
train_4509.jpg,train,COMPOSITE,"SPELLING:이름.{0,3}(뭐|무엇);;LOGO:브랜드;;OBJECT:무엇",3
train_4510.jpg,train,UNKNOWN,,0
train_4511.jpg,train,OBJECT,OBJECT:무엇,1
train_4512.jpg,train,TIMEDATE,TIMEDATE:몇\s*시,1
train_4513.jpg,train,COMPOSITE,TABLE:항목;;OBJECT:무엇,2
train_4514.jpg,train,COMPOSITE,"SPELLING:이름.{0,3}(뭐|무엇);;OBJECT:무엇",2
train_4515.jpg,train,COMPOSITE,PRICE:얼마;;TIMEDATE:기간,2
train_4516.jpg,train,OBJECT,OBJECT:무엇,1
train_4517.jpg,train,COMPOSITE,"SPELLING:이름.{0,3}(뭐|무엇);;OBJECT:무엇",2
train_4518.jpg,train,PRICE,PRICE:가격,1
train_4519.jpg,train,COMPOSITE,OBJECT:무엇;;RELATION:왼쪽,2
train_4520.jpg,train,COMPOSITE,"SPELLING:이름.{0,3}(뭐|무엇);;OBJECT:무엇",2
train_4521.jpg,train,UNKNOWN,,0
train_4522.jpg,train,SPELLING,SPELLING:글자,1
train_4523.jpg,train,OBJECT,OBJECT:있(나요|습니까|어),1
train_4524.jpg,train,OBJECT,OBJECT:무엇,1
train_4525.jpg,train,COMPOSITE,"SPELLING:이름.{0,3}(뭐|무엇);;OBJECT:무엇",2
train_4526.jpg,train,PRICE,PRICE:가격,1
train_4527.jpg,train,OBJECT,OBJECT:있(나요|습니까|어),1
train_4528.jpg,train,COMPOSITE,NUMBER:번호;;OBJECT:무엇,2
train_4529.jpg,train,OBJECT,OBJECT:무엇,1
train_4530.jpg,train,PRICE,PRICE:얼마,1
train_4531.jpg,train,OBJECT,OBJECT:무엇,1
train_4532.jpg,train,PRICE,PRICE:가격,1
train_4533.jpg,train,UNKNOWN,,0
train_4534.jpg,train,UNKNOWN,,0
train_4535.jpg,train,COMPOSITE,SPELLING:글자;;OBJECT:무엇,2
train_4536.jpg,train,UNKNOWN,,0
train_4537.jpg,train,COMPOSITE,OBJECT:무엇;;RELATION:옆에,2
train_4538.jpg,train,NUMBER,NUMBER:몇\s*명,1
train_4539.jpg,train,COMPOSITE,"SPELLING:이름.{0,3}(뭐|무엇);;OBJECT:무엇",2
train_4540.jpg,train,PRICE,PRICE:가격,1
train_4541.jpg,train,OBJECT,OBJECT:무엇,1
train_4542.jpg,train,COMPOSITE,"SPELLING:이름.{0,3}(뭐|무엇);;OBJECT:무엇",2
train_4543.jpg,train,OBJECT,OBJECT:무엇,1
train_4544.jpg,train,TIMEDATE,TIMEDATE:영업\s*시간,1
train_4545.jpg,train,OBJECT,OBJECT:무엇,1
train_4546.jpg,train,OBJECT,OBJECT:무엇,1
train_4547.jpg,train,OBJECT,OBJECT:무엇,1
train_4548.jpg,train,OBJECT,OBJECT:무엇,1
train_4549.jpg,train,OBJECT,OBJECT:무엇,1
train_4550.jpg,train,TIMEDATE,TIMEDATE:날짜,1
train_4551.jpg,train,TIMEDATE,TIMEDATE:몇\s*시,1
train_4552.jpg,train,OBJECT,OBJECT:무엇,1
train_4553.jpg,train,OBJECT,OBJECT:무엇,1
train_4554.jpg,train,OBJECT,OBJECT:무엇,1
train_4555.jpg,train,COMPOSITE,"SPELLING:이름.{0,3}(뭐|무엇);;OBJECT:무엇",2
train_4556.jpg,train,COMPOSITE,"SPELLING:이름.{0,3}(뭐|무엇);;OBJECT:무엇",2
train_4557.jpg,train,TIMEDATE,TIMEDATE:기간,1
train_4558.jpg,train,COMPOSITE,SPELLING:글자;;OBJECT:무엇,2
train_4559.jpg,train,PRICE,PRICE:얼마,1
train_4560.jpg,train,OBJECT,OBJECT:무엇,1
train_4561.jpg,train,OBJECT,OBJECT:무엇,1
train_4562.jpg,train,OBJECT,OBJECT:무엇,1
train_4563.jpg,train,UNKNOWN,,0
train_4564.jpg,train,COMPOSITE,"SPELLING:이름.{0,3}(뭐|무엇);;OBJECT:무엇",2
train_4565.jpg,train,COMPOSITE,"SPELLING:이름.{0,3}(뭐|무엇);;OBJECT:무엇;;RELATION:아래",3
train_4566.jpg,train,OBJECT,OBJECT:있(나요|습니까|어),1
train_4567.jpg,train,OBJECT,OBJECT:무엇,1
train_4568.jpg,train,UNKNOWN,,0
train_4569.jpg,train,OBJECT,OBJECT:무엇,1
train_4570.jpg,train,OBJECT,OBJECT:무엇,1
train_4571.jpg,train,OBJECT,OBJECT:무엇,1
train_4572.jpg,train,COMPOSITE,"SPELLING:이름.{0,3}(뭐|무엇);;OBJECT:무엇",2
train_4573.jpg,train,OBJECT,OBJECT:있(나요|습니까|어),1
train_4574.jpg,train,COMPOSITE,"SPELLING:이름.{0,3}(뭐|무엇);;OBJECT:무엇",2
train_4575.jpg,train,OBJECT,OBJECT:무엇,1
train_4576.jpg,train,OBJECT,OBJECT:무엇,1
train_4577.jpg,train,COMPOSITE,"SPELLING:이름.{0,3}(뭐|무엇);;OBJECT:무엇",2
train_4578.jpg,train,OBJECT,OBJECT:무엇,1
train_4579.jpg,train,OBJECT,OBJECT:있(나요|습니까|어),1
train_4580.jpg,train,OBJECT,OBJECT:무엇,1
train_4581.jpg,train,TIMEDATE,TIMEDATE:언제,1
train_4582.jpg,train,OBJECT,OBJECT:무엇,1
train_4583.jpg,train,OBJECT,OBJECT:무엇,1
train_4584.jpg,train,COMPOSITE,NUMBER:번호;;OBJECT:무엇,2
train_4585.jpg,train,OBJECT,OBJECT:무엇,1
train_4586.jpg,train,COMPOSITE,SPELLING:글자;;OBJECT:무엇,2
train_4587.jpg,train,NUMBER,NUMBER:번호,1
train_4588.jpg,train,COMPOSITE,SPELLING:글자;;OBJECT:무엇,2
train_4589.jpg,train,COMPOSITE,NUMBER:번호;;OBJECT:무엇,2
train_4590.jpg,train,OBJECT,OBJECT:무엇,1
train_4591.jpg,train,OBJECT,OBJECT:무엇,1
train_4592.jpg,train,OBJECT,OBJECT:무엇,1
train_4593.jpg,train,COMPOSITE,"SPELLING:이름.{0,3}(뭐|무엇);;OBJECT:무엇",2
train_4594.jpg,train,OBJECT,OBJECT:무엇,1
train_4595.jpg,train,OBJECT,OBJECT:무엇,1
train_4596.jpg,train,OBJECT,OBJECT:무엇,1
train_4597.jpg,train,UNKNOWN,,0
train_4598.jpg,train,UNKNOWN,,0
train_4599.jpg,train,COMPOSITE,LOGO:브랜드;;OBJECT:무엇,2
train_4600.jpg,train,PRICE,PRICE:가격,1
train_4601.jpg,train,OBJECT,OBJECT:무엇,1
train_4602.jpg,train,COMPOSITE,"SPELLING:이름.{0,3}(뭐|무엇);;OBJECT:무엇",2
train_4603.jpg,train,OBJECT,OBJECT:무엇,1
train_4604.jpg,train,PRICE,PRICE:얼마,1
train_4605.jpg,train,PRICE,PRICE:얼마,1
train_4606.jpg,train,TIMEDATE,TIMEDATE:기간,1
train_4607.jpg,train,OBJECT,OBJECT:무엇,1
train_4608.jpg,train,PRICE,PRICE:가격,1
train_4609.jpg,train,OBJECT,OBJECT:있(나요|습니까|어),1
train_4610.jpg,train,COMPOSITE,"SPELLING:이름.{0,3}(뭐|무엇);;OBJECT:무엇",2
train_4611.jpg,train,COMPOSITE,NUMBER:번호;;OBJECT:무엇,2
train_4612.jpg,train,OBJECT,OBJECT:무엇,1
train_4613.jpg,train,OBJECT,OBJECT:무엇,1
train_4614.jpg,train,COMPOSITE,"SPELLING:이름.{0,3}(뭐|무엇);;OBJECT:무엇",2
train_4615.jpg,train,PRICE,PRICE:얼마,1
train_4616.jpg,train,OBJECT,OBJECT:무엇,1
train_4617.jpg,train,COMPOSITE,"SPELLING:이름.{0,3}(뭐|무엇);;OBJECT:무엇",2
train_4618.jpg,train,OBJECT,OBJECT:무엇,1
train_4619.jpg,train,OBJECT,OBJECT:무엇,1
train_4620.jpg,train,OBJECT,OBJECT:무엇,1
train_4621.jpg,train,COMPOSITE,"SPELLING:이름.{0,3}(뭐|무엇);;OBJECT:무엇",2
train_4622.jpg,train,COMPOSITE,OBJECT:무엇;;RELATION:왼쪽,2
train_4623.jpg,train,OBJECT,OBJECT:있(나요|습니까|어),1
train_4624.jpg,train,OBJECT,OBJECT:무엇,1
train_4625.jpg,train,OBJECT,OBJECT:무엇,1
train_4626.jpg,train,OBJECT,OBJECT:무엇,1
train_4627.jpg,train,PRICE,PRICE:가격,1
train_4628.jpg,train,UNKNOWN,,0
train_4629.jpg,train,OBJECT,OBJECT:무엇,1
train_4630.jpg,train,COMPOSITE,"SPELLING:이름.{0,3}(뭐|무엇);;OBJECT:무엇",2
train_4631.jpg,train,COMPOSITE,"SPELLING:이름.{0,3}(뭐|무엇);;OBJECT:무엇",2
train_4632.jpg,train,PRICE,PRICE:가격,1
train_4633.jpg,train,UNKNOWN,,0
train_4634.jpg,train,COMPOSITE,"SPELLING:이름.{0,3}(뭐|무엇);;OBJECT:무엇",2
train_4635.jpg,train,OBJECT,OBJECT:있(나요|습니까|어),1
train_4636.jpg,train,COMPOSITE,"SPELLING:이름.{0,3}(뭐|무엇);;OBJECT:무엇",2
train_4637.jpg,train,TIMEDATE,TIMEDATE:언제,1
train_4638.jpg,train,OBJECT,OBJECT:무엇,1
train_4639.jpg,train,COMPOSITE,OBJECT:무엇;;RELATION:옆에,2
train_4640.jpg,train,TIMEDATE,TIMEDATE:언제,1
train_4641.jpg,train,COMPOSITE,LOGO:브랜드;;OBJECT:무엇,2
train_4642.jpg,train,PRICE,PRICE:가격,1
train_4643.jpg,train,PRICE,PRICE:가격,1
train_4644.jpg,train,OBJECT,OBJECT:있(나요|습니까|어),1
train_4645.jpg,train,UNKNOWN,,0
train_4646.jpg,train,OBJECT,OBJECT:무엇,1
train_4647.jpg,train,OBJECT,OBJECT:무엇,1
train_4648.jpg,train,OBJECT,OBJECT:무엇,1
train_4649.jpg,train,COMPOSITE,"SPELLING:이름.{0,3}(뭐|무엇);;OBJECT:무엇",2
train_4650.jpg,train,UNKNOWN,,0
train_4651.jpg,train,OBJECT,OBJECT:무엇,1
train_4652.jpg,train,UNKNOWN,,0
train_4653.jpg,train,OBJECT,OBJECT:무엇,1
train_4654.jpg,train,PRICE,PRICE:얼마,1
train_4655.jpg,train,OBJECT,OBJECT:무엇,1
train_4656.jpg,train,OBJECT,OBJECT:무엇,1
train_4657.jpg,train,OBJECT,OBJECT:무엇,1
train_4658.jpg,train,OBJECT,OBJECT:무엇,1
train_4659.jpg,train,OBJECT,OBJECT:무엇,1
train_4660.jpg,train,OBJECT,OBJECT:무엇,1
train_4661.jpg,train,OBJECT,OBJECT:무엇,1
train_4662.jpg,train,UNKNOWN,,0
train_4663.jpg,train,COMPOSITE,OBJECT:무엇;;RELATION:위에,2
train_4664.jpg,train,PRICE,PRICE:가격,1
train_4665.jpg,train,OBJECT,OBJECT:무엇,1
train_4666.jpg,train,COMPOSITE,SPELLING:글자;;OBJECT:무엇,2
train_4667.jpg,train,COMPOSITE,"SPELLING:이름.{0,3}(뭐|무엇);;OBJECT:무엇",2
train_4668.jpg,train,OBJECT,OBJECT:무엇,1
train_4669.jpg,train,OBJECT,OBJECT:무엇,1
train_4670.jpg,train,COMPOSITE,"SPELLING:이름.{0,3}(뭐|무엇);;OBJECT:무엇",2
train_4671.jpg,train,OBJECT,OBJECT:무엇,1
train_4672.jpg,train,COMPOSITE,"SPELLING:이름.{0,3}(뭐|무엇);;OBJECT:무엇",2
train_4673.jpg,train,OBJECT,OBJECT:무엇,1
train_4674.jpg,train,OBJECT,OBJECT:무엇,1
train_4675.jpg,train,OBJECT,OBJECT:무엇,1
train_4676.jpg,train,OBJECT,OBJECT:있(나요|습니까|어),1
train_4677.jpg,train,COMPOSITE,"SPELLING:이름.{0,3}(뭐|무엇);;OBJECT:무엇",2
train_4678.jpg,train,UNKNOWN,,0
train_4679.jpg,train,OBJECT,OBJECT:무엇,1
train_4680.jpg,train,UNKNOWN,,0
train_4681.jpg,train,OBJECT,OBJECT:무엇,1
train_4682.jpg,train,UNKNOWN,,0
train_4683.jpg,train,OBJECT,OBJECT:있(나요|습니까|어),1
train_4684.jpg,train,COMPOSITE,"SPELLING:이름.{0,3}(뭐|무엇);;OBJECT:무엇",2
train_4685.jpg,train,PRICE,PRICE:가격,1
train_4686.jpg,train,PRICE,PRICE:얼마,1
train_4687.jpg,train,COMPOSITE,SPELLING:글자;;OBJECT:무엇,2
train_4688.jpg,train,OBJECT,OBJECT:무엇,1
train_4689.jpg,train,COMPOSITE,NUMBER:번호;;OBJECT:무엇,2
train_4690.jpg,train,PRICE,PRICE:얼마,1
train_4691.jpg,train,PRICE,PRICE:가격,1
train_4692.jpg,train,COMPOSITE,SPELLING:글자;;OBJECT:무엇,2
train_4693.jpg,train,OBJECT,OBJECT:무엇,1
train_4694.jpg,train,OBJECT,OBJECT:무엇,1
train_4695.jpg,train,COMPOSITE,NUMBER:번호;;OBJECT:무엇,2
train_4696.jpg,train,PRICE,PRICE:가격,1
train_4697.jpg,train,OBJECT,OBJECT:무엇,1
train_4698.jpg,train,OBJECT,OBJECT:무엇,1
train_4699.jpg,train,OBJECT,OBJECT:무엇,1
train_4700.jpg,train,OBJECT,OBJECT:무엇,1
train_4701.jpg,train,OBJECT,OBJECT:무엇,1
train_4702.jpg,train,OBJECT,OBJECT:무엇,1
train_4703.jpg,train,OBJECT,OBJECT:무엇,1
train_4704.jpg,train,UNKNOWN,,0
train_4705.jpg,train,COMPOSITE,"SPELLING:이름.{0,3}(뭐|무엇);;OBJECT:무엇",2
train_4706.jpg,train,OBJECT,OBJECT:무엇,1
train_4707.jpg,train,COMPOSITE,"SPELLING:이름.{0,3}(뭐|무엇);;OBJECT:무엇",2
train_4708.jpg,train,OBJECT,OBJECT:무엇,1
train_4709.jpg,train,COMPOSITE,"SPELLING:이름.{0,3}(뭐|무엇);;OBJECT:무엇",2
train_4710.jpg,train,TIMEDATE,TIMEDATE:언제,1
train_4711.jpg,train,TIMEDATE,TIMEDATE:영업\s*시간,1
train_4712.jpg,train,COMPOSITE,SPELLING:글자;;OBJECT:무엇,2
train_4713.jpg,train,OBJECT,OBJECT:있(나요|습니까|어),1
train_4714.jpg,train,OBJECT,OBJECT:무엇,1
train_4715.jpg,train,OBJECT,OBJECT:무엇,1
train_4716.jpg,train,PRICE,PRICE:얼마,1
train_4717.jpg,train,COMPOSITE,"SPELLING:이름.{0,3}(뭐|무엇);;OBJECT:무엇",2
train_4718.jpg,train,OBJECT,OBJECT:무엇,1
train_4719.jpg,train,OBJECT,OBJECT:무엇,1
train_4720.jpg,train,UNKNOWN,,0
train_4721.jpg,train,OBJECT,OBJECT:무엇,1
train_4722.jpg,train,UNKNOWN,,0
train_4723.jpg,train,PRICE,PRICE:가격,1
train_4724.jpg,train,COMPOSITE,"SPELLING:이름.{0,3}(뭐|무엇);;OBJECT:무엇",2
train_4725.jpg,train,OBJECT,OBJECT:있(나요|습니까|어),1
train_4726.jpg,train,OBJECT,OBJECT:무엇,1
train_4727.jpg,train,COMPOSITE,"SPELLING:이름.{0,3}(뭐|무엇);;OBJECT:무엇",2
train_4728.jpg,train,OBJECT,OBJECT:무엇,1
train_4729.jpg,train,OBJECT,OBJECT:무엇,1
train_4730.jpg,train,OBJECT,OBJECT:무엇,1
train_4731.jpg,train,COMPOSITE,OBJECT:무엇;;RELATION:옆에,2
train_4732.jpg,train,OBJECT,OBJECT:있(나요|습니까|어),1
train_4733.jpg,train,COMPOSITE,"SPELLING:이름.{0,3}(뭐|무엇);;OBJECT:무엇",2
train_4734.jpg,train,OBJECT,OBJECT:무엇,1
train_4735.jpg,train,COMPOSITE,SPELLING:글자;;OBJECT:무엇,2
train_4736.jpg,train,OBJECT,OBJECT:무엇,1
train_4737.jpg,train,COMPOSITE,NUMBER:번호;;OBJECT:무엇,2
train_4738.jpg,train,PRICE,PRICE:얼마,1
train_4739.jpg,train,OBJECT,OBJECT:무엇,1
train_4740.jpg,train,PRICE,PRICE:얼마,1
train_4741.jpg,train,PRICE,PRICE:얼마,1
train_4742.jpg,train,COMPOSITE,"SPELLING:이름.{0,3}(뭐|무엇);;OBJECT:무엇",2
train_4743.jpg,train,NUMBER,NUMBER:몇\s*명,1
train_4744.jpg,train,OBJECT,OBJECT:무엇,1
train_4745.jpg,train,TIMEDATE,TIMEDATE:언제,1
train_4746.jpg,train,COMPOSITE,SPELLING:글자;;OBJECT:무엇,2
train_4747.jpg,train,OBJECT,OBJECT:무엇,1
train_4748.jpg,train,OBJECT,OBJECT:있(나요|습니까|어),1
train_4749.jpg,train,COMPOSITE,NUMBER:번호;;OBJECT:무엇,2
train_4750.jpg,train,PRICE,PRICE:가격,1
train_4751.jpg,train,COMPOSITE,"SPELLING:이름.{0,3}(뭐|무엇);;OBJECT:무엇",2
train_4752.jpg,train,COMPOSITE,NUMBER:번호;;OBJECT:무엇,2
train_4753.jpg,train,TIMEDATE,TIMEDATE:언제,1
train_4754.jpg,train,OBJECT,OBJECT:무엇,1
train_4755.jpg,train,TIMEDATE,TIMEDATE:날짜,1
train_4756.jpg,train,COMPOSITE,"SPELLING:이름.{0,3}(뭐|무엇);;OBJECT:무엇",2
train_4757.jpg,train,COMPOSITE,SPELLING:글자;;OBJECT:무엇,2
train_4758.jpg,train,UNKNOWN,,0
train_4759.jpg,train,TIMEDATE,TIMEDATE:언제,1
train_4760.jpg,train,COMPOSITE,TIMEDATE:영업\s*시간;;OBJECT:있(나요|습니까|어),2
train_4761.jpg,train,OBJECT,OBJECT:무엇,1
train_4762.jpg,train,PRICE,PRICE:얼마,1
train_4763.jpg,train,COMPOSITE,SPELLING:글자;;OBJECT:무엇,2
train_4764.jpg,train,OBJECT,OBJECT:무엇,1
train_4765.jpg,train,OBJECT,OBJECT:무엇,1
train_4766.jpg,train,PRICE,PRICE:가격,1
train_4767.jpg,train,TIMEDATE,TIMEDATE:언제,1
train_4768.jpg,train,OBJECT,OBJECT:무엇,1
train_4769.jpg,train,PRICE,PRICE:가격,1
train_4770.jpg,train,OBJECT,OBJECT:무엇,1
train_4771.jpg,train,OBJECT,OBJECT:무엇,1
train_4772.jpg,train,OBJECT,OBJECT:무엇,1
train_4773.jpg,train,OBJECT,OBJECT:무엇,1
train_4774.jpg,train,COMPOSITE,"SPELLING:이름.{0,3}(뭐|무엇);;OBJECT:무엇",2
train_4775.jpg,train,UNKNOWN,,0
train_4776.jpg,train,COMPOSITE,"SPELLING:이름.{0,3}(뭐|무엇);;OBJECT:무엇",2
train_4777.jpg,train,OBJECT,OBJECT:무엇,1
train_4778.jpg,train,OBJECT,OBJECT:무엇,1
train_4779.jpg,train,COMPOSITE,"SPELLING:이름.{0,3}(뭐|무엇);;LOGO:브랜드;;OBJECT:무엇",3
train_4780.jpg,train,PRICE,PRICE:가격,1
train_4781.jpg,train,OBJECT,OBJECT:무엇,1
train_4782.jpg,train,OBJECT,OBJECT:무엇,1
train_4783.jpg,train,OBJECT,OBJECT:있(나요|습니까|어),1
train_4784.jpg,train,OBJECT,OBJECT:무엇,1
train_4785.jpg,train,COMPOSITE,PRICE:가격;;OBJECT:무엇,2
train_4786.jpg,train,OBJECT,OBJECT:무엇,1
train_4787.jpg,train,OBJECT,OBJECT:무엇,1
train_4788.jpg,train,COMPOSITE,"SPELLING:이름.{0,3}(뭐|무엇);;OBJECT:무엇",2
train_4789.jpg,train,OBJECT,OBJECT:무엇,1
train_4790.jpg,train,TIMEDATE,TIMEDATE:언제,1
train_4791.jpg,train,OBJECT,OBJECT:무엇,1
train_4792.jpg,train,OBJECT,OBJECT:무엇,1
train_4793.jpg,train,COMPOSITE,PRICE:가격;;RELATION:왼쪽,2
train_4794.jpg,train,TIMEDATE,TIMEDATE:언제,1
train_4795.jpg,train,OBJECT,OBJECT:무엇,1
train_4796.jpg,train,COMPOSITE,"SPELLING:이름.{0,3}(뭐|무엇);;OBJECT:무엇",2
train_4797.jpg,train,COMPOSITE,TABLE:항목;;OBJECT:무엇,2
train_4798.jpg,train,COMPOSITE,"SPELLING:이름.{0,3}(뭐|무엇);;OBJECT:무엇",2
train_4799.jpg,train,UNKNOWN,,0
train_4800.jpg,train,OBJECT,OBJECT:있(나요|습니까|어),1
train_4801.jpg,train,OBJECT,OBJECT:무엇,1
train_4802.jpg,train,COMPOSITE,OBJECT:무엇;;RELATION:오른쪽,2
train_4803.jpg,train,UNKNOWN,,0
train_4804.jpg,train,COMPOSITE,SPELLING:글자;;OBJECT:무엇,2
train_4805.jpg,train,COMPOSITE,NUMBER:번호;;OBJECT:무엇,2
train_4806.jpg,train,OBJECT,OBJECT:무엇,1
train_4807.jpg,train,OBJECT,OBJECT:무엇,1
train_4808.jpg,train,OBJECT,OBJECT:무엇,1
train_4809.jpg,train,COMPOSITE,SPELLING:글자;;OBJECT:무엇,2
train_4810.jpg,train,PRICE,PRICE:가격,1
train_4811.jpg,train,COMPOSITE,NUMBER:번호;;OBJECT:무엇,2
train_4812.jpg,train,PRICE,PRICE:얼마,1
train_4813.jpg,train,COMPOSITE,OBJECT:무엇;;RELATION:오른쪽,2
train_4814.jpg,train,OBJECT,OBJECT:무엇,1
train_4815.jpg,train,OBJECT,OBJECT:무엇,1
train_4816.jpg,train,PRICE,PRICE:얼마,1
train_4817.jpg,train,COMPOSITE,"SPELLING:이름.{0,3}(뭐|무엇);;OBJECT:무엇",2
train_4818.jpg,train,OBJECT,OBJECT:무엇,1
train_4819.jpg,train,COMPOSITE,NUMBER:번호;;OBJECT:무엇,2
train_4820.jpg,train,OBJECT,OBJECT:무엇,1
train_4821.jpg,train,COMPOSITE,"SPELLING:이름.{0,3}(뭐|무엇);;OBJECT:무엇",2
train_4822.jpg,train,OBJECT,OBJECT:무엇,1
train_4823.jpg,train,PRICE,PRICE:가격,1
train_4824.jpg,train,PRICE,PRICE:얼마,1
train_4825.jpg,train,PRICE,PRICE:얼마,1
train_4826.jpg,train,COMPOSITE,"SPELLING:이름.{0,3}(뭐|무엇);;OBJECT:무엇",2
train_4827.jpg,train,OBJECT,OBJECT:무엇,1
train_4828.jpg,train,OBJECT,OBJECT:무엇,1
train_4829.jpg,train,OBJECT,OBJECT:무엇,1
train_4830.jpg,train,COMPOSITE,"SPELLING:이름.{0,3}(뭐|무엇);;OBJECT:무엇",2
train_4831.jpg,train,COMPOSITE,"SPELLING:이름.{0,3}(뭐|무엇);;LOGO:브랜드;;OBJECT:무엇",3
train_4832.jpg,train,PRICE,PRICE:가격,1
train_4833.jpg,train,OBJECT,OBJECT:무엇,1
train_4834.jpg,train,COMPOSITE,NUMBER:번호;;OBJECT:있(나요|습니까|어),2
train_4835.jpg,train,OBJECT,OBJECT:무엇,1
train_4836.jpg,train,TIMEDATE,TIMEDATE:언제,1
train_4837.jpg,train,TIMEDATE,TIMEDATE:기간,1
train_4838.jpg,train,TIMEDATE,TIMEDATE:언제,1
train_4839.jpg,train,COMPOSITE,"SPELLING:이름.{0,3}(뭐|무엇);;OBJECT:무엇",2
train_4840.jpg,train,UNKNOWN,,0
train_4841.jpg,train,COMPOSITE,"SPELLING:이름.{0,3}(뭐|무엇);;OBJECT:무엇",2
train_4842.jpg,train,OBJECT,OBJECT:있(나요|습니까|어),1
train_4843.jpg,train,PRICE,PRICE:가격,1
train_4844.jpg,train,OBJECT,OBJECT:있(나요|습니까|어),1
train_4845.jpg,train,OBJECT,OBJECT:무엇,1
train_4846.jpg,train,COMPOSITE,"SPELLING:이름.{0,3}(뭐|무엇);;OBJECT:무엇",2
train_4847.jpg,train,UNKNOWN,,0
train_4848.jpg,train,COMPOSITE,"SPELLING:이름.{0,3}(뭐|무엇);;LOGO:브랜드;;OBJECT:무엇",3
train_4849.jpg,train,COMPOSITE,"SPELLING:이름.{0,3}(뭐|무엇);;OBJECT:무엇",2
train_4850.jpg,train,UNKNOWN,,0
train_4851.jpg,train,COMPOSITE,NUMBER:번호;;OBJECT:무엇,2
train_4852.jpg,train,COMPOSITE,"SPELLING:이름.{0,3}(뭐|무엇);;OBJECT:무엇",2
train_4853.jpg,train,OBJECT,OBJECT:무엇,1
train_4854.jpg,train,COMPOSITE,"SPELLING:이름.{0,3}(뭐|무엇);;OBJECT:무엇",2
train_4855.jpg,train,SPELLING,SPELLING:글자,1
train_4856.jpg,train,TIMEDATE,TIMEDATE:언제,1
train_4857.jpg,train,UNKNOWN,,0
train_4858.jpg,train,COMPOSITE,PRICE:가격;;OBJECT:무엇,2
train_4859.jpg,train,OBJECT,OBJECT:무엇,1
train_4860.jpg,train,UNKNOWN,,0
train_4861.jpg,train,COMPOSITE,"SPELLING:이름.{0,3}(뭐|무엇);;OBJECT:무엇",2
train_4862.jpg,train,TIMEDATE,TIMEDATE:기간,1
train_4863.jpg,train,COMPOSITE,TIMEDATE:날짜;;TABLE:항목;;OBJECT:무엇,3
train_4864.jpg,train,COMPOSITE,"SPELLING:이름.{0,3}(뭐|무엇);;LOGO:브랜드;;OBJECT:무엇",3
train_4865.jpg,train,OBJECT,OBJECT:무엇,1
train_4866.jpg,train,OBJECT,OBJECT:무엇,1
train_4867.jpg,train,PRICE,PRICE:가격,1
train_4868.jpg,train,COMPOSITE,"SPELLING:이름.{0,3}(뭐|무엇);;OBJECT:무엇",2
train_4869.jpg,train,COMPOSITE,"SPELLING:이름.{0,3}(뭐|무엇);;OBJECT:무엇",2
train_4870.jpg,train,OBJECT,OBJECT:무엇,1
train_4871.jpg,train,OBJECT,OBJECT:무엇,1
train_4872.jpg,train,COMPOSITE,"SPELLING:이름.{0,3}(뭐|무엇);;TABLE:표에서;;OBJECT:무엇",3
train_4873.jpg,train,COMPOSITE,"SPELLING:이름.{0,3}(뭐|무엇);;OBJECT:무엇",2
train_4874.jpg,train,COMPOSITE,"SPELLING:이름.{0,3}(뭐|무엇);;OBJECT:무엇",2
train_4875.jpg,train,OBJECT,OBJECT:무엇,1
train_4876.jpg,train,COMPOSITE,NUMBER:번호;;OBJECT:무엇,2
train_4877.jpg,train,PRICE,PRICE:가격,1
train_4878.jpg,train,OBJECT,OBJECT:무엇,1
train_4879.jpg,train,COMPOSITE,"SPELLING:이름.{0,3}(뭐|무엇);;LOGO:브랜드;;OBJECT:무엇",3
train_4880.jpg,train,OBJECT,OBJECT:무엇,1
train_4881.jpg,train,OBJECT,OBJECT:무엇,1
train_4882.jpg,train,OBJECT,OBJECT:무엇,1
train_4883.jpg,train,COMPOSITE,"SPELLING:이름.{0,3}(뭐|무엇);;OBJECT:무엇",2
train_4884.jpg,train,OBJECT,OBJECT:무엇,1
train_4885.jpg,train,COMPOSITE,"SPELLING:이름.{0,3}(뭐|무엇);;OBJECT:무엇",2
train_4886.jpg,train,OBJECT,OBJECT:무엇,1
train_4887.jpg,train,OBJECT,OBJECT:무엇,1
train_4888.jpg,train,OBJECT,OBJECT:무엇,1
train_4889.jpg,train,COMPOSITE,"SPELLING:이름.{0,3}(뭐|무엇);;OBJECT:무엇",2
train_4890.jpg,train,PRICE,PRICE:가격,1
train_4891.jpg,train,COMPOSITE,OBJECT:있(나요|습니까|어);;RELATION:왼쪽,2
train_4892.jpg,train,COMPOSITE,NUMBER:번호;;OBJECT:무엇,2
train_4893.jpg,train,OBJECT,OBJECT:무엇,1
train_4894.jpg,train,PRICE,PRICE:가격,1
train_4895.jpg,train,COMPOSITE,SPELLING:글자;;OBJECT:무엇,2
train_4896.jpg,train,COMPOSITE,NUMBER:번호;;OBJECT:무엇;;RELATION:아래,3
train_4897.jpg,train,COMPOSITE,NUMBER:번호;;OBJECT:무엇,2
train_4898.jpg,train,COMPOSITE,SPELLING:글자;;OBJECT:무엇,2
train_4899.jpg,train,COMPOSITE,TIMEDATE:몇\s*시;;OBJECT:있(나요|습니까|어),2
train_4900.jpg,train,OBJECT,OBJECT:무엇,1
train_4901.jpg,train,OBJECT,OBJECT:무엇,1
train_4902.jpg,train,OBJECT,OBJECT:무엇,1
train_4903.jpg,train,COMPOSITE,"SPELLING:이름.{0,3}(뭐|무엇);;LOGO:브랜드;;OBJECT:무엇",3
train_4904.jpg,train,COMPOSITE,OBJECT:무엇;;RELATION:옆에,2
train_4905.jpg,train,COMPOSITE,"SPELLING:이름.{0,3}(뭐|무엇);;OBJECT:무엇",2
train_4906.jpg,train,UNKNOWN,,0
train_4907.jpg,train,PRICE,PRICE:가격,1
train_4908.jpg,train,OBJECT,OBJECT:무엇,1
train_4909.jpg,train,OBJECT,OBJECT:무엇,1
train_4910.jpg,train,COMPOSITE,NUMBER:번호;;OBJECT:무엇,2
train_4911.jpg,train,COMPOSITE,SPELLING:글자;;OBJECT:무엇,2
train_4912.jpg,train,COMPOSITE,"SPELLING:이름.{0,3}(뭐|무엇);;LOGO:브랜드;;OBJECT:무엇",3
train_4913.jpg,train,OBJECT,OBJECT:무엇,1
train_4914.jpg,train,PRICE,PRICE:가격,1
train_4915.jpg,train,OBJECT,OBJECT:무엇,1
train_4916.jpg,train,OBJECT,OBJECT:무엇,1
train_4917.jpg,train,UNKNOWN,,0
train_4918.jpg,train,OBJECT,OBJECT:무엇,1
train_4919.jpg,train,UNKNOWN,,0
train_4920.jpg,train,COMPOSITE,"SPELLING:이름.{0,3}(뭐|무엇);;OBJECT:무엇",2
train_4921.jpg,train,OBJECT,OBJECT:무엇,1
train_4922.jpg,train,UNKNOWN,,0
train_4923.jpg,train,PRICE,PRICE:얼마,1
train_4924.jpg,train,OBJECT,OBJECT:무엇,1
train_4925.jpg,train,COMPOSITE,"SPELLING:이름.{0,3}(뭐|무엇);;OBJECT:무엇",2
train_4926.jpg,train,OBJECT,OBJECT:무엇,1
train_4927.jpg,train,OBJECT,OBJECT:있(나요|습니까|어),1
train_4928.jpg,train,PRICE,PRICE:얼마,1
train_4929.jpg,train,OBJECT,OBJECT:무엇,1
train_4930.jpg,train,PRICE,PRICE:가격,1
train_4931.jpg,train,COMPOSITE,LOGO:브랜드;;OBJECT:무엇,2
train_4932.jpg,train,COMPOSITE,"SPELLING:이름.{0,3}(뭐|무엇);;OBJECT:무엇",2
train_4933.jpg,train,UNKNOWN,,0
train_4934.jpg,train,OBJECT,OBJECT:무엇,1
train_4935.jpg,train,COMPOSITE,"SPELLING:이름.{0,3}(뭐|무엇);;OBJECT:무엇",2
train_4936.jpg,train,PRICE,PRICE:가격,1
train_4937.jpg,train,OBJECT,OBJECT:무엇,1
train_4938.jpg,train,COMPOSITE,SPELLING:글자;;OBJECT:있(나요|습니까|어),2
train_4939.jpg,train,COMPOSITE,NUMBER:번호;;OBJECT:무엇,2
train_4940.jpg,train,OBJECT,OBJECT:무엇,1
train_4941.jpg,train,OBJECT,OBJECT:있(나요|습니까|어),1
train_4942.jpg,train,OBJECT,OBJECT:무엇,1
train_4943.jpg,train,PRICE,PRICE:얼마,1
train_4944.jpg,train,COMPOSITE,"SPELLING:이름.{0,3}(뭐|무엇);;OBJECT:무엇",2
train_4945.jpg,train,COMPOSITE,NUMBER:번호;;OBJECT:무엇,2
train_4946.jpg,train,OBJECT,OBJECT:무엇,1
train_4947.jpg,train,COMPOSITE,"SPELLING:이름.{0,3}(뭐|무엇);;OBJECT:무엇",2
train_4948.jpg,train,COMPOSITE,"SPELLING:이름.{0,3}(뭐|무엇);;OBJECT:무엇",2
train_4949.jpg,train,COMPOSITE,"SPELLING:이름.{0,3}(뭐|무엇);;LOGO:브랜드;;OBJECT:무엇",3
train_4950.jpg,train,OBJECT,OBJECT:무엇,1
train_4951.jpg,train,COMPOSITE,"SPELLING:이름.{0,3}(뭐|무엇);;OBJECT:무엇",2
train_4952.jpg,train,COMPOSITE,"SPELLING:이름.{0,3}(뭐|무엇);;OBJECT:무엇",2
train_4953.jpg,train,UNKNOWN,,0
train_4954.jpg,train,OBJECT,OBJECT:무엇,1
train_4955.jpg,train,OBJECT,OBJECT:무엇,1
train_4956.jpg,train,OBJECT,OBJECT:무엇,1
train_4957.jpg,train,COMPOSITE,NUMBER:번호;;OBJECT:무엇,2
train_4958.jpg,train,PRICE,PRICE:가격,1
train_4959.jpg,train,OBJECT,OBJECT:무엇,1
train_4960.jpg,train,COMPOSITE,"SPELLING:이름.{0,3}(뭐|무엇);;OBJECT:무엇",2
train_4961.jpg,train,PRICE,PRICE:가격,1
train_4962.jpg,train,PRICE,PRICE:얼마,1
train_4963.jpg,train,COMPOSITE,SPELLING:글자;;OBJECT:무엇,2
train_4964.jpg,train,COMPOSITE,"SPELLING:이름.{0,3}(뭐|무엇);;OBJECT:무엇",2
train_4965.jpg,train,COMPOSITE,"SPELLING:이름.{0,3}(뭐|무엇);;OBJECT:무엇",2
train_4966.jpg,train,OBJECT,OBJECT:무엇,1
train_4967.jpg,train,OBJECT,OBJECT:무엇,1
train_4968.jpg,train,UNKNOWN,,0
train_4969.jpg,train,UNKNOWN,,0
train_4970.jpg,train,OBJECT,OBJECT:무엇,1
train_4971.jpg,train,UNKNOWN,,0
train_4972.jpg,train,COMPOSITE,"SPELLING:이름.{0,3}(뭐|무엇);;OBJECT:무엇",2
train_4973.jpg,train,OBJECT,OBJECT:무엇,1
train_4974.jpg,train,OBJECT,OBJECT:무엇,1
train_4975.jpg,train,COMPOSITE,"SPELLING:이름.{0,3}(뭐|무엇);;OBJECT:무엇",2
train_4976.jpg,train,TIMEDATE,TIMEDATE:언제,1
train_4977.jpg,train,COMPOSITE,"SPELLING:이름.{0,3}(뭐|무엇);;OBJECT:무엇",2
train_4978.jpg,train,TIMEDATE,TIMEDATE:몇\s*시,1
train_4979.jpg,train,COMPOSITE,OBJECT:무엇;;RELATION:아래,2
train_4980.jpg,train,OBJECT,OBJECT:무엇,1
train_4981.jpg,train,PRICE,PRICE:얼마,1
train_4982.jpg,train,OBJECT,OBJECT:무엇,1
train_4983.jpg,train,PRICE,PRICE:가격,1
train_4984.jpg,train,TIMEDATE,TIMEDATE:언제,1
train_4985.jpg,train,PRICE,PRICE:가격,1
train_4986.jpg,train,OBJECT,OBJECT:무엇,1
train_4987.jpg,train,COMPOSITE,"SPELLING:이름.{0,3}(뭐|무엇);;OBJECT:무엇",2
train_4988.jpg,train,COMPOSITE,"SPELLING:이름.{0,3}(뭐|무엇);;OBJECT:무엇",2
train_4989.jpg,train,OBJECT,OBJECT:무엇,1
train_4990.jpg,train,COMPOSITE,SPELLING:글자;;OBJECT:무엇;;RELATION:위에,3
train_4991.jpg,train,TIMEDATE,TIMEDATE:언제,1
train_4992.jpg,train,OBJECT,OBJECT:무엇,1
train_4993.jpg,train,OBJECT,OBJECT:무엇,1
train_4994.jpg,train,COMPOSITE,"SPELLING:이름.{0,3}(뭐|무엇);;OBJECT:무엇",2
train_4995.jpg,train,COMPOSITE,"SPELLING:이름.{0,3}(뭐|무엇);;OBJECT:무엇",2
train_4996.jpg,train,OBJECT,OBJECT:무엇,1
train_4997.jpg,train,OBJECT,OBJECT:무엇,1
train_4998.jpg,train,OBJECT,OBJECT:무엇,1
train_4999.jpg,train,COMPOSITE,OBJECT:무엇;;RELATION:왼쪽,2
train_5000.jpg,train,OBJECT,OBJECT:무엇,1
train_5001.jpg,train,COMPOSITE,"SPELLING:이름.{0,3}(뭐|무엇);;OBJECT:무엇",2
train_5002.jpg,train,NUMBER,NUMBER:몇\s*개,1
train_5003.jpg,train,PRICE,PRICE:가격,1
train_5004.jpg,train,OBJECT,OBJECT:무엇,1
train_5005.jpg,train,OBJECT,OBJECT:무엇,1
train_5006.jpg,train,TIMEDATE,TIMEDATE:언제,1
train_5007.jpg,train,UNKNOWN,,0
train_5008.jpg,train,PRICE,PRICE:얼마,1
train_5009.jpg,train,COMPOSITE,NUMBER:번호;;OBJECT:사물,2
train_5010.jpg,train,OBJECT,OBJECT:무엇,1
train_5011.jpg,train,COMPOSITE,"SPELLING:이름.{0,3}(뭐|무엇);;OBJECT:무엇",2
train_5012.jpg,train,COMPOSITE,PRICE:얼마;;RELATION:아래,2
train_5013.jpg,train,UNKNOWN,,0
train_5014.jpg,train,PRICE,PRICE:가격,1
train_5015.jpg,train,OBJECT,OBJECT:무엇,1
train_5016.jpg,train,COMPOSITE,NUMBER:번호;;OBJECT:무엇,2
train_5017.jpg,train,OBJECT,OBJECT:무엇,1
train_5018.jpg,train,OBJECT,OBJECT:무엇,1
train_5019.jpg,train,COMPOSITE,NUMBER:번호;;OBJECT:무엇,2
train_5020.jpg,train,COMPOSITE,OBJECT:무엇;;RELATION:위에,2
train_5021.jpg,train,NUMBER,NUMBER:몇\s*번,1
train_5022.jpg,train,OBJECT,OBJECT:무엇,1
train_5023.jpg,train,COMPOSITE,"SPELLING:이름.{0,3}(뭐|무엇);;OBJECT:무엇",2
train_5024.jpg,train,OBJECT,OBJECT:무엇,1
train_5025.jpg,train,PRICE,PRICE:가격,1
train_5026.jpg,train,COMPOSITE,"SPELLING:이름.{0,3}(뭐|무엇);;OBJECT:무엇",2
train_5027.jpg,train,PRICE,PRICE:얼마,1
train_5028.jpg,train,UNKNOWN,,0
train_5029.jpg,train,OBJECT,OBJECT:무엇,1
train_5030.jpg,train,OBJECT,OBJECT:무엇,1
train_5031.jpg,train,PRICE,PRICE:가격,1
train_5032.jpg,train,OBJECT,OBJECT:무엇,1
train_5033.jpg,train,OBJECT,OBJECT:무엇,1
train_5034.jpg,train,COMPOSITE,"SPELLING:이름.{0,3}(뭐|무엇);;OBJECT:무엇",2
train_5035.jpg,train,COMPOSITE,"SPELLING:이름.{0,3}(뭐|무엇);;OBJECT:무엇",2
train_5036.jpg,train,OBJECT,OBJECT:있(나요|습니까|어),1
train_5037.jpg,train,OBJECT,OBJECT:무엇,1
train_5038.jpg,train,COMPOSITE,"SPELLING:이름.{0,3}(뭐|무엇);;OBJECT:무엇",2
train_5039.jpg,train,COMPOSITE,NUMBER:번호;;OBJECT:무엇,2
train_5040.jpg,train,OBJECT,OBJECT:무엇,1
train_5041.jpg,train,OBJECT,OBJECT:있(나요|습니까|어),1
train_5042.jpg,train,OBJECT,OBJECT:무엇,1
train_5043.jpg,train,OBJECT,OBJECT:있(나요|습니까|어),1
train_5044.jpg,train,COMPOSITE,"SPELLING:이름.{0,3}(뭐|무엇);;OBJECT:무엇",2
train_5045.jpg,train,COMPOSITE,"SPELLING:이름.{0,3}(뭐|무엇);;OBJECT:무엇",2
train_5046.jpg,train,COMPOSITE,"SPELLING:이름.{0,3}(뭐|무엇);;OBJECT:무엇",2
train_5047.jpg,train,OBJECT,OBJECT:무엇,1
train_5048.jpg,train,OBJECT,OBJECT:무엇,1
train_5049.jpg,train,UNKNOWN,,0
train_5050.jpg,train,PRICE,PRICE:가격,1
train_5051.jpg,train,UNKNOWN,,0
train_5052.jpg,train,COMPOSITE,"SPELLING:이름.{0,3}(뭐|무엇);;OBJECT:무엇",2
train_5053.jpg,train,OBJECT,OBJECT:무엇,1
train_5054.jpg,train,COMPOSITE,NUMBER:번호;;OBJECT:무엇,2
train_5055.jpg,train,OBJECT,OBJECT:무엇,1
train_5056.jpg,train,UNKNOWN,,0
train_5057.jpg,train,OBJECT,OBJECT:무엇,1
train_5058.jpg,train,NUMBER,NUMBER:수량,1
train_5059.jpg,train,COMPOSITE,"SPELLING:이름.{0,3}(뭐|무엇);;OBJECT:무엇",2
train_5060.jpg,train,OBJECT,OBJECT:무엇,1
train_5061.jpg,train,OBJECT,OBJECT:무엇,1
train_5062.jpg,train,OBJECT,OBJECT:무엇,1
train_5063.jpg,train,COMPOSITE,NUMBER:번호;;OBJECT:무엇,2
train_5064.jpg,train,OBJECT,OBJECT:무엇,1
train_5065.jpg,train,OBJECT,OBJECT:무엇,1
train_5066.jpg,train,OBJECT,OBJECT:무엇,1
train_5067.jpg,train,COMPOSITE,"SPELLING:이름.{0,3}(뭐|무엇);;LOGO:브랜드;;OBJECT:무엇;;RELATION:위에",4
train_5068.jpg,train,OBJECT,OBJECT:무엇,1
train_5069.jpg,train,OBJECT,OBJECT:있(나요|습니까|어),1
train_5070.jpg,train,COMPOSITE,LOGO:브랜드;;OBJECT:무엇,2
train_5071.jpg,train,OBJECT,OBJECT:무엇,1
train_5072.jpg,train,OBJECT,OBJECT:무엇,1
train_5073.jpg,train,UNKNOWN,,0
train_5074.jpg,train,PRICE,PRICE:가격,1
train_5075.jpg,train,OBJECT,OBJECT:무엇,1
train_5076.jpg,train,UNKNOWN,,0
train_5077.jpg,train,OBJECT,OBJECT:무엇,1
train_5078.jpg,train,UNKNOWN,,0
train_5079.jpg,train,PRICE,PRICE:가격,1
train_5080.jpg,train,COMPOSITE,"SPELLING:이름.{0,3}(뭐|무엇);;OBJECT:무엇",2
train_5081.jpg,train,OBJECT,OBJECT:무엇,1
train_5082.jpg,train,COMPOSITE,LOGO:브랜드;;OBJECT:무엇,2
train_5083.jpg,train,COMPOSITE,"SPELLING:이름.{0,3}(뭐|무엇);;OBJECT:무엇",2
train_5084.jpg,train,OBJECT,OBJECT:무엇,1
train_5085.jpg,train,TIMEDATE,TIMEDATE:언제,1
train_5086.jpg,train,OBJECT,OBJECT:무엇,1
train_5087.jpg,train,COMPOSITE,"SPELLING:이름.{0,3}(뭐|무엇);;OBJECT:무엇",2
train_5088.jpg,train,OBJECT,OBJECT:무엇,1
train_5089.jpg,train,UNKNOWN,,0
train_5090.jpg,train,COMPOSITE,"SPELLING:이름.{0,3}(뭐|무엇);;OBJECT:무엇",2
train_5091.jpg,train,OBJECT,OBJECT:무엇,1
train_5092.jpg,train,PRICE,PRICE:얼마,1
train_5093.jpg,train,UNKNOWN,,0
train_5094.jpg,train,COMPOSITE,NUMBER:번호;;OBJECT:무엇,2
train_5095.jpg,train,OBJECT,OBJECT:무엇,1
train_5096.jpg,train,PRICE,PRICE:가격,1
train_5097.jpg,train,OBJECT,OBJECT:무엇,1
train_5098.jpg,train,COMPOSITE,"SPELLING:이름.{0,3}(뭐|무엇);;OBJECT:무엇",2
train_5099.jpg,train,OBJECT,OBJECT:무엇,1
train_5100.jpg,train,UNKNOWN,,0
train_5101.jpg,train,OBJECT,OBJECT:무엇,1
train_5102.jpg,train,COMPOSITE,"SPELLING:이름.{0,3}(뭐|무엇);;LOGO:브랜드;;OBJECT:무엇",3
train_5103.jpg,train,COMPOSITE,"SPELLING:이름.{0,3}(뭐|무엇);;OBJECT:무엇",2
train_5104.jpg,train,COMPOSITE,SPELLING:글자;;OBJECT:무엇,2
train_5105.jpg,train,COMPOSITE,"SPELLING:이름.{0,3}(뭐|무엇);;OBJECT:무엇",2
train_5106.jpg,train,OBJECT,OBJECT:무엇,1
train_5107.jpg,train,PRICE,PRICE:얼마,1
train_5108.jpg,train,UNKNOWN,,0
train_5109.jpg,train,OBJECT,OBJECT:무엇,1
train_5110.jpg,train,OBJECT,OBJECT:무엇,1
train_5111.jpg,train,OBJECT,OBJECT:무엇,1
train_5112.jpg,train,PRICE,PRICE:가격,1
train_5113.jpg,train,OBJECT,OBJECT:무엇,1
train_5114.jpg,train,OBJECT,OBJECT:있(나요|습니까|어),1
train_5115.jpg,train,PRICE,PRICE:얼마,1
train_5116.jpg,train,COMPOSITE,"SPELLING:이름.{0,3}(뭐|무엇);;OBJECT:무엇",2
train_5117.jpg,train,COMPOSITE,OBJECT:무엇;;RELATION:아래,2
train_5118.jpg,train,OBJECT,OBJECT:무엇,1
train_5119.jpg,train,OBJECT,OBJECT:무엇,1
train_5120.jpg,train,OBJECT,OBJECT:무엇,1
train_5121.jpg,train,COMPOSITE,"SPELLING:이름.{0,3}(뭐|무엇);;OBJECT:무엇",2
train_5122.jpg,train,COMPOSITE,"SPELLING:이름.{0,3}(뭐|무엇);;OBJECT:무엇",2
train_5123.jpg,train,OBJECT,OBJECT:무엇,1
train_5124.jpg,train,PRICE,PRICE:가격,1
train_5125.jpg,train,COMPOSITE,NUMBER:번호;;OBJECT:무엇,2
train_5126.jpg,train,UNKNOWN,,0
train_5127.jpg,train,UNKNOWN,,0
train_5128.jpg,train,COMPOSITE,"SPELLING:이름.{0,3}(뭐|무엇);;OBJECT:무엇",2
train_5129.jpg,train,OBJECT,OBJECT:무엇,1
train_5130.jpg,train,COMPOSITE,"SPELLING:이름.{0,3}(뭐|무엇);;OBJECT:무엇",2
train_5131.jpg,train,UNKNOWN,,0
train_5132.jpg,train,OBJECT,OBJECT:무엇,1
train_5133.jpg,train,PRICE,PRICE:얼마,1
train_5134.jpg,train,PRICE,PRICE:가격,1
train_5135.jpg,train,COMPOSITE,"SPELLING:이름.{0,3}(뭐|무엇);;OBJECT:무엇",2
train_5136.jpg,train,OBJECT,OBJECT:무엇,1
train_5137.jpg,train,OBJECT,OBJECT:무엇,1
train_5138.jpg,train,COMPOSITE,"SPELLING:이름.{0,3}(뭐|무엇);;OBJECT:무엇",2
train_5139.jpg,train,OBJECT,OBJECT:무엇,1
train_5140.jpg,train,OBJECT,OBJECT:무엇,1
train_5141.jpg,train,COMPOSITE,NUMBER:번호;;OBJECT:무엇,2
train_5142.jpg,train,OBJECT,OBJECT:무엇,1
train_5143.jpg,train,PRICE,PRICE:가격,1
train_5144.jpg,train,OBJECT,OBJECT:무엇,1
train_5145.jpg,train,OBJECT,OBJECT:무엇,1
train_5146.jpg,train,OBJECT,OBJECT:무엇,1
train_5147.jpg,train,COMPOSITE,"SPELLING:이름.{0,3}(뭐|무엇);;OBJECT:무엇",2
train_5148.jpg,train,COMPOSITE,NUMBER:몇\s*개;;OBJECT:있(나요|습니까|어),2
train_5149.jpg,train,OBJECT,OBJECT:무엇,1
train_5150.jpg,train,UNKNOWN,,0
train_5151.jpg,train,OBJECT,OBJECT:무엇,1
train_5152.jpg,train,OBJECT,OBJECT:무엇,1
train_5153.jpg,train,COMPOSITE,OBJECT:무엇;;RELATION:옆에,2
train_5154.jpg,train,UNKNOWN,,0
train_5155.jpg,train,OBJECT,OBJECT:무엇,1
train_5156.jpg,train,OBJECT,OBJECT:무엇,1
train_5157.jpg,train,OBJECT,OBJECT:무엇,1
train_5158.jpg,train,COMPOSITE,TABLE:항목;;OBJECT:무엇,2
train_5159.jpg,train,OBJECT,OBJECT:무엇,1
train_5160.jpg,train,OBJECT,OBJECT:무엇,1
train_5161.jpg,train,OBJECT,OBJECT:무엇,1
train_5162.jpg,train,OBJECT,OBJECT:무엇,1
train_5163.jpg,train,OBJECT,OBJECT:무엇,1
train_5164.jpg,train,COMPOSITE,PRICE:가격;;OBJECT:무엇,2
train_5165.jpg,train,COMPOSITE,NUMBER:번호;;OBJECT:무엇,2
train_5166.jpg,train,OBJECT,OBJECT:무엇,1
train_5167.jpg,train,OBJECT,OBJECT:무엇,1
train_5168.jpg,train,COMPOSITE,OBJECT:무엇;;RELATION:왼쪽,2
train_5169.jpg,train,OBJECT,OBJECT:무엇,1
train_5170.jpg,train,COMPOSITE,NUMBER:번호;;OBJECT:무엇,2
train_5171.jpg,train,COMPOSITE,OBJECT:무엇;;RELATION:위에,2
train_5172.jpg,train,NUMBER,NUMBER:몇\s*개,1
train_5173.jpg,train,COMPOSITE,NUMBER:번호;;OBJECT:무엇,2
train_5174.jpg,train,OBJECT,OBJECT:있(나요|습니까|어),1
train_5175.jpg,train,COMPOSITE,NUMBER:번호;;OBJECT:무엇,2
train_5176.jpg,train,COMPOSITE,SPELLING:글자;;OBJECT:무엇,2
train_5177.jpg,train,OBJECT,OBJECT:무엇,1
train_5178.jpg,train,OBJECT,OBJECT:무엇,1
train_5179.jpg,train,OBJECT,OBJECT:무엇,1
train_5180.jpg,train,OBJECT,OBJECT:무엇,1
train_5181.jpg,train,OBJECT,OBJECT:무엇,1
train_5182.jpg,train,COMPOSITE,NUMBER:번호;;OBJECT:무엇,2
train_5183.jpg,train,COMPOSITE,"SPELLING:이름.{0,3}(뭐|무엇);;OBJECT:무엇",2
train_5184.jpg,train,OBJECT,OBJECT:무엇,1
train_5185.jpg,train,RELATION,RELATION:위에,1
train_5186.jpg,train,COMPOSITE,"SPELLING:이름.{0,3}(뭐|무엇);;OBJECT:무엇",2
train_5187.jpg,train,OBJECT,OBJECT:무엇,1
train_5188.jpg,train,OBJECT,OBJECT:무엇,1
train_5189.jpg,train,OBJECT,OBJECT:무엇,1
train_5190.jpg,train,OBJECT,OBJECT:무엇,1
train_5191.jpg,train,UNKNOWN,,0
train_5192.jpg,train,OBJECT,OBJECT:무엇,1
train_5193.jpg,train,OBJECT,OBJECT:무엇,1
train_5194.jpg,train,OBJECT,OBJECT:무엇,1
train_5195.jpg,train,COMPOSITE,"SPELLING:이름.{0,3}(뭐|무엇);;OBJECT:무엇",2
train_5196.jpg,train,COMPOSITE,NUMBER:번호;;OBJECT:무엇,2
train_5197.jpg,train,COMPOSITE,"SPELLING:이름.{0,3}(뭐|무엇);;OBJECT:무엇;;RELATION:왼쪽",3
train_5198.jpg,train,COMPOSITE,"SPELLING:이름.{0,3}(뭐|무엇);;OBJECT:무엇",2
train_5199.jpg,train,OBJECT,OBJECT:무엇,1
train_5200.jpg,train,COMPOSITE,"SPELLING:이름.{0,3}(뭐|무엇);;OBJECT:무엇",2
train_5201.jpg,train,PRICE,PRICE:가격,1
train_5202.jpg,train,UNKNOWN,,0
train_5203.jpg,train,UNKNOWN,,0
train_5204.jpg,train,OBJECT,OBJECT:무엇,1
train_5205.jpg,train,COMPOSITE,"SPELLING:이름.{0,3}(뭐|무엇);;LOGO:브랜드;;OBJECT:무엇",3
train_5206.jpg,train,PRICE,PRICE:가격,1
train_5207.jpg,train,COMPOSITE,PRICE:얼마;;OBJECT:있(나요|습니까|어),2
train_5208.jpg,train,OBJECT,OBJECT:무엇,1
train_5209.jpg,train,PRICE,PRICE:얼마,1
train_5210.jpg,train,TIMEDATE,TIMEDATE:기간,1
train_5211.jpg,train,OBJECT,OBJECT:무엇,1
train_5212.jpg,train,OBJECT,OBJECT:무엇,1
train_5213.jpg,train,OBJECT,OBJECT:무엇,1
train_5214.jpg,train,COMPOSITE,"SPELLING:이름.{0,3}(뭐|무엇);;OBJECT:무엇",2
train_5215.jpg,train,OBJECT,OBJECT:무엇,1
train_5216.jpg,train,PRICE,PRICE:가격,1
train_5217.jpg,train,OBJECT,OBJECT:무엇,1
train_5218.jpg,train,OBJECT,OBJECT:무엇,1
train_5219.jpg,train,PRICE,PRICE:가격,1
train_5220.jpg,train,OBJECT,OBJECT:무엇,1
train_5221.jpg,train,OBJECT,OBJECT:무엇,1
train_5222.jpg,train,COMPOSITE,NUMBER:번호;;OBJECT:무엇;;RELATION:오른쪽,3
train_5223.jpg,train,COMPOSITE,PRICE:가격;;RELATION:옆에,2
train_5224.jpg,train,OBJECT,OBJECT:무엇,1
train_5225.jpg,train,PRICE,PRICE:가격,1
train_5226.jpg,train,PRICE,PRICE:가격,1
train_5227.jpg,train,OBJECT,OBJECT:무엇,1
train_5228.jpg,train,UNKNOWN,,0
train_5229.jpg,train,PRICE,PRICE:가격,1
train_5230.jpg,train,PRICE,PRICE:얼마,1
train_5231.jpg,train,OBJECT,OBJECT:무엇,1
train_5232.jpg,train,OBJECT,OBJECT:무엇,1
train_5233.jpg,train,OBJECT,OBJECT:무엇,1
train_5234.jpg,train,OBJECT,OBJECT:무엇,1
train_5235.jpg,train,COMPOSITE,SPELLING:글자;;OBJECT:무엇,2
train_5236.jpg,train,COMPOSITE,"SPELLING:이름.{0,3}(뭐|무엇);;OBJECT:무엇",2
train_5237.jpg,train,COMPOSITE,SPELLING:글자;;OBJECT:무엇,2
train_5238.jpg,train,COMPOSITE,NUMBER:번호;;OBJECT:무엇,2
train_5239.jpg,train,COMPOSITE,NUMBER:번호;;OBJECT:무엇,2
train_5240.jpg,train,PRICE,PRICE:얼마,1
train_5241.jpg,train,COMPOSITE,"SPELLING:이름.{0,3}(뭐|무엇);;OBJECT:무엇",2
train_5242.jpg,train,NUMBER,NUMBER:번호,1
train_5243.jpg,train,OBJECT,OBJECT:무엇,1
train_5244.jpg,train,OBJECT,OBJECT:무엇,1
train_5245.jpg,train,COMPOSITE,"SPELLING:이름.{0,3}(뭐|무엇);;OBJECT:무엇",2
train_5246.jpg,train,OBJECT,OBJECT:무엇,1
train_5247.jpg,train,PRICE,PRICE:얼마,1
train_5248.jpg,train,COMPOSITE,"SPELLING:이름.{0,3}(뭐|무엇);;OBJECT:무엇",2
train_5249.jpg,train,OBJECT,OBJECT:무엇,1
train_5250.jpg,train,OBJECT,OBJECT:무엇,1
train_5251.jpg,train,TIMEDATE,TIMEDATE:날짜,1
train_5252.jpg,train,COMPOSITE,OBJECT:무엇;;RELATION:위에,2
train_5253.jpg,train,COMPOSITE,"SPELLING:이름.{0,3}(뭐|무엇);;OBJECT:무엇",2
train_5254.jpg,train,OBJECT,OBJECT:무엇,1
train_5255.jpg,train,UNKNOWN,,0
train_5256.jpg,train,UNKNOWN,,0
train_5257.jpg,train,OBJECT,OBJECT:무엇,1
train_5258.jpg,train,OBJECT,OBJECT:무엇,1
train_5259.jpg,train,COMPOSITE,"SPELLING:이름.{0,3}(뭐|무엇);;OBJECT:무엇",2
train_5260.jpg,train,COMPOSITE,SPELLING:글자;;OBJECT:무엇,2
train_5261.jpg,train,PRICE,PRICE:얼마,1
train_5262.jpg,train,OBJECT,OBJECT:있(나요|습니까|어),1
train_5263.jpg,train,OBJECT,OBJECT:무엇,1
train_5264.jpg,train,COMPOSITE,"SPELLING:이름.{0,3}(뭐|무엇);;OBJECT:무엇",2
train_5265.jpg,train,PRICE,PRICE:얼마,1
train_5266.jpg,train,UNKNOWN,,0
train_5267.jpg,train,COMPOSITE,SPELLING:글자;;OBJECT:무엇;;RELATION:위에,3
train_5268.jpg,train,COMPOSITE,"SPELLING:이름.{0,3}(뭐|무엇);;OBJECT:무엇",2
train_5269.jpg,train,OBJECT,OBJECT:무엇,1
train_5270.jpg,train,OBJECT,OBJECT:무엇,1
train_5271.jpg,train,OBJECT,OBJECT:무엇,1
train_5272.jpg,train,OBJECT,OBJECT:무엇,1
train_5273.jpg,train,UNKNOWN,,0
train_5274.jpg,train,OBJECT,OBJECT:무엇,1
train_5275.jpg,train,OBJECT,OBJECT:무엇,1
train_5276.jpg,train,COMPOSITE,"SPELLING:이름.{0,3}(뭐|무엇);;OBJECT:무엇",2
train_5277.jpg,train,OBJECT,OBJECT:무엇,1
train_5278.jpg,train,COMPOSITE,"SPELLING:이름.{0,3}(뭐|무엇);;OBJECT:무엇",2
train_5279.jpg,train,OBJECT,OBJECT:무엇,1
train_5280.jpg,train,OBJECT,OBJECT:무엇,1
train_5281.jpg,train,OBJECT,OBJECT:무엇,1
train_5282.jpg,train,OBJECT,OBJECT:무엇,1
train_5283.jpg,train,OBJECT,OBJECT:무엇,1
train_5284.jpg,train,OBJECT,OBJECT:무엇,1
train_5285.jpg,train,OBJECT,OBJECT:무엇,1
train_5286.jpg,train,COMPOSITE,NUMBER:번호;;OBJECT:무엇,2
train_5287.jpg,train,TIMEDATE,TIMEDATE:언제,1
train_5288.jpg,train,UNKNOWN,,0
train_5289.jpg,train,OBJECT,OBJECT:무엇,1
train_5290.jpg,train,COMPOSITE,PRICE:가격;;OBJECT:있(나요|습니까|어),2
train_5291.jpg,train,PRICE,PRICE:가격,1
train_5292.jpg,train,UNKNOWN,,0
train_5293.jpg,train,COMPOSITE,PRICE:가격;;RELATION:왼쪽,2
train_5294.jpg,train,OBJECT,OBJECT:무엇,1
train_5295.jpg,train,TIMEDATE,TIMEDATE:언제,1
train_5296.jpg,train,PRICE,PRICE:가격,1
train_5297.jpg,train,OBJECT,OBJECT:무엇,1
train_5298.jpg,train,OBJECT,OBJECT:있(나요|습니까|어),1
train_5299.jpg,train,OBJECT,OBJECT:무엇,1
train_5300.jpg,train,OBJECT,OBJECT:무엇,1
train_5301.jpg,train,OBJECT,OBJECT:무엇,1
train_5302.jpg,train,OBJECT,OBJECT:있(나요|습니까|어),1
train_5303.jpg,train,OBJECT,OBJECT:있(나요|습니까|어),1
train_5304.jpg,train,COMPOSITE,"SPELLING:이름.{0,3}(뭐|무엇);;OBJECT:무엇",2
train_5305.jpg,train,OBJECT,OBJECT:무엇,1
train_5306.jpg,train,OBJECT,OBJECT:무엇,1
train_5307.jpg,train,COMPOSITE,"SPELLING:이름.{0,3}(뭐|무엇);;OBJECT:무엇",2
train_5308.jpg,train,OBJECT,OBJECT:무엇,1
train_5309.jpg,train,UNKNOWN,,0
train_5310.jpg,train,PRICE,PRICE:가격,1
train_5311.jpg,train,COMPOSITE,"SPELLING:이름.{0,3}(뭐|무엇);;OBJECT:무엇",2
train_5312.jpg,train,COMPOSITE,"SPELLING:이름.{0,3}(뭐|무엇);;OBJECT:무엇",2
train_5313.jpg,train,OBJECT,OBJECT:있(나요|습니까|어),1
train_5314.jpg,train,COMPOSITE,TIMEDATE:날짜;;OBJECT:무엇,2
train_5315.jpg,train,PRICE,PRICE:가격,1
train_5316.jpg,train,OBJECT,OBJECT:무엇,1
train_5317.jpg,train,COMPOSITE,TIMEDATE:언제;;RELATION:왼쪽,2
train_5318.jpg,train,COMPOSITE,"SPELLING:이름.{0,3}(뭐|무엇);;OBJECT:무엇",2
train_5319.jpg,train,OBJECT,OBJECT:무엇,1
train_5320.jpg,train,COMPOSITE,"SPELLING:이름.{0,3}(뭐|무엇);;OBJECT:무엇",2
train_5321.jpg,train,OBJECT,OBJECT:무엇,1
train_5322.jpg,train,OBJECT,OBJECT:무엇,1
train_5323.jpg,train,OBJECT,OBJECT:무엇,1
train_5324.jpg,train,COMPOSITE,NUMBER:번호;;OBJECT:무엇,2
train_5325.jpg,train,OBJECT,OBJECT:무엇,1
train_5326.jpg,train,COMPOSITE,"SPELLING:이름.{0,3}(뭐|무엇);;OBJECT:무엇",2
train_5327.jpg,train,COMPOSITE,SPELLING:글자;;OBJECT:무엇,2
train_5328.jpg,train,OBJECT,OBJECT:무엇,1
train_5329.jpg,train,COMPOSITE,PRICE:원가;;OBJECT:무엇,2
train_5330.jpg,train,COMPOSITE,"SPELLING:이름.{0,3}(뭐|무엇);;OBJECT:무엇",2
train_5331.jpg,train,OBJECT,OBJECT:무엇,1
train_5332.jpg,train,UNKNOWN,,0
train_5333.jpg,train,OBJECT,OBJECT:있(나요|습니까|어),1
train_5334.jpg,train,OBJECT,OBJECT:무엇,1
train_5335.jpg,train,OBJECT,OBJECT:무엇,1
train_5336.jpg,train,OBJECT,OBJECT:무엇,1
train_5337.jpg,train,COMPOSITE,OBJECT:무엇;;RELATION:위에,2
train_5338.jpg,train,OBJECT,OBJECT:무엇,1
train_5339.jpg,train,PRICE,PRICE:가격,1
train_5340.jpg,train,OBJECT,OBJECT:무엇,1
train_5341.jpg,train,COMPOSITE,OBJECT:무엇;;RELATION:아래,2
train_5342.jpg,train,COMPOSITE,SPELLING:글자;;OBJECT:무엇,2
train_5343.jpg,train,OBJECT,OBJECT:무엇,1
train_5344.jpg,train,OBJECT,OBJECT:무엇,1
train_5345.jpg,train,OBJECT,OBJECT:무엇,1
train_5346.jpg,train,OBJECT,OBJECT:있(나요|습니까|어),1
train_5347.jpg,train,UNKNOWN,,0
train_5348.jpg,train,COMPOSITE,"SPELLING:이름.{0,3}(뭐|무엇);;OBJECT:무엇",2
train_5349.jpg,train,OBJECT,OBJECT:무엇,1
train_5350.jpg,train,PRICE,PRICE:얼마,1
train_5351.jpg,train,OBJECT,OBJECT:무엇,1
train_5352.jpg,train,OBJECT,OBJECT:있(나요|습니까|어),1
train_5353.jpg,train,PRICE,PRICE:얼마,1
train_5354.jpg,train,COMPOSITE,"SPELLING:이름.{0,3}(뭐|무엇);;LOGO:브랜드;;OBJECT:무엇",3
train_5355.jpg,train,COMPOSITE,"SPELLING:이름.{0,3}(뭐|무엇);;LOGO:브랜드;;OBJECT:무엇",3
train_5356.jpg,train,OBJECT,OBJECT:무엇,1
train_5357.jpg,train,PRICE,PRICE:얼마,1
train_5358.jpg,train,OBJECT,OBJECT:무엇,1
train_5359.jpg,train,OBJECT,OBJECT:무엇,1
train_5360.jpg,train,UNKNOWN,,0
train_5361.jpg,train,OBJECT,OBJECT:무엇,1
train_5362.jpg,train,COMPOSITE,SPELLING:글자;;OBJECT:무엇,2
train_5363.jpg,train,UNKNOWN,,0
train_5364.jpg,train,OBJECT,OBJECT:무엇,1
train_5365.jpg,train,COMPOSITE,"SPELLING:이름.{0,3}(뭐|무엇);;OBJECT:무엇",2
train_5366.jpg,train,OBJECT,OBJECT:무엇,1
train_5367.jpg,train,OBJECT,OBJECT:무엇,1
train_5368.jpg,train,UNKNOWN,,0
train_5369.jpg,train,COMPOSITE,"SPELLING:이름.{0,3}(뭐|무엇);;OBJECT:무엇",2
train_5370.jpg,train,OBJECT,OBJECT:무엇,1
train_5371.jpg,train,OBJECT,OBJECT:무엇,1
train_5372.jpg,train,OBJECT,OBJECT:무엇,1
train_5373.jpg,train,PRICE,PRICE:가격,1
train_5374.jpg,train,OBJECT,OBJECT:무엇,1
train_5375.jpg,train,COMPOSITE,"SPELLING:이름.{0,3}(뭐|무엇);;LOGO:브랜드;;OBJECT:무엇",3
train_5376.jpg,train,COMPOSITE,"SPELLING:이름.{0,3}(뭐|무엇);;OBJECT:무엇",2
train_5377.jpg,train,COMPOSITE,NUMBER:번호;;OBJECT:무엇,2
train_5378.jpg,train,COMPOSITE,SPELLING:글자;;OBJECT:무엇,2
train_5379.jpg,train,OBJECT,OBJECT:무엇,1
train_5380.jpg,train,COMPOSITE,"SPELLING:이름.{0,3}(뭐|무엇);;OBJECT:무엇",2
train_5381.jpg,train,OBJECT,OBJECT:무엇,1
train_5382.jpg,train,COMPOSITE,"SPELLING:이름.{0,3}(뭐|무엇);;OBJECT:무엇",2
train_5383.jpg,train,COMPOSITE,"SPELLING:이름.{0,3}(뭐|무엇);;OBJECT:무엇",2
train_5384.jpg,train,OBJECT,OBJECT:무엇,1
train_5385.jpg,train,COMPOSITE,SPELLING:글자;;OBJECT:무엇,2
train_5386.jpg,train,COMPOSITE,"SPELLING:이름.{0,3}(뭐|무엇);;OBJECT:무엇",2
train_5387.jpg,train,OBJECT,OBJECT:있(나요|습니까|어),1
train_5388.jpg,train,COMPOSITE,"SPELLING:이름.{0,3}(뭐|무엇);;LOGO:브랜드;;OBJECT:무엇",3
train_5389.jpg,train,OBJECT,OBJECT:무엇,1
train_5390.jpg,train,COMPOSITE,"SPELLING:이름.{0,3}(뭐|무엇);;LOGO:브랜드;;OBJECT:무엇;;RELATION:아래",4
train_5391.jpg,train,COMPOSITE,"SPELLING:이름.{0,3}(뭐|무엇);;OBJECT:무엇",2
train_5392.jpg,train,OBJECT,OBJECT:무엇,1
train_5393.jpg,train,COMPOSITE,PRICE:가격;;OBJECT:무엇,2
train_5394.jpg,train,PRICE,PRICE:얼마,1
train_5395.jpg,train,COMPOSITE,"SPELLING:이름.{0,3}(뭐|무엇);;OBJECT:무엇",2
train_5396.jpg,train,COMPOSITE,"SPELLING:이름.{0,3}(뭐|무엇);;OBJECT:무엇",2
train_5397.jpg,train,UNKNOWN,,0
train_5398.jpg,train,OBJECT,OBJECT:무엇,1
train_5399.jpg,train,COMPOSITE,"SPELLING:이름.{0,3}(뭐|무엇);;OBJECT:무엇",2
train_5400.jpg,train,OBJECT,OBJECT:무엇,1
train_5401.jpg,train,COMPOSITE,NUMBER:번호;;OBJECT:무엇,2
train_5402.jpg,train,OBJECT,OBJECT:무엇,1
train_5403.jpg,train,COMPOSITE,"SPELLING:이름.{0,3}(뭐|무엇);;LOGO:브랜드;;OBJECT:무엇",3
train_5404.jpg,train,OBJECT,OBJECT:있(나요|습니까|어),1
train_5405.jpg,train,UNKNOWN,,0
train_5406.jpg,train,COMPOSITE,"SPELLING:이름.{0,3}(뭐|무엇);;OBJECT:무엇",2
train_5407.jpg,train,OBJECT,OBJECT:무엇,1
train_5408.jpg,train,COMPOSITE,"SPELLING:이름.{0,3}(뭐|무엇);;OBJECT:무엇",2
train_5409.jpg,train,COMPOSITE,"SPELLING:이름.{0,3}(뭐|무엇);;OBJECT:무엇",2
train_5410.jpg,train,PRICE,PRICE:얼마,1
train_5411.jpg,train,OBJECT,OBJECT:무엇,1
train_5412.jpg,train,PRICE,PRICE:가격,1
train_5413.jpg,train,OBJECT,OBJECT:무엇,1
train_5414.jpg,train,COMPOSITE,TABLE:항목;;OBJECT:무엇,2
train_5415.jpg,train,OBJECT,OBJECT:무엇,1
train_5416.jpg,train,COMPOSITE,NUMBER:번호;;OBJECT:무엇,2
train_5417.jpg,train,OBJECT,OBJECT:무엇,1
train_5418.jpg,train,OBJECT,OBJECT:무엇,1
train_5419.jpg,train,COMPOSITE,NUMBER:번호;;OBJECT:무엇,2
train_5420.jpg,train,PRICE,PRICE:가격,1
train_5421.jpg,train,PRICE,PRICE:가격,1
train_5422.jpg,train,COMPOSITE,OBJECT:무엇;;RELATION:왼쪽,2
train_5423.jpg,train,COMPOSITE,"SPELLING:이름.{0,3}(뭐|무엇);;OBJECT:무엇",2
train_5424.jpg,train,OBJECT,OBJECT:무엇,1
train_5425.jpg,train,OBJECT,OBJECT:무엇,1
train_5426.jpg,train,COMPOSITE,NUMBER:번호;;OBJECT:무엇,2
train_5427.jpg,train,OBJECT,OBJECT:무엇,1
train_5428.jpg,train,COMPOSITE,"SPELLING:이름.{0,3}(뭐|무엇);;OBJECT:무엇",2
train_5429.jpg,train,COMPOSITE,PRICE:얼마;;RELATION:왼쪽,2
train_5430.jpg,train,UNKNOWN,,0
train_5431.jpg,train,OBJECT,OBJECT:무엇,1
train_5432.jpg,train,TIMEDATE,TIMEDATE:언제,1
train_5433.jpg,train,COMPOSITE,"SPELLING:이름.{0,3}(뭐|무엇);;OBJECT:무엇",2
train_5434.jpg,train,COMPOSITE,"SPELLING:이름.{0,3}(뭐|무엇);;OBJECT:무엇",2
train_5435.jpg,train,NUMBER,NUMBER:번호,1
train_5436.jpg,train,OBJECT,OBJECT:무엇,1
train_5437.jpg,train,UNKNOWN,,0
train_5438.jpg,train,OBJECT,OBJECT:무엇,1
train_5439.jpg,train,OBJECT,OBJECT:있(나요|습니까|어),1
train_5440.jpg,train,OBJECT,OBJECT:무엇,1
train_5441.jpg,train,COMPOSITE,NUMBER:번호;;OBJECT:무엇,2
train_5442.jpg,train,COMPOSITE,"SPELLING:이름.{0,3}(뭐|무엇);;OBJECT:무엇;;RELATION:왼쪽",3
train_5443.jpg,train,TIMEDATE,TIMEDATE:언제,1
train_5444.jpg,train,COMPOSITE,"SPELLING:이름.{0,3}(뭐|무엇);;OBJECT:무엇",2
train_5445.jpg,train,OBJECT,OBJECT:무엇,1
train_5446.jpg,train,UNKNOWN,,0
train_5447.jpg,train,COMPOSITE,"SPELLING:이름.{0,3}(뭐|무엇);;OBJECT:무엇",2
train_5448.jpg,train,OBJECT,OBJECT:무엇,1
train_5449.jpg,train,COMPOSITE,NUMBER:번호;;OBJECT:무엇,2
train_5450.jpg,train,OBJECT,OBJECT:무엇,1
train_5451.jpg,train,TIMEDATE,TIMEDATE:기간,1
train_5452.jpg,train,PRICE,PRICE:얼마,1
train_5453.jpg,train,OBJECT,OBJECT:무엇,1
train_5454.jpg,train,PRICE,PRICE:얼마,1
train_5455.jpg,train,PRICE,PRICE:가격,1
train_5456.jpg,train,OBJECT,OBJECT:무엇,1
train_5457.jpg,train,OBJECT,OBJECT:무엇,1
train_5458.jpg,train,COMPOSITE,"SPELLING:이름.{0,3}(뭐|무엇);;OBJECT:무엇",2
train_5459.jpg,train,COMPOSITE,"SPELLING:이름.{0,3}(뭐|무엇);;OBJECT:무엇",2
train_5460.jpg,train,COMPOSITE,NUMBER:번호;;OBJECT:무엇,2
train_5461.jpg,train,COMPOSITE,OBJECT:무엇;;RELATION:오른쪽,2
train_5462.jpg,train,OBJECT,OBJECT:무엇,1
train_5463.jpg,train,OBJECT,OBJECT:무엇,1
train_5464.jpg,train,COMPOSITE,NUMBER:번호;;OBJECT:무엇,2
train_5465.jpg,train,OBJECT,OBJECT:무엇,1
train_5466.jpg,train,OBJECT,OBJECT:무엇,1
train_5467.jpg,train,COMPOSITE,"SPELLING:이름.{0,3}(뭐|무엇);;LOGO:브랜드;;OBJECT:무엇;;RELATION:위에",4
train_5468.jpg,train,UNKNOWN,,0
train_5469.jpg,train,UNKNOWN,,0
train_5470.jpg,train,COMPOSITE,"SPELLING:이름.{0,3}(뭐|무엇);;OBJECT:무엇",2
train_5471.jpg,train,TIMEDATE,TIMEDATE:언제,1
train_5472.jpg,train,OBJECT,OBJECT:무엇,1
train_5473.jpg,train,TIMEDATE,TIMEDATE:기간,1
train_5474.jpg,train,OBJECT,OBJECT:무엇,1
train_5475.jpg,train,COMPOSITE,"SPELLING:이름.{0,3}(뭐|무엇);;OBJECT:무엇",2
train_5476.jpg,train,OBJECT,OBJECT:무엇,1
train_5477.jpg,train,COMPOSITE,"SPELLING:이름.{0,3}(뭐|무엇);;OBJECT:무엇",2
train_5478.jpg,train,UNKNOWN,,0
train_5479.jpg,train,OBJECT,OBJECT:무엇,1
train_5480.jpg,train,OBJECT,OBJECT:무엇,1
train_5481.jpg,train,COMPOSITE,OBJECT:무엇;;RELATION:아래,2
train_5482.jpg,train,OBJECT,OBJECT:무엇,1
train_5483.jpg,train,UNKNOWN,,0
train_5484.jpg,train,COMPOSITE,SPELLING:글자;;OBJECT:무엇,2
train_5485.jpg,train,PRICE,PRICE:가격,1
train_5486.jpg,train,COMPOSITE,PRICE:가격;;OBJECT:무엇,2
train_5487.jpg,train,PRICE,PRICE:얼마,1
train_5488.jpg,train,PRICE,PRICE:얼마,1
train_5489.jpg,train,PRICE,PRICE:얼마,1
train_5490.jpg,train,OBJECT,OBJECT:무엇,1
train_5491.jpg,train,OBJECT,OBJECT:무엇,1
train_5492.jpg,train,OBJECT,OBJECT:무엇,1
train_5493.jpg,train,COMPOSITE,PRICE:얼마;;OBJECT:있(나요|습니까|어),2
train_5494.jpg,train,OBJECT,OBJECT:무엇,1
train_5495.jpg,train,COMPOSITE,"SPELLING:이름.{0,3}(뭐|무엇);;OBJECT:무엇",2
train_5496.jpg,train,OBJECT,OBJECT:무엇,1
train_5497.jpg,train,PRICE,PRICE:가격,1
train_5498.jpg,train,COMPOSITE,"SPELLING:이름.{0,3}(뭐|무엇);;OBJECT:무엇",2
train_5499.jpg,train,UNKNOWN,,0
train_5500.jpg,train,COMPOSITE,SPELLING:글자;;OBJECT:무엇,2
train_5501.jpg,train,OBJECT,OBJECT:있(나요|습니까|어),1
train_5502.jpg,train,UNKNOWN,,0
train_5503.jpg,train,OBJECT,OBJECT:무엇,1
train_5504.jpg,train,OBJECT,OBJECT:무엇,1
train_5505.jpg,train,UNKNOWN,,0
train_5506.jpg,train,COMPOSITE,OBJECT:무엇;;RELATION:아래,2
train_5507.jpg,train,OBJECT,OBJECT:무엇,1
train_5508.jpg,train,COMPOSITE,"SPELLING:이름.{0,3}(뭐|무엇);;OBJECT:무엇",2
train_5509.jpg,train,OBJECT,OBJECT:무엇,1
train_5510.jpg,train,COMPOSITE,"SPELLING:이름.{0,3}(뭐|무엇);;OBJECT:무엇",2
train_5511.jpg,train,OBJECT,OBJECT:있(나요|습니까|어),1
train_5512.jpg,train,UNKNOWN,,0
train_5513.jpg,train,OBJECT,OBJECT:무엇,1
train_5514.jpg,train,OBJECT,OBJECT:무엇,1
train_5515.jpg,train,COMPOSITE,"SPELLING:이름.{0,3}(뭐|무엇);;OBJECT:무엇",2
train_5516.jpg,train,PRICE,PRICE:가격,1
train_5517.jpg,train,COMPOSITE,"SPELLING:이름.{0,3}(뭐|무엇);;OBJECT:무엇",2
train_5518.jpg,train,PRICE,PRICE:가격,1
train_5519.jpg,train,COMPOSITE,"SPELLING:이름.{0,3}(뭐|무엇);;OBJECT:무엇",2
train_5520.jpg,train,OBJECT,OBJECT:무엇,1
train_5521.jpg,train,COMPOSITE,"SPELLING:이름.{0,3}(뭐|무엇);;OBJECT:무엇",2
train_5522.jpg,train,OBJECT,OBJECT:무엇,1
train_5523.jpg,train,PRICE,PRICE:가격,1
train_5524.jpg,train,OBJECT,OBJECT:무엇,1
train_5525.jpg,train,COMPOSITE,PRICE:가격;;OBJECT:무엇,2
train_5526.jpg,train,OBJECT,OBJECT:무엇,1
train_5527.jpg,train,PRICE,PRICE:가격,1
train_5528.jpg,train,COMPOSITE,NUMBER:번호;;OBJECT:무엇,2
train_5529.jpg,train,OBJECT,OBJECT:무엇,1
train_5530.jpg,train,OBJECT,OBJECT:무엇,1
train_5531.jpg,train,OBJECT,OBJECT:무엇,1
train_5532.jpg,train,OBJECT,OBJECT:무엇,1
train_5533.jpg,train,OBJECT,OBJECT:무엇,1
train_5534.jpg,train,COMPOSITE,"SPELLING:이름.{0,3}(뭐|무엇);;OBJECT:무엇",2
train_5535.jpg,train,PRICE,PRICE:얼마,1
train_5536.jpg,train,TIMEDATE,TIMEDATE:언제,1
train_5537.jpg,train,PRICE,PRICE:가격,1
train_5538.jpg,train,OBJECT,OBJECT:있(나요|습니까|어),1
train_5539.jpg,train,COMPOSITE,"SPELLING:이름.{0,3}(뭐|무엇);;OBJECT:무엇",2
train_5540.jpg,train,OBJECT,OBJECT:무엇,1
train_5541.jpg,train,OBJECT,OBJECT:무엇,1
train_5542.jpg,train,COMPOSITE,NUMBER:번호;;OBJECT:무엇,2
train_5543.jpg,train,UNKNOWN,,0
train_5544.jpg,train,COMPOSITE,NUMBER:번호;;OBJECT:무엇,2
train_5545.jpg,train,PRICE,PRICE:가격,1
train_5546.jpg,train,COMPOSITE,"SPELLING:이름.{0,3}(뭐|무엇);;OBJECT:무엇",2
train_5547.jpg,train,OBJECT,OBJECT:무엇,1
train_5548.jpg,train,COMPOSITE,"SPELLING:이름.{0,3}(뭐|무엇);;OBJECT:무엇",2
train_5549.jpg,train,UNKNOWN,,0
train_5550.jpg,train,OBJECT,OBJECT:무엇,1
train_5551.jpg,train,OBJECT,OBJECT:있(나요|습니까|어),1
train_5552.jpg,train,OBJECT,OBJECT:무엇,1
train_5553.jpg,train,COMPOSITE,"SPELLING:이름.{0,3}(뭐|무엇);;OBJECT:무엇",2
train_5554.jpg,train,OBJECT,OBJECT:무엇,1
train_5555.jpg,train,OBJECT,OBJECT:무엇,1
train_5556.jpg,train,OBJECT,OBJECT:무엇,1
train_5557.jpg,train,COMPOSITE,"SPELLING:이름.{0,3}(뭐|무엇);;OBJECT:무엇",2
train_5558.jpg,train,COMPOSITE,OBJECT:무엇;;RELATION:오른쪽,2
train_5559.jpg,train,OBJECT,OBJECT:무엇,1
train_5560.jpg,train,PRICE,PRICE:얼마,1
train_5561.jpg,train,PRICE,PRICE:얼마,1
train_5562.jpg,train,COMPOSITE,"SPELLING:이름.{0,3}(뭐|무엇);;OBJECT:무엇",2
train_5563.jpg,train,OBJECT,OBJECT:무엇,1
train_5564.jpg,train,OBJECT,OBJECT:무엇,1
train_5565.jpg,train,LOGO,LOGO:브랜드,1
train_5566.jpg,train,OBJECT,OBJECT:무엇,1
train_5567.jpg,train,OBJECT,OBJECT:무엇,1
train_5568.jpg,train,OBJECT,OBJECT:무엇,1
train_5569.jpg,train,TIMEDATE,TIMEDATE:기간,1
train_5570.jpg,train,COMPOSITE,"SPELLING:이름.{0,3}(뭐|무엇);;OBJECT:무엇",2
train_5571.jpg,train,COMPOSITE,"SPELLING:이름.{0,3}(뭐|무엇);;OBJECT:무엇",2
train_5572.jpg,train,OBJECT,OBJECT:무엇,1
train_5573.jpg,train,COMPOSITE,"SPELLING:이름.{0,3}(뭐|무엇);;OBJECT:무엇",2
train_5574.jpg,train,PRICE,PRICE:가격,1
train_5575.jpg,train,PRICE,PRICE:가격,1
train_5576.jpg,train,COMPOSITE,NUMBER:번호;;OBJECT:무엇,2
train_5577.jpg,train,OBJECT,OBJECT:무엇,1
train_5578.jpg,train,OBJECT,OBJECT:무엇,1
train_5579.jpg,train,UNKNOWN,,0
train_5580.jpg,train,OBJECT,OBJECT:무엇,1
train_5581.jpg,train,OBJECT,OBJECT:무엇,1
train_5582.jpg,train,OBJECT,OBJECT:무엇,1
train_5583.jpg,train,PRICE,PRICE:가격,1
train_5584.jpg,train,COMPOSITE,"SPELLING:이름.{0,3}(뭐|무엇);;LOGO:브랜드;;OBJECT:무엇",3
train_5585.jpg,train,OBJECT,OBJECT:무엇,1
train_5586.jpg,train,OBJECT,OBJECT:무엇,1
train_5587.jpg,train,OBJECT,OBJECT:무엇,1
train_5588.jpg,train,OBJECT,OBJECT:무엇,1
train_5589.jpg,train,OBJECT,OBJECT:무엇,1
train_5590.jpg,train,OBJECT,OBJECT:무엇,1
train_5591.jpg,train,COMPOSITE,"SPELLING:이름.{0,3}(뭐|무엇);;LOGO:브랜드;;OBJECT:무엇",3
train_5592.jpg,train,COMPOSITE,NUMBER:번호;;OBJECT:무엇,2
train_5593.jpg,train,OBJECT,OBJECT:있(나요|습니까|어),1
train_5594.jpg,train,COMPOSITE,"SPELLING:이름.{0,3}(뭐|무엇);;OBJECT:무엇",2
train_5595.jpg,train,OBJECT,OBJECT:무엇,1
train_5596.jpg,train,COMPOSITE,"SPELLING:이름.{0,3}(뭐|무엇);;OBJECT:무엇",2
train_5597.jpg,train,COMPOSITE,NUMBER:번호;;OBJECT:무엇,2
train_5598.jpg,train,OBJECT,OBJECT:무엇,1
train_5599.jpg,train,UNKNOWN,,0
train_5600.jpg,train,UNKNOWN,,0
train_5601.jpg,train,COMPOSITE,"SPELLING:이름.{0,3}(뭐|무엇);;OBJECT:무엇",2
train_5602.jpg,train,COMPOSITE,"SPELLING:이름.{0,3}(뭐|무엇);;OBJECT:무엇;;RELATION:오른쪽",3
train_5603.jpg,train,PRICE,PRICE:가격,1
train_5604.jpg,train,TIMEDATE,TIMEDATE:기간,1
train_5605.jpg,train,COMPOSITE,PRICE:얼마;;TIMEDATE:기간,2
train_5606.jpg,train,OBJECT,OBJECT:있(나요|습니까|어),1
train_5607.jpg,train,COMPOSITE,"SPELLING:이름.{0,3}(뭐|무엇);;OBJECT:무엇",2
train_5608.jpg,train,OBJECT,OBJECT:무엇,1
train_5609.jpg,train,UNKNOWN,,0
train_5610.jpg,train,UNKNOWN,,0
train_5611.jpg,train,OBJECT,OBJECT:무엇,1
train_5612.jpg,train,TIMEDATE,TIMEDATE:언제,1
train_5613.jpg,train,COMPOSITE,TIMEDATE:요일;;OBJECT:무엇,2
train_5614.jpg,train,PRICE,PRICE:가격,1
train_5615.jpg,train,COMPOSITE,"SPELLING:이름.{0,3}(뭐|무엇);;OBJECT:무엇",2
train_5616.jpg,train,COMPOSITE,"SPELLING:이름.{0,3}(뭐|무엇);;OBJECT:무엇",2
train_5617.jpg,train,OBJECT,OBJECT:무엇,1
train_5618.jpg,train,COMPOSITE,"SPELLING:이름.{0,3}(뭐|무엇);;OBJECT:무엇",2
train_5619.jpg,train,COMPOSITE,TIMEDATE:요일;;OBJECT:무엇,2
train_5620.jpg,train,COMPOSITE,SPELLING:글자;;OBJECT:무엇,2
train_5621.jpg,train,COMPOSITE,"SPELLING:이름.{0,3}(뭐|무엇);;LOGO:브랜드;;OBJECT:무엇",3
train_5622.jpg,train,OBJECT,OBJECT:있(나요|습니까|어),1
train_5623.jpg,train,OBJECT,OBJECT:무엇,1
train_5624.jpg,train,UNKNOWN,,0
train_5625.jpg,train,UNKNOWN,,0
train_5626.jpg,train,COMPOSITE,"SPELLING:이름.{0,3}(뭐|무엇);;OBJECT:무엇",2
train_5627.jpg,train,COMPOSITE,"SPELLING:이름.{0,3}(뭐|무엇);;OBJECT:무엇",2
train_5628.jpg,train,COMPOSITE,NUMBER:번호;;OBJECT:무엇;;RELATION:왼쪽,3
train_5629.jpg,train,COMPOSITE,SPELLING:글자;;OBJECT:무엇,2
train_5630.jpg,train,OBJECT,OBJECT:무엇,1
train_5631.jpg,train,PRICE,PRICE:얼마,1
train_5632.jpg,train,COMPOSITE,LOGO:브랜드;;OBJECT:무엇,2
train_5633.jpg,train,OBJECT,OBJECT:무엇,1
train_5634.jpg,train,UNKNOWN,,0
train_5635.jpg,train,COMPOSITE,"SPELLING:이름.{0,3}(뭐|무엇);;OBJECT:무엇",2
train_5636.jpg,train,COMPOSITE,"SPELLING:이름.{0,3}(뭐|무엇);;OBJECT:무엇",2
train_5637.jpg,train,TIMEDATE,TIMEDATE:요일,1
train_5638.jpg,train,PRICE,PRICE:얼마,1
train_5639.jpg,train,PRICE,PRICE:얼마,1
train_5640.jpg,train,OBJECT,OBJECT:무엇,1
train_5641.jpg,train,UNKNOWN,,0
train_5642.jpg,train,COMPOSITE,OBJECT:무엇;;RELATION:오른쪽,2
train_5643.jpg,train,UNKNOWN,,0
train_5644.jpg,train,COMPOSITE,"SPELLING:이름.{0,3}(뭐|무엇);;OBJECT:무엇",2
train_5645.jpg,train,COMPOSITE,LOGO:브랜드;;OBJECT:무엇,2
train_5646.jpg,train,OBJECT,OBJECT:무엇,1
train_5647.jpg,train,COMPOSITE,SPELLING:글자;;OBJECT:무엇,2
train_5648.jpg,train,COMPOSITE,"SPELLING:이름.{0,3}(뭐|무엇);;OBJECT:무엇",2
train_5649.jpg,train,COMPOSITE,"SPELLING:이름.{0,3}(뭐|무엇);;OBJECT:무엇",2
train_5650.jpg,train,COMPOSITE,LOGO:브랜드;;OBJECT:무엇,2
train_5651.jpg,train,TIMEDATE,TIMEDATE:언제,1
train_5652.jpg,train,PRICE,PRICE:가격,1
train_5653.jpg,train,COMPOSITE,"SPELLING:이름.{0,3}(뭐|무엇);;OBJECT:무엇",2
train_5654.jpg,train,COMPOSITE,"SPELLING:이름.{0,3}(뭐|무엇);;OBJECT:무엇",2
train_5655.jpg,train,OBJECT,OBJECT:무엇,1
train_5656.jpg,train,COMPOSITE,NUMBER:번호;;OBJECT:무엇,2
train_5657.jpg,train,OBJECT,OBJECT:무엇,1
train_5658.jpg,train,COMPOSITE,"SPELLING:이름.{0,3}(뭐|무엇);;OBJECT:무엇",2
train_5659.jpg,train,COMPOSITE,"SPELLING:이름.{0,3}(뭐|무엇);;OBJECT:무엇",2
train_5660.jpg,train,OBJECT,OBJECT:무엇,1
train_5661.jpg,train,UNKNOWN,,0
train_5662.jpg,train,TIMEDATE,TIMEDATE:날짜,1
train_5663.jpg,train,UNKNOWN,,0
train_5664.jpg,train,COMPOSITE,NUMBER:번호;;OBJECT:무엇,2
train_5665.jpg,train,PRICE,PRICE:얼마,1
train_5666.jpg,train,COMPOSITE,"SPELLING:이름.{0,3}(뭐|무엇);;OBJECT:무엇",2
train_5667.jpg,train,UNKNOWN,,0
train_5668.jpg,train,COMPOSITE,NUMBER:번호;;OBJECT:무엇,2
train_5669.jpg,train,COMPOSITE,"SPELLING:이름.{0,3}(뭐|무엇);;OBJECT:무엇",2
train_5670.jpg,train,PRICE,PRICE:가격,1
train_5671.jpg,train,OBJECT,OBJECT:무엇,1
train_5672.jpg,train,OBJECT,OBJECT:무엇,1
train_5673.jpg,train,COMPOSITE,"SPELLING:이름.{0,3}(뭐|무엇);;OBJECT:무엇",2
train_5674.jpg,train,OBJECT,OBJECT:무엇,1
train_5675.jpg,train,OBJECT,OBJECT:무엇,1
train_5676.jpg,train,OBJECT,OBJECT:무엇,1
train_5677.jpg,train,OBJECT,OBJECT:무엇,1
train_5678.jpg,train,OBJECT,OBJECT:무엇,1
train_5679.jpg,train,OBJECT,OBJECT:무엇,1
train_5680.jpg,train,COMPOSITE,"SPELLING:이름.{0,3}(뭐|무엇);;OBJECT:무엇",2
train_5681.jpg,train,OBJECT,OBJECT:무엇,1
train_5682.jpg,train,PRICE,PRICE:가격,1
train_5683.jpg,train,OBJECT,OBJECT:있(나요|습니까|어),1
train_5684.jpg,train,OBJECT,OBJECT:무엇,1
train_5685.jpg,train,OBJECT,OBJECT:있(나요|습니까|어),1
train_5686.jpg,train,OBJECT,OBJECT:무엇,1
train_5687.jpg,train,UNKNOWN,,0
train_5688.jpg,train,COMPOSITE,"SPELLING:이름.{0,3}(뭐|무엇);;OBJECT:무엇",2
train_5689.jpg,train,OBJECT,OBJECT:무엇,1
train_5690.jpg,train,COMPOSITE,"SPELLING:이름.{0,3}(뭐|무엇);;OBJECT:무엇",2
train_5691.jpg,train,PRICE,PRICE:가격,1
train_5692.jpg,train,UNKNOWN,,0
train_5693.jpg,train,COMPOSITE,"SPELLING:이름.{0,3}(뭐|무엇);;OBJECT:무엇",2
train_5694.jpg,train,COMPOSITE,"SPELLING:이름.{0,3}(뭐|무엇);;OBJECT:무엇",2
train_5695.jpg,train,OBJECT,OBJECT:무엇,1
train_5696.jpg,train,UNKNOWN,,0
train_5697.jpg,train,OBJECT,OBJECT:무엇,1
train_5698.jpg,train,OBJECT,OBJECT:무엇,1
train_5699.jpg,train,PRICE,PRICE:가격,1
train_5700.jpg,train,COMPOSITE,TABLE:표에서;;OBJECT:무엇,2
train_5701.jpg,train,OBJECT,OBJECT:무엇,1
train_5702.jpg,train,OBJECT,OBJECT:무엇,1
train_5703.jpg,train,COMPOSITE,LOGO:브랜드;;OBJECT:무엇,2
train_5704.jpg,train,COMPOSITE,"SPELLING:이름.{0,3}(뭐|무엇);;OBJECT:무엇",2
train_5705.jpg,train,COMPOSITE,"SPELLING:이름.{0,3}(뭐|무엇);;OBJECT:무엇",2
train_5706.jpg,train,UNKNOWN,,0
train_5707.jpg,train,UNKNOWN,,0
train_5708.jpg,train,OBJECT,OBJECT:무엇,1
train_5709.jpg,train,OBJECT,OBJECT:무엇,1
train_5710.jpg,train,COMPOSITE,"SPELLING:이름.{0,3}(뭐|무엇);;OBJECT:무엇",2
train_5711.jpg,train,COMPOSITE,SPELLING:글자;;OBJECT:무엇,2
train_5712.jpg,train,UNKNOWN,,0
train_5713.jpg,train,COMPOSITE,"SPELLING:이름.{0,3}(뭐|무엇);;OBJECT:무엇;;RELATION:왼쪽",3
train_5714.jpg,train,COMPOSITE,"SPELLING:이름.{0,3}(뭐|무엇);;OBJECT:무엇",2
train_5715.jpg,train,COMPOSITE,"SPELLING:이름.{0,3}(뭐|무엇);;OBJECT:무엇",2
train_5716.jpg,train,OBJECT,OBJECT:무엇,1
train_5717.jpg,train,COMPOSITE,NUMBER:번호;;OBJECT:무엇;;RELATION:아래,3
train_5718.jpg,train,OBJECT,OBJECT:무엇,1
train_5719.jpg,train,PRICE,PRICE:가격,1
train_5720.jpg,train,OBJECT,OBJECT:무엇,1
train_5721.jpg,train,OBJECT,OBJECT:무엇,1
train_5722.jpg,train,OBJECT,OBJECT:무엇,1
train_5723.jpg,train,PRICE,PRICE:얼마,1
train_5724.jpg,train,OBJECT,OBJECT:무엇,1
train_5725.jpg,train,OBJECT,OBJECT:무엇,1
train_5726.jpg,train,COMPOSITE,OBJECT:무엇;;RELATION:왼쪽,2
train_5727.jpg,train,OBJECT,OBJECT:있(나요|습니까|어),1
train_5728.jpg,train,PRICE,PRICE:가격,1
train_5729.jpg,train,TIMEDATE,TIMEDATE:날짜,1
train_5730.jpg,train,COMPOSITE,OBJECT:무엇;;RELATION:아래,2
train_5731.jpg,train,OBJECT,OBJECT:무엇,1
train_5732.jpg,train,COMPOSITE,"SPELLING:이름.{0,3}(뭐|무엇);;OBJECT:무엇",2
train_5733.jpg,train,COMPOSITE,NUMBER:번호;;OBJECT:무엇,2
train_5734.jpg,train,OBJECT,OBJECT:무엇,1
train_5735.jpg,train,COMPOSITE,PRICE:가격;;OBJECT:무엇,2
train_5736.jpg,train,OBJECT,OBJECT:무엇,1
train_5737.jpg,train,OBJECT,OBJECT:무엇,1
train_5738.jpg,train,COMPOSITE,"SPELLING:이름.{0,3}(뭐|무엇);;OBJECT:무엇",2
train_5739.jpg,train,UNKNOWN,,0
train_5740.jpg,train,COMPOSITE,"SPELLING:이름.{0,3}(뭐|무엇);;OBJECT:무엇",2
train_5741.jpg,train,OBJECT,OBJECT:무엇,1
train_5742.jpg,train,COMPOSITE,PRICE:얼마;;OBJECT:있(나요|습니까|어),2
train_5743.jpg,train,UNKNOWN,,0
train_5744.jpg,train,OBJECT,OBJECT:무엇,1
train_5745.jpg,train,OBJECT,OBJECT:무엇,1
train_5746.jpg,train,COMPOSITE,"SPELLING:이름.{0,3}(뭐|무엇);;OBJECT:무엇",2
train_5747.jpg,train,PRICE,PRICE:얼마,1
train_5748.jpg,train,COMPOSITE,"SPELLING:이름.{0,3}(뭐|무엇);;OBJECT:무엇",2
train_5749.jpg,train,OBJECT,OBJECT:무엇,1
train_5750.jpg,train,PRICE,PRICE:가격,1
train_5751.jpg,train,COMPOSITE,"SPELLING:이름.{0,3}(뭐|무엇);;OBJECT:무엇",2
train_5752.jpg,train,OBJECT,OBJECT:무엇,1
train_5753.jpg,train,COMPOSITE,NUMBER:번호;;OBJECT:무엇,2
train_5754.jpg,train,UNKNOWN,,0
train_5755.jpg,train,COMPOSITE,"SPELLING:이름.{0,3}(뭐|무엇);;OBJECT:무엇",2
train_5756.jpg,train,OBJECT,OBJECT:무엇,1
train_5757.jpg,train,OBJECT,OBJECT:무엇,1
train_5758.jpg,train,OBJECT,OBJECT:무엇,1
train_5759.jpg,train,UNKNOWN,,0
train_5760.jpg,train,PRICE,PRICE:가격,1
train_5761.jpg,train,OBJECT,OBJECT:무엇,1
train_5762.jpg,train,OBJECT,OBJECT:무엇,1
train_5763.jpg,train,UNKNOWN,,0
train_5764.jpg,train,COMPOSITE,SPELLING:글자;;OBJECT:무엇;;RELATION:위에,3
train_5765.jpg,train,COMPOSITE,"SPELLING:이름.{0,3}(뭐|무엇);;LOGO:브랜드;;OBJECT:무엇",3
train_5766.jpg,train,OBJECT,OBJECT:무엇,1
train_5767.jpg,train,OBJECT,OBJECT:있(나요|습니까|어),1
train_5768.jpg,train,COMPOSITE,"SPELLING:이름.{0,3}(뭐|무엇);;LOGO:브랜드;;OBJECT:무엇",3
train_5769.jpg,train,COMPOSITE,"SPELLING:이름.{0,3}(뭐|무엇);;LOGO:브랜드;;OBJECT:무엇",3
train_5770.jpg,train,COMPOSITE,SPELLING:글자;;OBJECT:무엇,2
train_5771.jpg,train,COMPOSITE,OBJECT:무엇;;RELATION:옆에,2
train_5772.jpg,train,OBJECT,OBJECT:무엇,1
train_5773.jpg,train,COMPOSITE,"SPELLING:이름.{0,3}(뭐|무엇);;OBJECT:무엇",2
train_5774.jpg,train,OBJECT,OBJECT:무엇,1
train_5775.jpg,train,COMPOSITE,"SPELLING:이름.{0,3}(뭐|무엇);;OBJECT:무엇",2
train_5776.jpg,train,OBJECT,OBJECT:있(나요|습니까|어),1
train_5777.jpg,train,COMPOSITE,OBJECT:무엇;;RELATION:옆에,2
train_5778.jpg,train,COMPOSITE,"SPELLING:이름.{0,3}(뭐|무엇);;OBJECT:무엇",2
train_5779.jpg,train,COMPOSITE,"SPELLING:이름.{0,3}(뭐|무엇);;OBJECT:무엇",2
train_5780.jpg,train,OBJECT,OBJECT:무엇,1
train_5781.jpg,train,COMPOSITE,"SPELLING:이름.{0,3}(뭐|무엇);;OBJECT:무엇",2
train_5782.jpg,train,OBJECT,OBJECT:무엇,1
train_5783.jpg,train,COMPOSITE,"SPELLING:이름.{0,3}(뭐|무엇);;OBJECT:무엇",2
train_5784.jpg,train,OBJECT,OBJECT:무엇,1
train_5785.jpg,train,OBJECT,OBJECT:있(나요|습니까|어),1
train_5786.jpg,train,PRICE,PRICE:가격,1
train_5787.jpg,train,OBJECT,OBJECT:무엇,1
train_5788.jpg,train,OBJECT,OBJECT:무엇,1
train_5789.jpg,train,TIMEDATE,TIMEDATE:영업\s*시간,1
train_5790.jpg,train,TIMEDATE,TIMEDATE:기간,1
train_5791.jpg,train,UNKNOWN,,0
train_5792.jpg,train,OBJECT,OBJECT:무엇,1
train_5793.jpg,train,UNKNOWN,,0
train_5794.jpg,train,OBJECT,OBJECT:무엇,1
train_5795.jpg,train,TIMEDATE,TIMEDATE:언제,1
train_5796.jpg,train,OBJECT,OBJECT:무엇,1
train_5797.jpg,train,OBJECT,OBJECT:무엇,1
train_5798.jpg,train,OBJECT,OBJECT:무엇,1
train_5799.jpg,train,COMPOSITE,OBJECT:무엇;;RELATION:아래,2
train_5800.jpg,train,COMPOSITE,SPELLING:글자;;OBJECT:무엇,2
train_5801.jpg,train,COMPOSITE,NUMBER:번호;;OBJECT:무엇,2
train_5802.jpg,train,OBJECT,OBJECT:무엇,1
train_5803.jpg,train,UNKNOWN,,0
train_5804.jpg,train,COMPOSITE,"SPELLING:이름.{0,3}(뭐|무엇);;LOGO:브랜드;;OBJECT:무엇",3
train_5805.jpg,train,COMPOSITE,NUMBER:몇\s*명;;TABLE:표에서,2
train_5806.jpg,train,OBJECT,OBJECT:무엇,1
train_5807.jpg,train,PRICE,PRICE:얼마,1
train_5808.jpg,train,OBJECT,OBJECT:무엇,1
train_5809.jpg,train,OBJECT,OBJECT:무엇,1
train_5810.jpg,train,UNKNOWN,,0
train_5811.jpg,train,COMPOSITE,"SPELLING:이름.{0,3}(뭐|무엇);;OBJECT:무엇",2
train_5812.jpg,train,OBJECT,OBJECT:무엇,1
train_5813.jpg,train,COMPOSITE,SPELLING:글자;;OBJECT:무엇,2
train_5814.jpg,train,PRICE,PRICE:가격,1
train_5815.jpg,train,COMPOSITE,SPELLING:글자;;OBJECT:무엇,2
train_5816.jpg,train,OBJECT,OBJECT:무엇,1
train_5817.jpg,train,COMPOSITE,PRICE:가격;;OBJECT:무엇,2
train_5818.jpg,train,COMPOSITE,OBJECT:무엇;;RELATION:옆에,2
train_5819.jpg,train,COMPOSITE,"SPELLING:이름.{0,3}(뭐|무엇);;OBJECT:무엇",2
train_5820.jpg,train,OBJECT,OBJECT:있(나요|습니까|어),1
train_5821.jpg,train,COMPOSITE,"SPELLING:이름.{0,3}(뭐|무엇);;OBJECT:무엇",2
train_5822.jpg,train,OBJECT,OBJECT:무엇,1
train_5823.jpg,train,OBJECT,OBJECT:무엇,1
train_5824.jpg,train,OBJECT,OBJECT:무엇,1
train_5825.jpg,train,COMPOSITE,"SPELLING:이름.{0,3}(뭐|무엇);;OBJECT:무엇",2
train_5826.jpg,train,OBJECT,OBJECT:무엇,1
train_5827.jpg,train,COMPOSITE,NUMBER:번호;;OBJECT:무엇,2
train_5828.jpg,train,OBJECT,OBJECT:무엇,1
train_5829.jpg,train,PRICE,PRICE:가격,1
train_5830.jpg,train,PRICE,PRICE:가격,1
train_5831.jpg,train,COMPOSITE,"SPELLING:이름.{0,3}(뭐|무엇);;OBJECT:무엇",2
train_5832.jpg,train,OBJECT,OBJECT:무엇,1
train_5833.jpg,train,COMPOSITE,NUMBER:번호;;OBJECT:무엇,2
train_5834.jpg,train,COMPOSITE,NUMBER:번호;;OBJECT:무엇,2
train_5835.jpg,train,OBJECT,OBJECT:무엇,1
train_5836.jpg,train,COMPOSITE,"SPELLING:이름.{0,3}(뭐|무엇);;OBJECT:무엇",2
train_5837.jpg,train,OBJECT,OBJECT:무엇,1
train_5838.jpg,train,OBJECT,OBJECT:무엇,1
train_5839.jpg,train,OBJECT,OBJECT:무엇,1
train_5840.jpg,train,COMPOSITE,SPELLING:글자;;OBJECT:무엇,2
train_5841.jpg,train,COMPOSITE,"SPELLING:이름.{0,3}(뭐|무엇);;OBJECT:무엇",2
train_5842.jpg,train,COMPOSITE,"SPELLING:이름.{0,3}(뭐|무엇);;OBJECT:무엇",2
train_5843.jpg,train,OBJECT,OBJECT:무엇,1
train_5844.jpg,train,OBJECT,OBJECT:무엇,1
train_5845.jpg,train,OBJECT,OBJECT:무엇,1
train_5846.jpg,train,COMPOSITE,"SPELLING:이름.{0,3}(뭐|무엇);;OBJECT:무엇",2
train_5847.jpg,train,COMPOSITE,SPELLING:글자;;OBJECT:무엇,2
train_5848.jpg,train,OBJECT,OBJECT:무엇,1
train_5849.jpg,train,TIMEDATE,TIMEDATE:언제,1
train_5850.jpg,train,UNKNOWN,,0
train_5851.jpg,train,OBJECT,OBJECT:무엇,1
train_5852.jpg,train,COMPOSITE,"SPELLING:이름.{0,3}(뭐|무엇);;OBJECT:무엇",2
train_5853.jpg,train,COMPOSITE,"SPELLING:이름.{0,3}(뭐|무엇);;OBJECT:무엇",2
train_5854.jpg,train,PRICE,PRICE:가격,1
train_5855.jpg,train,OBJECT,OBJECT:무엇,1
train_5856.jpg,train,OBJECT,OBJECT:무엇,1
train_5857.jpg,train,OBJECT,OBJECT:무엇,1
train_5858.jpg,train,UNKNOWN,,0
train_5859.jpg,train,OBJECT,OBJECT:무엇,1
train_5860.jpg,train,OBJECT,OBJECT:무엇,1
train_5861.jpg,train,OBJECT,OBJECT:있(나요|습니까|어),1
train_5862.jpg,train,OBJECT,OBJECT:무엇,1
train_5863.jpg,train,COMPOSITE,"SPELLING:이름.{0,3}(뭐|무엇);;OBJECT:무엇",2
train_5864.jpg,train,OBJECT,OBJECT:있(나요|습니까|어),1
train_5865.jpg,train,UNKNOWN,,0
train_5866.jpg,train,COMPOSITE,"SPELLING:이름.{0,3}(뭐|무엇);;OBJECT:무엇",2
train_5867.jpg,train,OBJECT,OBJECT:무엇,1
train_5868.jpg,train,UNKNOWN,,0
train_5869.jpg,train,OBJECT,OBJECT:있(나요|습니까|어),1
train_5870.jpg,train,PRICE,PRICE:가격,1
train_5871.jpg,train,OBJECT,OBJECT:무엇,1
train_5872.jpg,train,COMPOSITE,OBJECT:무엇;;RELATION:아래,2
train_5873.jpg,train,UNKNOWN,,0
train_5874.jpg,train,OBJECT,OBJECT:무엇,1
train_5875.jpg,train,OBJECT,OBJECT:무엇,1
train_5876.jpg,train,OBJECT,OBJECT:무엇,1
train_5877.jpg,train,OBJECT,OBJECT:있(나요|습니까|어),1
train_5878.jpg,train,COMPOSITE,"SPELLING:이름.{0,3}(뭐|무엇);;OBJECT:무엇",2
train_5879.jpg,train,COMPOSITE,"SPELLING:이름.{0,3}(뭐|무엇);;OBJECT:무엇",2
train_5880.jpg,train,UNKNOWN,,0
train_5881.jpg,train,COMPOSITE,"SPELLING:이름.{0,3}(뭐|무엇);;OBJECT:무엇",2
train_5882.jpg,train,COMPOSITE,"SPELLING:이름.{0,3}(뭐|무엇);;OBJECT:무엇",2
train_5883.jpg,train,COMPOSITE,NUMBER:번호;;OBJECT:무엇,2
train_5884.jpg,train,TIMEDATE,TIMEDATE:언제,1
train_5885.jpg,train,LOGO,LOGO:브랜드,1
train_5886.jpg,train,PRICE,PRICE:가격,1
train_5887.jpg,train,COMPOSITE,NUMBER:번호;;OBJECT:무엇,2
train_5888.jpg,train,COMPOSITE,"SPELLING:이름.{0,3}(뭐|무엇);;OBJECT:무엇",2
train_5889.jpg,train,OBJECT,OBJECT:무엇,1
train_5890.jpg,train,COMPOSITE,"SPELLING:이름.{0,3}(뭐|무엇);;OBJECT:무엇",2
train_5891.jpg,train,OBJECT,OBJECT:무엇,1
train_5892.jpg,train,UNKNOWN,,0
train_5893.jpg,train,UNKNOWN,,0
train_5894.jpg,train,COMPOSITE,"SPELLING:이름.{0,3}(뭐|무엇);;OBJECT:무엇",2
train_5895.jpg,train,OBJECT,OBJECT:무엇,1
train_5896.jpg,train,PRICE,PRICE:가격,1
train_5897.jpg,train,OBJECT,OBJECT:무엇,1
train_5898.jpg,train,COMPOSITE,"SPELLING:이름.{0,3}(뭐|무엇);;LOGO:브랜드;;OBJECT:무엇",3
train_5899.jpg,train,OBJECT,OBJECT:있(나요|습니까|어),1
train_5900.jpg,train,COMPOSITE,NUMBER:번호;;OBJECT:무엇,2
train_5901.jpg,train,OBJECT,OBJECT:무엇,1
train_5902.jpg,train,OBJECT,OBJECT:무엇,1
train_5903.jpg,train,PRICE,PRICE:가격,1
train_5904.jpg,train,COMPOSITE,SPELLING:글자;;OBJECT:무엇,2
train_5905.jpg,train,COMPOSITE,SPELLING:글자;;OBJECT:무엇,2
train_5906.jpg,train,COMPOSITE,OBJECT:무엇;;RELATION:아래,2
train_5907.jpg,train,OBJECT,OBJECT:무엇,1
train_5908.jpg,train,PRICE,PRICE:가격,1
train_5909.jpg,train,OBJECT,OBJECT:무엇,1
train_5910.jpg,train,COMPOSITE,"SPELLING:이름.{0,3}(뭐|무엇);;OBJECT:무엇",2
train_5911.jpg,train,TIMEDATE,TIMEDATE:기간,1
train_5912.jpg,train,UNKNOWN,,0
train_5913.jpg,train,COMPOSITE,"SPELLING:이름.{0,3}(뭐|무엇);;OBJECT:무엇",2
train_5914.jpg,train,OBJECT,OBJECT:무엇,1
train_5915.jpg,train,OBJECT,OBJECT:있(나요|습니까|어),1
train_5916.jpg,train,COMPOSITE,"SPELLING:이름.{0,3}(뭐|무엇);;LOGO:브랜드;;OBJECT:무엇",3
train_5917.jpg,train,OBJECT,OBJECT:있(나요|습니까|어),1
train_5918.jpg,train,TIMEDATE,TIMEDATE:기간,1
train_5919.jpg,train,COMPOSITE,NUMBER:번호;;OBJECT:무엇,2
train_5920.jpg,train,COMPOSITE,NUMBER:번호;;OBJECT:무엇,2
train_5921.jpg,train,PRICE,PRICE:가격,1
train_5922.jpg,train,PRICE,PRICE:얼마,1
train_5923.jpg,train,COMPOSITE,"SPELLING:이름.{0,3}(뭐|무엇);;OBJECT:무엇",2
train_5924.jpg,train,UNKNOWN,,0
train_5925.jpg,train,RELATION,RELATION:위에,1
train_5926.jpg,train,COMPOSITE,"SPELLING:이름.{0,3}(뭐|무엇);;OBJECT:무엇",2
train_5927.jpg,train,PRICE,PRICE:가격,1
train_5928.jpg,train,COMPOSITE,NUMBER:번호;;OBJECT:무엇,2
train_5929.jpg,train,PRICE,PRICE:가격,1
train_5930.jpg,train,OBJECT,OBJECT:무엇,1
train_5931.jpg,train,OBJECT,OBJECT:있(나요|습니까|어),1
train_5932.jpg,train,COMPOSITE,PRICE:얼마;;OBJECT:있(나요|습니까|어),2
train_5933.jpg,train,UNKNOWN,,0
train_5934.jpg,train,TIMEDATE,TIMEDATE:언제,1
train_5935.jpg,train,OBJECT,OBJECT:무엇,1
train_5936.jpg,train,OBJECT,OBJECT:무엇,1
train_5937.jpg,train,COMPOSITE,"SPELLING:이름.{0,3}(뭐|무엇);;OBJECT:무엇",2
train_5938.jpg,train,UNKNOWN,,0
train_5939.jpg,train,OBJECT,OBJECT:있(나요|습니까|어),1
train_5940.jpg,train,OBJECT,OBJECT:무엇,1
train_5941.jpg,train,COMPOSITE,PRICE:얼마;;OBJECT:있(나요|습니까|어),2
train_5942.jpg,train,OBJECT,OBJECT:무엇,1
train_5943.jpg,train,OBJECT,OBJECT:무엇,1
train_5944.jpg,train,OBJECT,OBJECT:무엇,1
train_5945.jpg,train,COMPOSITE,"SPELLING:이름.{0,3}(뭐|무엇);;OBJECT:무엇",2
train_5946.jpg,train,COMPOSITE,NUMBER:번호;;OBJECT:무엇,2
train_5947.jpg,train,OBJECT,OBJECT:무엇,1
train_5948.jpg,train,COMPOSITE,"SPELLING:이름.{0,3}(뭐|무엇);;OBJECT:무엇",2
train_5949.jpg,train,PRICE,PRICE:얼마,1
train_5950.jpg,train,COMPOSITE,"SPELLING:이름.{0,3}(뭐|무엇);;OBJECT:무엇",2
train_5951.jpg,train,OBJECT,OBJECT:무엇,1
train_5952.jpg,train,OBJECT,OBJECT:있(나요|습니까|어),1
train_5953.jpg,train,UNKNOWN,,0
train_5954.jpg,train,COMPOSITE,SPELLING:글자;;OBJECT:무엇,2
train_5955.jpg,train,PRICE,PRICE:가격,1
train_5956.jpg,train,UNKNOWN,,0
train_5957.jpg,train,PRICE,PRICE:가격,1
train_5958.jpg,train,COMPOSITE,"SPELLING:이름.{0,3}(뭐|무엇);;OBJECT:무엇",2
train_5959.jpg,train,COMPOSITE,"SPELLING:이름.{0,3}(뭐|무엇);;OBJECT:무엇",2
train_5960.jpg,train,PRICE,PRICE:가격,1
train_5961.jpg,train,TIMEDATE,TIMEDATE:날짜,1
train_5962.jpg,train,OBJECT,OBJECT:무엇,1
train_5963.jpg,train,OBJECT,OBJECT:무엇,1
train_5964.jpg,train,OBJECT,OBJECT:있(나요|습니까|어),1
train_5965.jpg,train,OBJECT,OBJECT:무엇,1
train_5966.jpg,train,OBJECT,OBJECT:무엇,1
train_5967.jpg,train,COMPOSITE,"SPELLING:이름.{0,3}(뭐|무엇);;OBJECT:무엇",2
train_5968.jpg,train,OBJECT,OBJECT:있(나요|습니까|어),1
train_5969.jpg,train,TIMEDATE,TIMEDATE:언제,1
train_5970.jpg,train,OBJECT,OBJECT:무엇,1
train_5971.jpg,train,UNKNOWN,,0
train_5972.jpg,train,COMPOSITE,"SPELLING:이름.{0,3}(뭐|무엇);;OBJECT:무엇",2
train_5973.jpg,train,OBJECT,OBJECT:무엇,1
train_5974.jpg,train,COMPOSITE,SPELLING:글자;;OBJECT:무엇,2
train_5975.jpg,train,OBJECT,OBJECT:무엇,1
train_5976.jpg,train,OBJECT,OBJECT:있(나요|습니까|어),1
train_5977.jpg,train,OBJECT,OBJECT:무엇,1
train_5978.jpg,train,OBJECT,OBJECT:무엇,1
train_5979.jpg,train,UNKNOWN,,0
train_5980.jpg,train,COMPOSITE,TIMEDATE:영업\s*시간;;OBJECT:있(나요|습니까|어),2
train_5981.jpg,train,OBJECT,OBJECT:무엇,1
train_5982.jpg,train,OBJECT,OBJECT:무엇,1
train_5983.jpg,train,COMPOSITE,"SPELLING:이름.{0,3}(뭐|무엇);;OBJECT:무엇",2
train_5984.jpg,train,OBJECT,OBJECT:무엇,1
train_5985.jpg,train,PRICE,PRICE:가격,1
train_5986.jpg,train,OBJECT,OBJECT:있(나요|습니까|어),1
train_5987.jpg,train,PRICE,PRICE:가격,1
train_5988.jpg,train,COMPOSITE,"SPELLING:이름.{0,3}(뭐|무엇);;LOGO:브랜드;;OBJECT:무엇",3
train_5989.jpg,train,OBJECT,OBJECT:무엇,1
train_5990.jpg,train,OBJECT,OBJECT:무엇,1
train_5991.jpg,train,COMPOSITE,PRICE:가격;;OBJECT:있(나요|습니까|어),2
train_5992.jpg,train,OBJECT,OBJECT:무엇,1
train_5993.jpg,train,COMPOSITE,NUMBER:번호;;OBJECT:무엇,2
train_5994.jpg,train,PRICE,PRICE:얼마,1
train_5995.jpg,train,OBJECT,OBJECT:무엇,1
train_5996.jpg,train,OBJECT,OBJECT:있(나요|습니까|어),1
train_5997.jpg,train,COMPOSITE,"SPELLING:이름.{0,3}(뭐|무엇);;OBJECT:무엇",2
train_5998.jpg,train,OBJECT,OBJECT:무엇,1
train_5999.jpg,train,OBJECT,OBJECT:무엇,1
train_6000.jpg,train,UNKNOWN,,0
train_6001.jpg,train,OBJECT,OBJECT:무엇,1
train_6002.jpg,train,UNKNOWN,,0
train_6003.jpg,train,COMPOSITE,OBJECT:무엇;;RELATION:아래,2
train_6004.jpg,train,PRICE,PRICE:가격,1
train_6005.jpg,train,UNKNOWN,,0
train_6006.jpg,train,PRICE,PRICE:얼마,1
train_6007.jpg,train,COMPOSITE,"SPELLING:이름.{0,3}(뭐|무엇);;OBJECT:무엇",2
train_6008.jpg,train,OBJECT,OBJECT:있(나요|습니까|어),1
train_6009.jpg,train,UNKNOWN,,0
train_6010.jpg,train,COMPOSITE,"SPELLING:이름.{0,3}(뭐|무엇);;OBJECT:무엇",2
train_6011.jpg,train,OBJECT,OBJECT:무엇,1
train_6012.jpg,train,OBJECT,OBJECT:무엇,1
train_6013.jpg,train,OBJECT,OBJECT:무엇,1
train_6014.jpg,train,OBJECT,OBJECT:무엇,1
train_6015.jpg,train,COMPOSITE,"SPELLING:이름.{0,3}(뭐|무엇);;OBJECT:무엇",2
train_6016.jpg,train,UNKNOWN,,0
train_6017.jpg,train,OBJECT,OBJECT:무엇,1
train_6018.jpg,train,OBJECT,OBJECT:무엇,1
train_6019.jpg,train,COMPOSITE,SPELLING:글자;;OBJECT:무엇,2
train_6020.jpg,train,COMPOSITE,"SPELLING:이름.{0,3}(뭐|무엇);;OBJECT:무엇",2
train_6021.jpg,train,OBJECT,OBJECT:무엇,1
train_6022.jpg,train,PRICE,PRICE:얼마,1
train_6023.jpg,train,COMPOSITE,"SPELLING:이름.{0,3}(뭐|무엇);;OBJECT:무엇",2
train_6024.jpg,train,OBJECT,OBJECT:무엇,1
train_6025.jpg,train,COMPOSITE,"SPELLING:이름.{0,3}(뭐|무엇);;OBJECT:무엇",2
train_6026.jpg,train,COMPOSITE,"SPELLING:이름.{0,3}(뭐|무엇);;OBJECT:무엇",2
train_6027.jpg,train,UNKNOWN,,0
train_6028.jpg,train,UNKNOWN,,0
train_6029.jpg,train,COMPOSITE,"SPELLING:이름.{0,3}(뭐|무엇);;OBJECT:무엇",2
train_6030.jpg,train,OBJECT,OBJECT:무엇,1
train_6031.jpg,train,COMPOSITE,"SPELLING:이름.{0,3}(뭐|무엇);;LOGO:브랜드;;OBJECT:무엇",3
train_6032.jpg,train,OBJECT,OBJECT:무엇,1
train_6033.jpg,train,OBJECT,OBJECT:무엇,1
train_6034.jpg,train,COMPOSITE,PRICE:얼마;;OBJECT:있(나요|습니까|어),2
train_6035.jpg,train,COMPOSITE,"SPELLING:이름.{0,3}(뭐|무엇);;OBJECT:무엇",2
train_6036.jpg,train,OBJECT,OBJECT:무엇,1
train_6037.jpg,train,OBJECT,OBJECT:무엇,1
train_6038.jpg,train,OBJECT,OBJECT:무엇,1
train_6039.jpg,train,NUMBER,NUMBER:번호,1
train_6040.jpg,train,COMPOSITE,"SPELLING:이름.{0,3}(뭐|무엇);;OBJECT:무엇",2
train_6041.jpg,train,OBJECT,OBJECT:무엇,1
train_6042.jpg,train,COMPOSITE,NUMBER:번호;;OBJECT:무엇,2
train_6043.jpg,train,COMPOSITE,"SPELLING:이름.{0,3}(뭐|무엇);;OBJECT:무엇",2
train_6044.jpg,train,OBJECT,OBJECT:무엇,1
train_6045.jpg,train,UNKNOWN,,0
train_6046.jpg,train,COMPOSITE,"SPELLING:이름.{0,3}(뭐|무엇);;OBJECT:무엇",2
train_6047.jpg,train,PRICE,PRICE:가격,1
train_6048.jpg,train,COMPOSITE,OBJECT:무엇;;RELATION:위에,2
train_6049.jpg,train,COMPOSITE,"SPELLING:이름.{0,3}(뭐|무엇);;OBJECT:무엇",2
train_6050.jpg,train,UNKNOWN,,0
train_6051.jpg,train,OBJECT,OBJECT:무엇,1
train_6052.jpg,train,OBJECT,OBJECT:무엇,1
train_6053.jpg,train,COMPOSITE,"SPELLING:이름.{0,3}(뭐|무엇);;OBJECT:무엇;;RELATION:오른쪽",3
train_6054.jpg,train,PRICE,PRICE:가격,1
train_6055.jpg,train,COMPOSITE,"SPELLING:이름.{0,3}(뭐|무엇);;OBJECT:무엇",2
train_6056.jpg,train,TIMEDATE,TIMEDATE:요일,1
train_6057.jpg,train,PRICE,PRICE:가격,1
train_6058.jpg,train,COMPOSITE,LOGO:브랜드;;OBJECT:무엇,2
train_6059.jpg,train,COMPOSITE,"SPELLING:이름.{0,3}(뭐|무엇);;OBJECT:무엇",2
train_6060.jpg,train,COMPOSITE,"SPELLING:이름.{0,3}(뭐|무엇);;OBJECT:무엇",2
train_6061.jpg,train,OBJECT,OBJECT:무엇,1
train_6062.jpg,train,OBJECT,OBJECT:있(나요|습니까|어),1
train_6063.jpg,train,COMPOSITE,TABLE:항목;;OBJECT:무엇,2
train_6064.jpg,train,OBJECT,OBJECT:무엇,1
train_6065.jpg,train,COMPOSITE,PRICE:가격;;OBJECT:무엇,2
train_6066.jpg,train,COMPOSITE,PRICE:얼마;;OBJECT:있(나요|습니까|어),2
train_6067.jpg,train,COMPOSITE,SPELLING:글자;;OBJECT:무엇,2
train_6068.jpg,train,COMPOSITE,NUMBER:번호;;OBJECT:무엇,2
train_6069.jpg,train,OBJECT,OBJECT:무엇,1
train_6070.jpg,train,COMPOSITE,"SPELLING:이름.{0,3}(뭐|무엇);;OBJECT:무엇",2
train_6071.jpg,train,UNKNOWN,,0
train_6072.jpg,train,UNKNOWN,,0
train_6073.jpg,train,OBJECT,OBJECT:무엇,1
train_6074.jpg,train,PRICE,PRICE:얼마,1
train_6075.jpg,train,UNKNOWN,,0
train_6076.jpg,train,COMPOSITE,"SPELLING:이름.{0,3}(뭐|무엇);;OBJECT:무엇",2
train_6077.jpg,train,OBJECT,OBJECT:무엇,1
train_6078.jpg,train,COMPOSITE,NUMBER:번호;;OBJECT:무엇,2
train_6079.jpg,train,UNKNOWN,,0
train_6080.jpg,train,COMPOSITE,"SPELLING:이름.{0,3}(뭐|무엇);;OBJECT:무엇",2
train_6081.jpg,train,COMPOSITE,"SPELLING:이름.{0,3}(뭐|무엇);;OBJECT:무엇",2
train_6082.jpg,train,PRICE,PRICE:가격,1
train_6083.jpg,train,OBJECT,OBJECT:무엇,1
train_6084.jpg,train,COMPOSITE,OBJECT:무엇;;RELATION:위에,2
train_6085.jpg,train,OBJECT,OBJECT:있(나요|습니까|어),1
train_6086.jpg,train,COMPOSITE,"SPELLING:이름.{0,3}(뭐|무엇);;OBJECT:무엇",2
train_6087.jpg,train,OBJECT,OBJECT:무엇,1
train_6088.jpg,train,COMPOSITE,"SPELLING:이름.{0,3}(뭐|무엇);;LOGO:브랜드;;OBJECT:무엇",3
train_6089.jpg,train,PRICE,PRICE:가격,1
train_6090.jpg,train,OBJECT,OBJECT:무엇,1
train_6091.jpg,train,TIMEDATE,TIMEDATE:언제,1
train_6092.jpg,train,COMPOSITE,"SPELLING:이름.{0,3}(뭐|무엇);;OBJECT:무엇",2
train_6093.jpg,train,OBJECT,OBJECT:무엇,1
train_6094.jpg,train,PRICE,PRICE:가격,1
train_6095.jpg,train,COMPOSITE,"SPELLING:이름.{0,3}(뭐|무엇);;LOGO:브랜드;;OBJECT:무엇",3
train_6096.jpg,train,OBJECT,OBJECT:무엇,1
train_6097.jpg,train,OBJECT,OBJECT:무엇,1
train_6098.jpg,train,OBJECT,OBJECT:무엇,1
train_6099.jpg,train,OBJECT,OBJECT:무엇,1
train_6100.jpg,train,COMPOSITE,OBJECT:무엇;;RELATION:아래,2
train_6101.jpg,train,COMPOSITE,OBJECT:무엇;;RELATION:왼쪽,2
train_6102.jpg,train,UNKNOWN,,0
train_6103.jpg,train,OBJECT,OBJECT:무엇,1
train_6104.jpg,train,COMPOSITE,NUMBER:번호;;OBJECT:무엇,2
train_6105.jpg,train,COMPOSITE,"SPELLING:이름.{0,3}(뭐|무엇);;OBJECT:무엇",2
train_6106.jpg,train,OBJECT,OBJECT:있(나요|습니까|어),1
train_6107.jpg,train,UNKNOWN,,0
train_6108.jpg,train,OBJECT,OBJECT:무엇,1
train_6109.jpg,train,OBJECT,OBJECT:무엇,1
train_6110.jpg,train,UNKNOWN,,0
train_6111.jpg,train,UNKNOWN,,0
train_6112.jpg,train,OBJECT,OBJECT:무엇,1
train_6113.jpg,train,COMPOSITE,"SPELLING:이름.{0,3}(뭐|무엇);;OBJECT:무엇",2
train_6114.jpg,train,OBJECT,OBJECT:무엇,1
train_6115.jpg,train,PRICE,PRICE:가격,1
train_6116.jpg,train,COMPOSITE,"SPELLING:이름.{0,3}(뭐|무엇);;OBJECT:무엇",2
train_6117.jpg,train,COMPOSITE,"SPELLING:이름.{0,3}(뭐|무엇);;OBJECT:무엇",2
train_6118.jpg,train,OBJECT,OBJECT:있(나요|습니까|어),1
train_6119.jpg,train,UNKNOWN,,0
train_6120.jpg,train,OBJECT,OBJECT:무엇,1
train_6121.jpg,train,OBJECT,OBJECT:무엇,1
train_6122.jpg,train,OBJECT,OBJECT:무엇,1
train_6123.jpg,train,OBJECT,OBJECT:무엇,1
train_6124.jpg,train,OBJECT,OBJECT:무엇,1
train_6125.jpg,train,OBJECT,OBJECT:무엇,1
train_6126.jpg,train,OBJECT,OBJECT:무엇,1
train_6127.jpg,train,OBJECT,OBJECT:무엇,1
train_6128.jpg,train,OBJECT,OBJECT:무엇,1
train_6129.jpg,train,OBJECT,OBJECT:무엇,1
train_6130.jpg,train,UNKNOWN,,0
train_6131.jpg,train,OBJECT,OBJECT:무엇,1
train_6132.jpg,train,PRICE,PRICE:얼마,1
train_6133.jpg,train,OBJECT,OBJECT:무엇,1
train_6134.jpg,train,COMPOSITE,"SPELLING:이름.{0,3}(뭐|무엇);;OBJECT:무엇",2
train_6135.jpg,train,COMPOSITE,"SPELLING:이름.{0,3}(뭐|무엇);;LOGO:브랜드;;OBJECT:무엇",3
train_6136.jpg,train,OBJECT,OBJECT:무엇,1
train_6137.jpg,train,OBJECT,OBJECT:무엇,1
train_6138.jpg,train,COMPOSITE,"SPELLING:이름.{0,3}(뭐|무엇);;OBJECT:무엇",2
train_6139.jpg,train,COMPOSITE,PRICE:가격;;OBJECT:무엇,2
train_6140.jpg,train,PRICE,PRICE:가격,1
train_6141.jpg,train,COMPOSITE,"SPELLING:이름.{0,3}(뭐|무엇);;OBJECT:무엇",2
train_6142.jpg,train,PRICE,PRICE:가격,1
train_6143.jpg,train,COMPOSITE,"SPELLING:이름.{0,3}(뭐|무엇);;OBJECT:무엇",2
train_6144.jpg,train,OBJECT,OBJECT:무엇,1
train_6145.jpg,train,PRICE,PRICE:가격,1
train_6146.jpg,train,COMPOSITE,"SPELLING:이름.{0,3}(뭐|무엇);;OBJECT:무엇",2
train_6147.jpg,train,OBJECT,OBJECT:무엇,1
train_6148.jpg,train,OBJECT,OBJECT:무엇,1
train_6149.jpg,train,TIMEDATE,TIMEDATE:언제,1
train_6150.jpg,train,PRICE,PRICE:가격,1
train_6151.jpg,train,COMPOSITE,"SPELLING:이름.{0,3}(뭐|무엇);;OBJECT:무엇",2
train_6152.jpg,train,OBJECT,OBJECT:무엇,1
train_6153.jpg,train,OBJECT,OBJECT:무엇,1
train_6154.jpg,train,OBJECT,OBJECT:무엇,1
train_6155.jpg,train,COMPOSITE,"SPELLING:이름.{0,3}(뭐|무엇);;OBJECT:무엇",2
train_6156.jpg,train,OBJECT,OBJECT:무엇,1
train_6157.jpg,train,OBJECT,OBJECT:무엇,1
train_6158.jpg,train,OBJECT,OBJECT:무엇,1
train_6159.jpg,train,OBJECT,OBJECT:무엇,1
train_6160.jpg,train,UNKNOWN,,0
train_6161.jpg,train,COMPOSITE,PRICE:가격;;OBJECT:무엇,2
train_6162.jpg,train,OBJECT,OBJECT:있(나요|습니까|어),1
train_6163.jpg,train,OBJECT,OBJECT:무엇,1
train_6164.jpg,train,COMPOSITE,"SPELLING:이름.{0,3}(뭐|무엇);;OBJECT:무엇",2
train_6165.jpg,train,OBJECT,OBJECT:무엇,1
train_6166.jpg,train,COMPOSITE,"SPELLING:이름.{0,3}(뭐|무엇);;OBJECT:무엇",2
train_6167.jpg,train,OBJECT,OBJECT:무엇,1
train_6168.jpg,train,COMPOSITE,PRICE:가격;;OBJECT:무엇,2
train_6169.jpg,train,OBJECT,OBJECT:무엇,1
train_6170.jpg,train,COMPOSITE,NUMBER:번호;;OBJECT:무엇,2
train_6171.jpg,train,COMPOSITE,SPELLING:글자;;OBJECT:무엇,2
train_6172.jpg,train,OBJECT,OBJECT:무엇,1
train_6173.jpg,train,COMPOSITE,"SPELLING:이름.{0,3}(뭐|무엇);;OBJECT:무엇",2
train_6174.jpg,train,COMPOSITE,"SPELLING:이름.{0,3}(뭐|무엇);;OBJECT:무엇",2
train_6175.jpg,train,OBJECT,OBJECT:무엇,1
train_6176.jpg,train,COMPOSITE,"SPELLING:이름.{0,3}(뭐|무엇);;OBJECT:무엇",2
train_6177.jpg,train,OBJECT,OBJECT:무엇,1
train_6178.jpg,train,OBJECT,OBJECT:무엇,1
train_6179.jpg,train,OBJECT,OBJECT:무엇,1
train_6180.jpg,train,PRICE,PRICE:얼마,1
train_6181.jpg,train,OBJECT,OBJECT:무엇,1
train_6182.jpg,train,OBJECT,OBJECT:무엇,1
train_6183.jpg,train,OBJECT,OBJECT:무엇,1
train_6184.jpg,train,TIMEDATE,TIMEDATE:언제,1
train_6185.jpg,train,UNKNOWN,,0
train_6186.jpg,train,UNKNOWN,,0
train_6187.jpg,train,COMPOSITE,"SPELLING:이름.{0,3}(뭐|무엇);;OBJECT:무엇",2
train_6188.jpg,train,OBJECT,OBJECT:무엇,1
train_6189.jpg,train,OBJECT,OBJECT:무엇,1
train_6190.jpg,train,OBJECT,OBJECT:무엇,1
train_6191.jpg,train,OBJECT,OBJECT:무엇,1
train_6192.jpg,train,COMPOSITE,"SPELLING:이름.{0,3}(뭐|무엇);;OBJECT:무엇;;RELATION:왼쪽",3
train_6193.jpg,train,COMPOSITE,"SPELLING:이름.{0,3}(뭐|무엇);;OBJECT:무엇",2
train_6194.jpg,train,COMPOSITE,"SPELLING:이름.{0,3}(뭐|무엇);;OBJECT:무엇",2
train_6195.jpg,train,OBJECT,OBJECT:무엇,1
train_6196.jpg,train,PRICE,PRICE:가격,1
train_6197.jpg,train,PRICE,PRICE:가격,1
train_6198.jpg,train,OBJECT,OBJECT:무엇,1
train_6199.jpg,train,SPELLING,SPELLING:글자,1
train_6200.jpg,train,COMPOSITE,PRICE:가격;;TABLE:표에서,2
train_6201.jpg,train,PRICE,PRICE:가격,1
train_6202.jpg,train,OBJECT,OBJECT:무엇,1
train_6203.jpg,train,OBJECT,OBJECT:무엇,1
train_6204.jpg,train,COMPOSITE,"SPELLING:이름.{0,3}(뭐|무엇);;LOGO:브랜드;;OBJECT:무엇",3
train_6205.jpg,train,OBJECT,OBJECT:무엇,1
train_6206.jpg,train,PRICE,PRICE:가격,1
train_6207.jpg,train,OBJECT,OBJECT:무엇,1
train_6208.jpg,train,OBJECT,OBJECT:무엇,1
train_6209.jpg,train,OBJECT,OBJECT:무엇,1
train_6210.jpg,train,UNKNOWN,,0
train_6211.jpg,train,UNKNOWN,,0
train_6212.jpg,train,PRICE,PRICE:가격,1
train_6213.jpg,train,COMPOSITE,SPELLING:글자;;OBJECT:무엇;;RELATION:위에,3
train_6214.jpg,train,OBJECT,OBJECT:무엇,1
train_6215.jpg,train,UNKNOWN,,0
train_6216.jpg,train,OBJECT,OBJECT:무엇,1
train_6217.jpg,train,OBJECT,OBJECT:무엇,1
train_6218.jpg,train,OBJECT,OBJECT:무엇,1
train_6219.jpg,train,OBJECT,OBJECT:무엇,1
train_6220.jpg,train,COMPOSITE,"SPELLING:이름.{0,3}(뭐|무엇);;OBJECT:무엇",2
train_6221.jpg,train,OBJECT,OBJECT:있(나요|습니까|어),1
train_6222.jpg,train,OBJECT,OBJECT:무엇,1
train_6223.jpg,train,COMPOSITE,NUMBER:번호;;OBJECT:무엇,2
train_6224.jpg,train,UNKNOWN,,0
train_6225.jpg,train,COMPOSITE,"SPELLING:이름.{0,3}(뭐|무엇);;OBJECT:무엇",2
train_6226.jpg,train,COMPOSITE,"SPELLING:이름.{0,3}(뭐|무엇);;OBJECT:무엇",2
train_6227.jpg,train,OBJECT,OBJECT:무엇,1
train_6228.jpg,train,COMPOSITE,"SPELLING:이름.{0,3}(뭐|무엇);;OBJECT:무엇",2
train_6229.jpg,train,TIMEDATE,TIMEDATE:기간,1
train_6230.jpg,train,UNKNOWN,,0
train_6231.jpg,train,OBJECT,OBJECT:무엇,1
train_6232.jpg,train,COMPOSITE,SPELLING:글자;;OBJECT:무엇,2
train_6233.jpg,train,OBJECT,OBJECT:있(나요|습니까|어),1
train_6234.jpg,train,PRICE,PRICE:가격,1
train_6235.jpg,train,COMPOSITE,"SPELLING:이름.{0,3}(뭐|무엇);;OBJECT:무엇",2
train_6236.jpg,train,OBJECT,OBJECT:무엇,1
train_6237.jpg,train,COMPOSITE,"SPELLING:이름.{0,3}(뭐|무엇);;OBJECT:무엇",2
train_6238.jpg,train,COMPOSITE,"SPELLING:이름.{0,3}(뭐|무엇);;OBJECT:무엇",2
train_6239.jpg,train,OBJECT,OBJECT:무엇,1
train_6240.jpg,train,OBJECT,OBJECT:무엇,1
train_6241.jpg,train,OBJECT,OBJECT:무엇,1
train_6242.jpg,train,OBJECT,OBJECT:무엇,1
train_6243.jpg,train,COMPOSITE,"SPELLING:이름.{0,3}(뭐|무엇);;LOGO:브랜드;;OBJECT:무엇;;RELATION:오른쪽",4
train_6244.jpg,train,OBJECT,OBJECT:무엇,1
train_6245.jpg,train,COMPOSITE,PRICE:가격;;OBJECT:무엇,2
train_6246.jpg,train,OBJECT,OBJECT:무엇,1
train_6247.jpg,train,OBJECT,OBJECT:무엇,1
train_6248.jpg,train,UNKNOWN,,0
train_6249.jpg,train,OBJECT,OBJECT:무엇,1
train_6250.jpg,train,COMPOSITE,"SPELLING:이름.{0,3}(뭐|무엇);;OBJECT:무엇",2
train_6251.jpg,train,COMPOSITE,"SPELLING:이름.{0,3}(뭐|무엇);;OBJECT:무엇",2
train_6252.jpg,train,PRICE,PRICE:얼마,1
train_6253.jpg,train,PRICE,PRICE:가격,1
train_6254.jpg,train,UNKNOWN,,0
train_6255.jpg,train,OBJECT,OBJECT:무엇,1
train_6256.jpg,train,COMPOSITE,"SPELLING:이름.{0,3}(뭐|무엇);;OBJECT:무엇",2
train_6257.jpg,train,OBJECT,OBJECT:무엇,1
train_6258.jpg,train,COMPOSITE,"SPELLING:이름.{0,3}(뭐|무엇);;OBJECT:무엇",2
train_6259.jpg,train,OBJECT,OBJECT:무엇,1
train_6260.jpg,train,OBJECT,OBJECT:무엇,1
train_6261.jpg,train,COMPOSITE,PRICE:얼마;;RELATION:왼쪽,2
train_6262.jpg,train,COMPOSITE,"SPELLING:이름.{0,3}(뭐|무엇);;OBJECT:무엇",2
train_6263.jpg,train,COMPOSITE,"SPELLING:이름.{0,3}(뭐|무엇);;OBJECT:무엇",2
train_6264.jpg,train,COMPOSITE,"SPELLING:이름.{0,3}(뭐|무엇);;OBJECT:무엇",2
train_6265.jpg,train,UNKNOWN,,0
train_6266.jpg,train,OBJECT,OBJECT:무엇,1
train_6267.jpg,train,UNKNOWN,,0
train_6268.jpg,train,COMPOSITE,"SPELLING:이름.{0,3}(뭐|무엇);;LOGO:브랜드;;OBJECT:무엇",3
train_6269.jpg,train,OBJECT,OBJECT:무엇,1
train_6270.jpg,train,OBJECT,OBJECT:무엇,1
train_6271.jpg,train,PRICE,PRICE:가격,1
train_6272.jpg,train,PRICE,PRICE:가격,1
train_6273.jpg,train,OBJECT,OBJECT:무엇,1
train_6274.jpg,train,PRICE,PRICE:얼마,1
train_6275.jpg,train,COMPOSITE,"SPELLING:이름.{0,3}(뭐|무엇);;LOGO:브랜드;;OBJECT:무엇",3
train_6276.jpg,train,COMPOSITE,"SPELLING:이름.{0,3}(뭐|무엇);;OBJECT:무엇",2
train_6277.jpg,train,COMPOSITE,NUMBER:번호;;OBJECT:무엇,2
train_6278.jpg,train,OBJECT,OBJECT:무엇,1
train_6279.jpg,train,COMPOSITE,"SPELLING:이름.{0,3}(뭐|무엇);;OBJECT:무엇",2
train_6280.jpg,train,OBJECT,OBJECT:무엇,1
train_6281.jpg,train,COMPOSITE,"SPELLING:이름.{0,3}(뭐|무엇);;OBJECT:무엇",2
train_6282.jpg,train,COMPOSITE,TIMEDATE:언제;;OBJECT:있(나요|습니까|어),2
train_6283.jpg,train,COMPOSITE,"SPELLING:이름.{0,3}(뭐|무엇);;OBJECT:무엇",2
train_6284.jpg,train,PRICE,PRICE:가격,1
train_6285.jpg,train,UNKNOWN,,0
train_6286.jpg,train,OBJECT,OBJECT:있(나요|습니까|어),1
train_6287.jpg,train,UNKNOWN,,0
train_6288.jpg,train,PRICE,PRICE:얼마,1
train_6289.jpg,train,PRICE,PRICE:얼마,1
train_6290.jpg,train,OBJECT,OBJECT:무엇,1
train_6291.jpg,train,COMPOSITE,"SPELLING:이름.{0,3}(뭐|무엇);;OBJECT:무엇",2
train_6292.jpg,train,OBJECT,OBJECT:무엇,1
train_6293.jpg,train,OBJECT,OBJECT:무엇,1
train_6294.jpg,train,UNKNOWN,,0
train_6295.jpg,train,OBJECT,OBJECT:있(나요|습니까|어),1
train_6296.jpg,train,COMPOSITE,"SPELLING:이름.{0,3}(뭐|무엇);;OBJECT:무엇",2
train_6297.jpg,train,COMPOSITE,"SPELLING:이름.{0,3}(뭐|무엇);;OBJECT:무엇",2
train_6298.jpg,train,OBJECT,OBJECT:무엇,1
train_6299.jpg,train,COMPOSITE,NUMBER:번호;;OBJECT:무엇,2
train_6300.jpg,train,COMPOSITE,"SPELLING:이름.{0,3}(뭐|무엇);;OBJECT:무엇",2
train_6301.jpg,train,PRICE,PRICE:가격,1
train_6302.jpg,train,UNKNOWN,,0
train_6303.jpg,train,COMPOSITE,"SPELLING:이름.{0,3}(뭐|무엇);;OBJECT:무엇",2
train_6304.jpg,train,OBJECT,OBJECT:무엇,1
train_6305.jpg,train,OBJECT,OBJECT:무엇,1
train_6306.jpg,train,PRICE,PRICE:얼마,1
train_6307.jpg,train,OBJECT,OBJECT:무엇,1
train_6308.jpg,train,OBJECT,OBJECT:무엇,1
train_6309.jpg,train,OBJECT,OBJECT:무엇,1
train_6310.jpg,train,COMPOSITE,"SPELLING:이름.{0,3}(뭐|무엇);;OBJECT:무엇",2
train_6311.jpg,train,COMPOSITE,SPELLING:글자;;OBJECT:무엇,2
train_6312.jpg,train,COMPOSITE,PRICE:얼마;;TIMEDATE:요일,2
train_6313.jpg,train,PRICE,PRICE:가격,1
train_6314.jpg,train,OBJECT,OBJECT:무엇,1
train_6315.jpg,train,OBJECT,OBJECT:무엇,1
train_6316.jpg,train,OBJECT,OBJECT:무엇,1
train_6317.jpg,train,COMPOSITE,"SPELLING:이름.{0,3}(뭐|무엇);;OBJECT:무엇",2
train_6318.jpg,train,PRICE,PRICE:가격,1
train_6319.jpg,train,UNKNOWN,,0
train_6320.jpg,train,OBJECT,OBJECT:무엇,1
train_6321.jpg,train,COMPOSITE,SPELLING:글자;;OBJECT:무엇,2
train_6322.jpg,train,PRICE,PRICE:가격,1
train_6323.jpg,train,OBJECT,OBJECT:무엇,1
train_6324.jpg,train,OBJECT,OBJECT:무엇,1
train_6325.jpg,train,OBJECT,OBJECT:무엇,1
train_6326.jpg,train,TIMEDATE,TIMEDATE:기간,1
train_6327.jpg,train,OBJECT,OBJECT:무엇,1
train_6328.jpg,train,COMPOSITE,"SPELLING:이름.{0,3}(뭐|무엇);;OBJECT:무엇",2
train_6329.jpg,train,NUMBER,NUMBER:몇\s*개,1
train_6330.jpg,train,COMPOSITE,NUMBER:번호;;OBJECT:있(나요|습니까|어);;RELATION:위에,3
train_6331.jpg,train,OBJECT,OBJECT:무엇,1
train_6332.jpg,train,COMPOSITE,"SPELLING:이름.{0,3}(뭐|무엇);;OBJECT:무엇",2
train_6333.jpg,train,UNKNOWN,,0
train_6334.jpg,train,COMPOSITE,"SPELLING:이름.{0,3}(뭐|무엇);;OBJECT:무엇",2
train_6335.jpg,train,COMPOSITE,"SPELLING:이름.{0,3}(뭐|무엇);;OBJECT:무엇",2
train_6336.jpg,train,COMPOSITE,"SPELLING:이름.{0,3}(뭐|무엇);;OBJECT:무엇",2
train_6337.jpg,train,OBJECT,OBJECT:무엇,1
train_6338.jpg,train,OBJECT,OBJECT:무엇,1
train_6339.jpg,train,OBJECT,OBJECT:무엇,1
train_6340.jpg,train,COMPOSITE,"SPELLING:이름.{0,3}(뭐|무엇);;OBJECT:무엇",2
train_6341.jpg,train,OBJECT,OBJECT:있(나요|습니까|어),1
train_6342.jpg,train,COMPOSITE,"SPELLING:이름.{0,3}(뭐|무엇);;OBJECT:무엇",2
train_6343.jpg,train,COMPOSITE,"SPELLING:이름.{0,3}(뭐|무엇);;OBJECT:무엇",2
train_6344.jpg,train,COMPOSITE,"SPELLING:이름.{0,3}(뭐|무엇);;OBJECT:무엇",2
train_6345.jpg,train,OBJECT,OBJECT:무엇,1
train_6346.jpg,train,PRICE,PRICE:가격,1
train_6347.jpg,train,OBJECT,OBJECT:무엇,1
train_6348.jpg,train,OBJECT,OBJECT:무엇,1
train_6349.jpg,train,COMPOSITE,NUMBER:번호;;OBJECT:무엇,2
train_6350.jpg,train,COMPOSITE,"SPELLING:이름.{0,3}(뭐|무엇);;OBJECT:무엇",2
train_6351.jpg,train,OBJECT,OBJECT:무엇,1
train_6352.jpg,train,OBJECT,OBJECT:무엇,1
train_6353.jpg,train,UNKNOWN,,0
train_6354.jpg,train,COMPOSITE,"SPELLING:이름.{0,3}(뭐|무엇);;OBJECT:무엇",2
train_6355.jpg,train,COMPOSITE,PRICE:얼마;;OBJECT:무엇,2
train_6356.jpg,train,OBJECT,OBJECT:무엇,1
train_6357.jpg,train,OBJECT,OBJECT:있(나요|습니까|어),1
train_6358.jpg,train,COMPOSITE,LOGO:상표;;OBJECT:무엇,2
train_6359.jpg,train,COMPOSITE,SPELLING:글자;;OBJECT:무엇,2
train_6360.jpg,train,COMPOSITE,NUMBER:번호;;OBJECT:무엇,2
train_6361.jpg,train,PRICE,PRICE:가격,1
train_6362.jpg,train,PRICE,PRICE:가격,1
train_6363.jpg,train,TIMEDATE,TIMEDATE:기간,1
train_6364.jpg,train,PRICE,PRICE:얼마,1
train_6365.jpg,train,COMPOSITE,"SPELLING:이름.{0,3}(뭐|무엇);;OBJECT:무엇",2
train_6366.jpg,train,COMPOSITE,"SPELLING:이름.{0,3}(뭐|무엇);;OBJECT:무엇",2
train_6367.jpg,train,PRICE,PRICE:가격,1
train_6368.jpg,train,TIMEDATE,TIMEDATE:언제,1
train_6369.jpg,train,OBJECT,OBJECT:무엇,1
train_6370.jpg,train,OBJECT,OBJECT:있(나요|습니까|어),1
train_6371.jpg,train,TIMEDATE,TIMEDATE:언제,1
train_6372.jpg,train,COMPOSITE,"SPELLING:이름.{0,3}(뭐|무엇);;OBJECT:무엇",2
train_6373.jpg,train,COMPOSITE,"SPELLING:이름.{0,3}(뭐|무엇);;OBJECT:무엇",2
train_6374.jpg,train,UNKNOWN,,0
train_6375.jpg,train,COMPOSITE,"SPELLING:이름.{0,3}(뭐|무엇);;OBJECT:무엇",2
train_6376.jpg,train,OBJECT,OBJECT:무엇,1
train_6377.jpg,train,PRICE,PRICE:가격,1
train_6378.jpg,train,UNKNOWN,,0
train_6379.jpg,train,OBJECT,OBJECT:무엇,1
train_6380.jpg,train,OBJECT,OBJECT:무엇,1
train_6381.jpg,train,COMPOSITE,"SPELLING:이름.{0,3}(뭐|무엇);;OBJECT:무엇",2
train_6382.jpg,train,COMPOSITE,"SPELLING:이름.{0,3}(뭐|무엇);;LOGO:브랜드;;OBJECT:무엇",3
train_6383.jpg,train,OBJECT,OBJECT:무엇,1
train_6384.jpg,train,COMPOSITE,"SPELLING:이름.{0,3}(뭐|무엇);;OBJECT:무엇",2
train_6385.jpg,train,COMPOSITE,NUMBER:번호;;OBJECT:무엇,2
train_6386.jpg,train,COMPOSITE,"SPELLING:이름.{0,3}(뭐|무엇);;OBJECT:무엇",2
train_6387.jpg,train,OBJECT,OBJECT:무엇,1
train_6388.jpg,train,COMPOSITE,"SPELLING:이름.{0,3}(뭐|무엇);;OBJECT:무엇",2
train_6389.jpg,train,PRICE,PRICE:가격,1
train_6390.jpg,train,COMPOSITE,"SPELLING:이름.{0,3}(뭐|무엇);;OBJECT:무엇",2
train_6391.jpg,train,COMPOSITE,OBJECT:무엇;;RELATION:옆에,2
train_6392.jpg,train,COMPOSITE,"SPELLING:이름.{0,3}(뭐|무엇);;OBJECT:무엇",2
train_6393.jpg,train,PRICE,PRICE:얼마,1
train_6394.jpg,train,COMPOSITE,LOGO:브랜드;;OBJECT:무엇,2
train_6395.jpg,train,OBJECT,OBJECT:있(나요|습니까|어),1
train_6396.jpg,train,TIMEDATE,TIMEDATE:언제,1
train_6397.jpg,train,OBJECT,OBJECT:무엇,1
train_6398.jpg,train,OBJECT,OBJECT:있(나요|습니까|어),1
train_6399.jpg,train,COMPOSITE,"SPELLING:이름.{0,3}(뭐|무엇);;OBJECT:무엇",2
train_6400.jpg,train,OBJECT,OBJECT:무엇,1
train_6401.jpg,train,OBJECT,OBJECT:무엇,1
train_6402.jpg,train,COMPOSITE,"SPELLING:이름.{0,3}(뭐|무엇);;OBJECT:무엇",2
train_6403.jpg,train,OBJECT,OBJECT:무엇,1
train_6404.jpg,train,COMPOSITE,"SPELLING:이름.{0,3}(뭐|무엇);;OBJECT:무엇",2
train_6405.jpg,train,OBJECT,OBJECT:무엇,1
train_6406.jpg,train,OBJECT,OBJECT:무엇,1
train_6407.jpg,train,COMPOSITE,NUMBER:번호;;OBJECT:무엇,2
train_6408.jpg,train,COMPOSITE,"SPELLING:이름.{0,3}(뭐|무엇);;OBJECT:무엇",2
train_6409.jpg,train,OBJECT,OBJECT:무엇,1
train_6410.jpg,train,OBJECT,OBJECT:무엇,1
train_6411.jpg,train,TIMEDATE,TIMEDATE:언제,1
train_6412.jpg,train,PRICE,PRICE:얼마,1
train_6413.jpg,train,COMPOSITE,NUMBER:번호;;OBJECT:무엇,2
train_6414.jpg,train,PRICE,PRICE:얼마,1
train_6415.jpg,train,UNKNOWN,,0
train_6416.jpg,train,COMPOSITE,"SPELLING:이름.{0,3}(뭐|무엇);;OBJECT:무엇",2
train_6417.jpg,train,OBJECT,OBJECT:무엇,1
train_6418.jpg,train,COMPOSITE,"SPELLING:이름.{0,3}(뭐|무엇);;LOGO:브랜드;;OBJECT:무엇",3
train_6419.jpg,train,COMPOSITE,"SPELLING:이름.{0,3}(뭐|무엇);;OBJECT:무엇",2
train_6420.jpg,train,TIMEDATE,TIMEDATE:언제,1
train_6421.jpg,train,OBJECT,OBJECT:무엇,1
train_6422.jpg,train,PRICE,PRICE:얼마,1
train_6423.jpg,train,OBJECT,OBJECT:무엇,1
train_6424.jpg,train,COMPOSITE,SPELLING:글자;;OBJECT:무엇,2
train_6425.jpg,train,COMPOSITE,NUMBER:번호;;OBJECT:무엇,2
train_6426.jpg,train,COMPOSITE,LOGO:브랜드;;OBJECT:무엇,2
train_6427.jpg,train,COMPOSITE,"SPELLING:이름.{0,3}(뭐|무엇);;OBJECT:무엇",2
train_6428.jpg,train,OBJECT,OBJECT:무엇,1
train_6429.jpg,train,OBJECT,OBJECT:무엇,1
train_6430.jpg,train,COMPOSITE,"SPELLING:이름.{0,3}(뭐|무엇);;OBJECT:무엇",2
train_6431.jpg,train,UNKNOWN,,0
train_6432.jpg,train,COMPOSITE,"SPELLING:이름.{0,3}(뭐|무엇);;LOGO:브랜드;;OBJECT:무엇",3
train_6433.jpg,train,UNKNOWN,,0
train_6434.jpg,train,COMPOSITE,"SPELLING:이름.{0,3}(뭐|무엇);;OBJECT:무엇",2
train_6435.jpg,train,PRICE,PRICE:가격,1
train_6436.jpg,train,PRICE,PRICE:얼마,1
train_6437.jpg,train,COMPOSITE,NUMBER:번호;;OBJECT:무엇,2
train_6438.jpg,train,PRICE,PRICE:얼마,1
train_6439.jpg,train,OBJECT,OBJECT:무엇,1
train_6440.jpg,train,OBJECT,OBJECT:무엇,1
train_6441.jpg,train,OBJECT,OBJECT:무엇,1
train_6442.jpg,train,COMPOSITE,LOGO:브랜드;;OBJECT:무엇,2
train_6443.jpg,train,PRICE,PRICE:얼마,1
train_6444.jpg,train,UNKNOWN,,0
train_6445.jpg,train,PRICE,PRICE:가격,1
train_6446.jpg,train,COMPOSITE,SPELLING:글자;;OBJECT:무엇,2
train_6447.jpg,train,UNKNOWN,,0
train_6448.jpg,train,COMPOSITE,"SPELLING:이름.{0,3}(뭐|무엇);;OBJECT:무엇",2
train_6449.jpg,train,PRICE,PRICE:가격,1
train_6450.jpg,train,OBJECT,OBJECT:무엇,1
train_6451.jpg,train,OBJECT,OBJECT:무엇,1
train_6452.jpg,train,OBJECT,OBJECT:무엇,1
train_6453.jpg,train,OBJECT,OBJECT:무엇,1
train_6454.jpg,train,UNKNOWN,,0
train_6455.jpg,train,OBJECT,OBJECT:무엇,1
train_6456.jpg,train,COMPOSITE,"SPELLING:이름.{0,3}(뭐|무엇);;OBJECT:무엇",2
train_6457.jpg,train,PRICE,PRICE:얼마,1
train_6458.jpg,train,COMPOSITE,SPELLING:글자;;OBJECT:무엇,2
train_6459.jpg,train,OBJECT,OBJECT:무엇,1
train_6460.jpg,train,OBJECT,OBJECT:무엇,1
train_6461.jpg,train,COMPOSITE,OBJECT:무엇;;RELATION:위에,2
train_6462.jpg,train,OBJECT,OBJECT:무엇,1
train_6463.jpg,train,OBJECT,OBJECT:무엇,1
train_6464.jpg,train,COMPOSITE,"SPELLING:이름.{0,3}(뭐|무엇);;OBJECT:무엇",2
train_6465.jpg,train,COMPOSITE,OBJECT:무엇;;RELATION:오른쪽,2
train_6466.jpg,train,COMPOSITE,"SPELLING:이름.{0,3}(뭐|무엇);;OBJECT:무엇",2
train_6467.jpg,train,PRICE,PRICE:얼마,1
train_6468.jpg,train,OBJECT,OBJECT:무엇,1
train_6469.jpg,train,PRICE,PRICE:얼마,1
train_6470.jpg,train,COMPOSITE,NUMBER:번호;;OBJECT:무엇,2
train_6471.jpg,train,OBJECT,OBJECT:무엇,1
train_6472.jpg,train,OBJECT,OBJECT:무엇,1
train_6473.jpg,train,PRICE,PRICE:가격,1
train_6474.jpg,train,TIMEDATE,TIMEDATE:언제,1
train_6475.jpg,train,OBJECT,OBJECT:무엇,1
train_6476.jpg,train,OBJECT,OBJECT:무엇,1
train_6477.jpg,train,OBJECT,OBJECT:무엇,1
train_6478.jpg,train,OBJECT,OBJECT:무엇,1
train_6479.jpg,train,OBJECT,OBJECT:무엇,1
train_6480.jpg,train,OBJECT,OBJECT:무엇,1
train_6481.jpg,train,COMPOSITE,NUMBER:번호;;OBJECT:무엇,2
train_6482.jpg,train,OBJECT,OBJECT:무엇,1
train_6483.jpg,train,COMPOSITE,SPELLING:글자;;OBJECT:무엇,2
train_6484.jpg,train,COMPOSITE,"SPELLING:이름.{0,3}(뭐|무엇);;OBJECT:무엇",2
train_6485.jpg,train,COMPOSITE,PRICE:가격;;OBJECT:무엇,2
train_6486.jpg,train,COMPOSITE,NUMBER:번호;;OBJECT:무엇,2
train_6487.jpg,train,COMPOSITE,OBJECT:무엇;;RELATION:아래,2
train_6488.jpg,train,OBJECT,OBJECT:무엇,1
train_6489.jpg,train,TIMEDATE,TIMEDATE:기간,1
train_6490.jpg,train,COMPOSITE,"SPELLING:이름.{0,3}(뭐|무엇);;OBJECT:무엇",2
train_6491.jpg,train,COMPOSITE,"SPELLING:이름.{0,3}(뭐|무엇);;OBJECT:무엇",2
train_6492.jpg,train,OBJECT,OBJECT:무엇,1
train_6493.jpg,train,UNKNOWN,,0
train_6494.jpg,train,UNKNOWN,,0
train_6495.jpg,train,PRICE,PRICE:얼마,1
train_6496.jpg,train,COMPOSITE,"SPELLING:이름.{0,3}(뭐|무엇);;OBJECT:무엇",2
train_6497.jpg,train,PRICE,PRICE:얼마,1
train_6498.jpg,train,OBJECT,OBJECT:무엇,1
train_6499.jpg,train,TIMEDATE,TIMEDATE:기간,1
train_6500.jpg,train,COMPOSITE,"SPELLING:이름.{0,3}(뭐|무엇);;OBJECT:무엇",2
train_6501.jpg,train,UNKNOWN,,0
train_6502.jpg,train,PRICE,PRICE:가격,1
train_6503.jpg,train,OBJECT,OBJECT:무엇,1
train_6504.jpg,train,OBJECT,OBJECT:무엇,1
train_6505.jpg,train,OBJECT,OBJECT:무엇,1
train_6506.jpg,train,TIMEDATE,TIMEDATE:언제,1
train_6507.jpg,train,COMPOSITE,TIMEDATE:날짜;;OBJECT:무엇;;RELATION:왼쪽,3
train_6508.jpg,train,OBJECT,OBJECT:무엇,1
train_6509.jpg,train,COMPOSITE,"SPELLING:이름.{0,3}(뭐|무엇);;OBJECT:무엇",2
train_6510.jpg,train,COMPOSITE,NUMBER:번호;;OBJECT:무엇,2
train_6511.jpg,train,OBJECT,OBJECT:무엇,1
train_6512.jpg,train,PRICE,PRICE:얼마,1
train_6513.jpg,train,COMPOSITE,"SPELLING:이름.{0,3}(뭐|무엇);;OBJECT:무엇",2
train_6514.jpg,train,OBJECT,OBJECT:있(나요|습니까|어),1
train_6515.jpg,train,OBJECT,OBJECT:무엇,1
train_6516.jpg,train,OBJECT,OBJECT:무엇,1
train_6517.jpg,train,OBJECT,OBJECT:무엇,1
train_6518.jpg,train,COMPOSITE,"SPELLING:이름.{0,3}(뭐|무엇);;OBJECT:무엇",2
train_6519.jpg,train,COMPOSITE,"SPELLING:이름.{0,3}(뭐|무엇);;LOGO:브랜드;;OBJECT:무엇",3
train_6520.jpg,train,OBJECT,OBJECT:있(나요|습니까|어),1
train_6521.jpg,train,COMPOSITE,"SPELLING:이름.{0,3}(뭐|무엇);;OBJECT:무엇",2
train_6522.jpg,train,COMPOSITE,PRICE:얼마;;RELATION:위에,2
train_6523.jpg,train,COMPOSITE,"SPELLING:이름.{0,3}(뭐|무엇);;OBJECT:무엇",2
train_6524.jpg,train,PRICE,PRICE:가격,1
train_6525.jpg,train,COMPOSITE,NUMBER:번호;;OBJECT:무엇,2
train_6526.jpg,train,PRICE,PRICE:가격,1
train_6527.jpg,train,OBJECT,OBJECT:있(나요|습니까|어),1
train_6528.jpg,train,OBJECT,OBJECT:무엇,1
train_6529.jpg,train,OBJECT,OBJECT:무엇,1
train_6530.jpg,train,OBJECT,OBJECT:무엇,1
train_6531.jpg,train,OBJECT,OBJECT:무엇,1
train_6532.jpg,train,PRICE,PRICE:가격,1
train_6533.jpg,train,NUMBER,NUMBER:몇\s*개,1
train_6534.jpg,train,COMPOSITE,"SPELLING:이름.{0,3}(뭐|무엇);;OBJECT:무엇",2
train_6535.jpg,train,OBJECT,OBJECT:무엇,1
train_6536.jpg,train,OBJECT,OBJECT:무엇,1
train_6537.jpg,train,COMPOSITE,"SPELLING:이름.{0,3}(뭐|무엇);;OBJECT:무엇",2
train_6538.jpg,train,COMPOSITE,"SPELLING:이름.{0,3}(뭐|무엇);;OBJECT:무엇",2
train_6539.jpg,train,PRICE,PRICE:가격,1
train_6540.jpg,train,PRICE,PRICE:얼마,1
train_6541.jpg,train,OBJECT,OBJECT:무엇,1
train_6542.jpg,train,OBJECT,OBJECT:무엇,1
train_6543.jpg,train,COMPOSITE,PRICE:가격;;RELATION:오른쪽,2
train_6544.jpg,train,COMPOSITE,NUMBER:번호;;OBJECT:무엇,2
train_6545.jpg,train,OBJECT,OBJECT:무엇,1
train_6546.jpg,train,OBJECT,OBJECT:무엇,1
train_6547.jpg,train,COMPOSITE,"SPELLING:이름.{0,3}(뭐|무엇);;OBJECT:무엇",2
train_6548.jpg,train,COMPOSITE,"SPELLING:이름.{0,3}(뭐|무엇);;LOGO:브랜드;;OBJECT:무엇",3
train_6549.jpg,train,COMPOSITE,"SPELLING:이름.{0,3}(뭐|무엇);;OBJECT:무엇",2
train_6550.jpg,train,COMPOSITE,"SPELLING:이름.{0,3}(뭐|무엇);;OBJECT:무엇",2
train_6551.jpg,train,OBJECT,OBJECT:무엇,1
train_6552.jpg,train,OBJECT,OBJECT:무엇,1
train_6553.jpg,train,LOGO,LOGO:브랜드,1
train_6554.jpg,train,OBJECT,OBJECT:무엇,1
train_6555.jpg,train,OBJECT,OBJECT:무엇,1
train_6556.jpg,train,COMPOSITE,SPELLING:글자;;OBJECT:무엇,2
train_6557.jpg,train,PRICE,PRICE:얼마,1
train_6558.jpg,train,UNKNOWN,,0
train_6559.jpg,train,OBJECT,OBJECT:무엇,1
train_6560.jpg,train,OBJECT,OBJECT:무엇,1
train_6561.jpg,train,PRICE,PRICE:얼마,1
train_6562.jpg,train,COMPOSITE,"SPELLING:이름.{0,3}(뭐|무엇);;OBJECT:무엇",2
train_6563.jpg,train,OBJECT,OBJECT:무엇,1
train_6564.jpg,train,COMPOSITE,"SPELLING:이름.{0,3}(뭐|무엇);;OBJECT:무엇",2
train_6565.jpg,train,OBJECT,OBJECT:무엇,1
train_6566.jpg,train,OBJECT,OBJECT:무엇,1
train_6567.jpg,train,COMPOSITE,NUMBER:번호;;OBJECT:무엇,2
train_6568.jpg,train,OBJECT,OBJECT:무엇,1
train_6569.jpg,train,COMPOSITE,"SPELLING:이름.{0,3}(뭐|무엇);;OBJECT:무엇;;RELATION:옆에",3
train_6570.jpg,train,OBJECT,OBJECT:무엇,1
train_6571.jpg,train,PRICE,PRICE:가격,1
train_6572.jpg,train,UNKNOWN,,0
train_6573.jpg,train,OBJECT,OBJECT:무엇,1
train_6574.jpg,train,PRICE,PRICE:가격,1
train_6575.jpg,train,PRICE,PRICE:얼마,1
train_6576.jpg,train,OBJECT,OBJECT:무엇,1
train_6577.jpg,train,COMPOSITE,"SPELLING:이름.{0,3}(뭐|무엇);;OBJECT:무엇",2
train_6578.jpg,train,COMPOSITE,NUMBER:번호;;OBJECT:무엇,2
train_6579.jpg,train,OBJECT,OBJECT:무엇,1
train_6580.jpg,train,COMPOSITE,LOGO:상표;;OBJECT:무엇,2
train_6581.jpg,train,OBJECT,OBJECT:무엇,1
train_6582.jpg,train,COMPOSITE,OBJECT:무엇;;RELATION:옆에,2
train_6583.jpg,train,COMPOSITE,SPELLING:글자;;OBJECT:무엇,2
train_6584.jpg,train,OBJECT,OBJECT:무엇,1
train_6585.jpg,train,COMPOSITE,"SPELLING:이름.{0,3}(뭐|무엇);;OBJECT:무엇",2
train_6586.jpg,train,COMPOSITE,NUMBER:번호;;OBJECT:무엇,2
train_6587.jpg,train,OBJECT,OBJECT:무엇,1
train_6588.jpg,train,UNKNOWN,,0
train_6589.jpg,train,COMPOSITE,"SPELLING:이름.{0,3}(뭐|무엇);;OBJECT:무엇",2
train_6590.jpg,train,OBJECT,OBJECT:있(나요|습니까|어),1
train_6591.jpg,train,PRICE,PRICE:가격,1
train_6592.jpg,train,OBJECT,OBJECT:무엇,1
train_6593.jpg,train,NUMBER,NUMBER:번호,1
train_6594.jpg,train,COMPOSITE,"SPELLING:이름.{0,3}(뭐|무엇);;OBJECT:무엇",2
train_6595.jpg,train,OBJECT,OBJECT:무엇,1
train_6596.jpg,train,COMPOSITE,"SPELLING:이름.{0,3}(뭐|무엇);;LOGO:브랜드;;OBJECT:무엇",3
train_6597.jpg,train,OBJECT,OBJECT:있(나요|습니까|어),1
train_6598.jpg,train,COMPOSITE,OBJECT:무엇;;RELATION:위에,2
train_6599.jpg,train,COMPOSITE,PRICE:가격;;OBJECT:무엇,2
train_6600.jpg,train,COMPOSITE,"SPELLING:이름.{0,3}(뭐|무엇);;OBJECT:무엇",2
train_6601.jpg,train,OBJECT,OBJECT:무엇,1
train_6602.jpg,train,COMPOSITE,OBJECT:무엇;;RELATION:옆에,2
train_6603.jpg,train,COMPOSITE,NUMBER:번호;;OBJECT:무엇,2
train_6604.jpg,train,OBJECT,OBJECT:무엇,1
train_6605.jpg,train,OBJECT,OBJECT:무엇,1
train_6606.jpg,train,OBJECT,OBJECT:무엇,1
train_6607.jpg,train,PRICE,PRICE:얼마,1
train_6608.jpg,train,COMPOSITE,"SPELLING:이름.{0,3}(뭐|무엇);;OBJECT:무엇",2
train_6609.jpg,train,UNKNOWN,,0
train_6610.jpg,train,COMPOSITE,PRICE:가격;;OBJECT:무엇,2
train_6611.jpg,train,OBJECT,OBJECT:무엇,1
train_6612.jpg,train,UNKNOWN,,0
train_6613.jpg,train,OBJECT,OBJECT:무엇,1
train_6614.jpg,train,COMPOSITE,SPELLING:글자;;OBJECT:무엇,2
train_6615.jpg,train,UNKNOWN,,0
train_6616.jpg,train,OBJECT,OBJECT:무엇,1
train_6617.jpg,train,OBJECT,OBJECT:무엇,1
train_6618.jpg,train,OBJECT,OBJECT:있(나요|습니까|어),1
train_6619.jpg,train,PRICE,PRICE:얼마,1
train_6620.jpg,train,PRICE,PRICE:가격,1
train_6621.jpg,train,PRICE,PRICE:가격,1
train_6622.jpg,train,COMPOSITE,OBJECT:무엇;;RELATION:왼쪽,2
train_6623.jpg,train,OBJECT,OBJECT:무엇,1
train_6624.jpg,train,PRICE,PRICE:가격,1
train_6625.jpg,train,PRICE,PRICE:가격,1
train_6626.jpg,train,UNKNOWN,,0
train_6627.jpg,train,COMPOSITE,OBJECT:무엇;;RELATION:왼쪽,2
train_6628.jpg,train,OBJECT,OBJECT:무엇,1
train_6629.jpg,train,COMPOSITE,"SPELLING:이름.{0,3}(뭐|무엇);;OBJECT:무엇",2
train_6630.jpg,train,COMPOSITE,"SPELLING:이름.{0,3}(뭐|무엇);;OBJECT:무엇",2
train_6631.jpg,train,OBJECT,OBJECT:무엇,1
train_6632.jpg,train,PRICE,PRICE:가격,1
train_6633.jpg,train,COMPOSITE,"SPELLING:이름.{0,3}(뭐|무엇);;OBJECT:무엇",2
train_6634.jpg,train,COMPOSITE,"SPELLING:이름.{0,3}(뭐|무엇);;OBJECT:무엇",2
train_6635.jpg,train,OBJECT,OBJECT:무엇,1
train_6636.jpg,train,OBJECT,OBJECT:무엇,1
train_6637.jpg,train,OBJECT,OBJECT:무엇,1
train_6638.jpg,train,PRICE,PRICE:가격,1
train_6639.jpg,train,COMPOSITE,"SPELLING:이름.{0,3}(뭐|무엇);;OBJECT:무엇",2
train_6640.jpg,train,PRICE,PRICE:얼마,1
train_6641.jpg,train,COMPOSITE,"SPELLING:이름.{0,3}(뭐|무엇);;OBJECT:무엇;;RELATION:위에",3
train_6642.jpg,train,RELATION,RELATION:순서,1
train_6643.jpg,train,OBJECT,OBJECT:무엇,1
train_6644.jpg,train,PRICE,PRICE:얼마,1
train_6645.jpg,train,COMPOSITE,NUMBER:번호;;OBJECT:무엇,2
train_6646.jpg,train,TIMEDATE,TIMEDATE:언제,1
train_6647.jpg,train,PRICE,PRICE:얼마,1
train_6648.jpg,train,COMPOSITE,NUMBER:번호;;OBJECT:무엇,2
train_6649.jpg,train,TIMEDATE,TIMEDATE:언제,1
train_6650.jpg,train,COMPOSITE,"SPELLING:이름.{0,3}(뭐|무엇);;OBJECT:무엇",2
train_6651.jpg,train,COMPOSITE,"SPELLING:이름.{0,3}(뭐|무엇);;OBJECT:무엇",2
train_6652.jpg,train,UNKNOWN,,0
train_6653.jpg,train,OBJECT,OBJECT:무엇,1
train_6654.jpg,train,PRICE,PRICE:가격,1
train_6655.jpg,train,OBJECT,OBJECT:무엇,1
train_6656.jpg,train,OBJECT,OBJECT:무엇,1
train_6657.jpg,train,UNKNOWN,,0
train_6658.jpg,train,OBJECT,OBJECT:무엇,1
train_6659.jpg,train,OBJECT,OBJECT:무엇,1
train_6660.jpg,train,TIMEDATE,TIMEDATE:언제,1
train_6661.jpg,train,OBJECT,OBJECT:무엇,1
train_6662.jpg,train,OBJECT,OBJECT:무엇,1
train_6663.jpg,train,OBJECT,OBJECT:무엇,1
train_6664.jpg,train,COMPOSITE,"SPELLING:이름.{0,3}(뭐|무엇);;OBJECT:무엇",2
train_6665.jpg,train,UNKNOWN,,0
train_6666.jpg,train,OBJECT,OBJECT:무엇,1
train_6667.jpg,train,PRICE,PRICE:얼마,1
train_6668.jpg,train,OBJECT,OBJECT:무엇,1
train_6669.jpg,train,PRICE,PRICE:가격,1
train_6670.jpg,train,OBJECT,OBJECT:무엇,1
train_6671.jpg,train,COMPOSITE,NUMBER:번호;;OBJECT:무엇,2
train_6672.jpg,train,COMPOSITE,"SPELLING:이름.{0,3}(뭐|무엇);;OBJECT:무엇",2
train_6673.jpg,train,PRICE,PRICE:가격,1
train_6674.jpg,train,COMPOSITE,"SPELLING:이름.{0,3}(뭐|무엇);;LOGO:브랜드;;OBJECT:무엇",3
train_6675.jpg,train,OBJECT,OBJECT:무엇,1
train_6676.jpg,train,UNKNOWN,,0
train_6677.jpg,train,COMPOSITE,LOGO:브랜드;;OBJECT:무엇,2
train_6678.jpg,train,OBJECT,OBJECT:무엇,1
train_6679.jpg,train,UNKNOWN,,0
train_6680.jpg,train,OBJECT,OBJECT:무엇,1
train_6681.jpg,train,UNKNOWN,,0
train_6682.jpg,train,COMPOSITE,NUMBER:번호;;OBJECT:무엇,2
train_6683.jpg,train,COMPOSITE,"SPELLING:이름.{0,3}(뭐|무엇);;OBJECT:무엇",2
train_6684.jpg,train,OBJECT,OBJECT:있(나요|습니까|어),1
train_6685.jpg,train,OBJECT,OBJECT:무엇,1
train_6686.jpg,train,PRICE,PRICE:가격,1
train_6687.jpg,train,UNKNOWN,,0
train_6688.jpg,train,OBJECT,OBJECT:무엇,1
train_6689.jpg,train,COMPOSITE,OBJECT:무엇;;RELATION:아래,2
train_6690.jpg,train,COMPOSITE,NUMBER:번호;;OBJECT:무엇,2
train_6691.jpg,train,COMPOSITE,SPELLING:글자;;OBJECT:무엇,2
train_6692.jpg,train,COMPOSITE,"SPELLING:이름.{0,3}(뭐|무엇);;OBJECT:무엇",2
train_6693.jpg,train,OBJECT,OBJECT:무엇,1
train_6694.jpg,train,OBJECT,OBJECT:무엇,1
train_6695.jpg,train,OBJECT,OBJECT:무엇,1
train_6696.jpg,train,COMPOSITE,NUMBER:번호;;OBJECT:무엇,2
train_6697.jpg,train,UNKNOWN,,0
train_6698.jpg,train,COMPOSITE,"SPELLING:이름.{0,3}(뭐|무엇);;OBJECT:무엇",2
train_6699.jpg,train,OBJECT,OBJECT:무엇,1
train_6700.jpg,train,COMPOSITE,NUMBER:번호;;OBJECT:무엇,2
train_6701.jpg,train,COMPOSITE,SPELLING:글자;;OBJECT:무엇;;RELATION:오른쪽,3
train_6702.jpg,train,PRICE,PRICE:가격,1
train_6703.jpg,train,COMPOSITE,SPELLING:글자;;OBJECT:무엇,2
train_6704.jpg,train,COMPOSITE,"SPELLING:이름.{0,3}(뭐|무엇);;OBJECT:무엇",2
train_6705.jpg,train,TIMEDATE,TIMEDATE:언제,1
train_6706.jpg,train,OBJECT,OBJECT:무엇,1
train_6707.jpg,train,OBJECT,OBJECT:무엇,1
train_6708.jpg,train,COMPOSITE,"SPELLING:이름.{0,3}(뭐|무엇);;OBJECT:무엇",2
train_6709.jpg,train,COMPOSITE,"SPELLING:이름.{0,3}(뭐|무엇);;OBJECT:무엇",2
train_6710.jpg,train,OBJECT,OBJECT:무엇,1
train_6711.jpg,train,OBJECT,OBJECT:무엇,1
train_6712.jpg,train,COMPOSITE,"SPELLING:이름.{0,3}(뭐|무엇);;OBJECT:무엇",2
train_6713.jpg,train,PRICE,PRICE:얼마,1
train_6714.jpg,train,OBJECT,OBJECT:무엇,1
dev_0001.jpg,dev,OBJECT,OBJECT:무엇,1
dev_0002.jpg,dev,PRICE,PRICE:가격,1
dev_0003.jpg,dev,COMPOSITE,NUMBER:번호;;OBJECT:무엇;;RELATION:오른쪽,3
dev_0004.jpg,dev,COMPOSITE,PRICE:얼마;;OBJECT:있(나요|습니까|어),2
dev_0005.jpg,dev,COMPOSITE,NUMBER:번호;;OBJECT:무엇,2
dev_0006.jpg,dev,UNKNOWN,,0
dev_0007.jpg,dev,UNKNOWN,,0
dev_0008.jpg,dev,OBJECT,OBJECT:무엇,1
dev_0009.jpg,dev,OBJECT,OBJECT:무엇,1
dev_0010.jpg,dev,UNKNOWN,,0
dev_0011.jpg,dev,PRICE,PRICE:가격,1
dev_0012.jpg,dev,COMPOSITE,"SPELLING:이름.{0,3}(뭐|무엇);;OBJECT:무엇",2
dev_0013.jpg,dev,OBJECT,OBJECT:무엇,1
dev_0014.jpg,dev,OBJECT,OBJECT:무엇,1
dev_0015.jpg,dev,OBJECT,OBJECT:무엇,1
dev_0016.jpg,dev,OBJECT,OBJECT:무엇,1
dev_0017.jpg,dev,OBJECT,OBJECT:무엇,1
dev_0018.jpg,dev,COMPOSITE,"SPELLING:이름.{0,3}(뭐|무엇);;OBJECT:무엇",2
dev_0019.jpg,dev,PRICE,PRICE:가격,1
dev_0020.jpg,dev,OBJECT,OBJECT:있(나요|습니까|어),1
dev_0021.jpg,dev,TIMEDATE,TIMEDATE:기간,1
dev_0022.jpg,dev,OBJECT,OBJECT:무엇,1
dev_0023.jpg,dev,OBJECT,OBJECT:무엇,1
dev_0024.jpg,dev,COMPOSITE,"SPELLING:이름.{0,3}(뭐|무엇);;OBJECT:무엇",2
dev_0025.jpg,dev,OBJECT,OBJECT:무엇,1
dev_0026.jpg,dev,UNKNOWN,,0
dev_0027.jpg,dev,COMPOSITE,OBJECT:무엇;;RELATION:위에,2
dev_0028.jpg,dev,COMPOSITE,PRICE:가격;;OBJECT:무엇,2
dev_0029.jpg,dev,OBJECT,OBJECT:무엇,1
dev_0030.jpg,dev,UNKNOWN,,0
dev_0031.jpg,dev,OBJECT,OBJECT:무엇,1
dev_0032.jpg,dev,NUMBER,NUMBER:몇\s*개,1
dev_0033.jpg,dev,OBJECT,OBJECT:무엇,1
dev_0034.jpg,dev,OBJECT,OBJECT:무엇,1
dev_0035.jpg,dev,OBJECT,OBJECT:무엇,1
dev_0036.jpg,dev,COMPOSITE,"SPELLING:이름.{0,3}(뭐|무엇);;OBJECT:무엇",2
dev_0037.jpg,dev,UNKNOWN,,0
dev_0038.jpg,dev,OBJECT,OBJECT:무엇,1
dev_0039.jpg,dev,OBJECT,OBJECT:있(나요|습니까|어),1
dev_0040.jpg,dev,OBJECT,OBJECT:무엇,1
dev_0041.jpg,dev,COMPOSITE,"SPELLING:이름.{0,3}(뭐|무엇);;OBJECT:무엇",2
dev_0042.jpg,dev,PRICE,PRICE:가격,1
dev_0043.jpg,dev,OBJECT,OBJECT:무엇,1
dev_0044.jpg,dev,COMPOSITE,OBJECT:무엇;;RELATION:오른쪽,2
dev_0045.jpg,dev,COMPOSITE,"SPELLING:이름.{0,3}(뭐|무엇);;OBJECT:무엇",2
dev_0046.jpg,dev,OBJECT,OBJECT:무엇,1
dev_0047.jpg,dev,OBJECT,OBJECT:무엇,1
dev_0048.jpg,dev,OBJECT,OBJECT:무엇,1
dev_0049.jpg,dev,OBJECT,OBJECT:무엇,1
dev_0050.jpg,dev,OBJECT,OBJECT:무엇,1
dev_0051.jpg,dev,UNKNOWN,,0
dev_0052.jpg,dev,OBJECT,OBJECT:무엇,1
dev_0053.jpg,dev,OBJECT,OBJECT:무엇,1
dev_0054.jpg,dev,PRICE,PRICE:가격,1
dev_0055.jpg,dev,OBJECT,OBJECT:무엇,1
dev_0056.jpg,dev,OBJECT,OBJECT:무엇,1
dev_0057.jpg,dev,OBJECT,OBJECT:무엇,1
dev_0058.jpg,dev,OBJECT,OBJECT:무엇,1
dev_0059.jpg,dev,COMPOSITE,OBJECT:무엇;;RELATION:왼쪽,2
dev_0060.jpg,dev,COMPOSITE,LOGO:브랜드;;OBJECT:무엇,2
dev_0061.jpg,dev,OBJECT,OBJECT:무엇,1
dev_0062.jpg,dev,OBJECT,OBJECT:무엇,1
dev_0063.jpg,dev,OBJECT,OBJECT:무엇,1
dev_0064.jpg,dev,OBJECT,OBJECT:무엇,1
dev_0065.jpg,dev,PRICE,PRICE:가격,1
dev_0066.jpg,dev,COMPOSITE,PRICE:얼마;;OBJECT:있(나요|습니까|어),2
dev_0067.jpg,dev,OBJECT,OBJECT:무엇,1
dev_0068.jpg,dev,OBJECT,OBJECT:무엇,1
dev_0069.jpg,dev,COMPOSITE,OBJECT:무엇;;RELATION:옆에,2
dev_0070.jpg,dev,COMPOSITE,"SPELLING:이름.{0,3}(뭐|무엇);;OBJECT:무엇",2
dev_0071.jpg,dev,OBJECT,OBJECT:무엇,1
dev_0072.jpg,dev,OBJECT,OBJECT:무엇,1
dev_0073.jpg,dev,OBJECT,OBJECT:무엇,1
dev_0074.jpg,dev,COMPOSITE,"SPELLING:이름.{0,3}(뭐|무엇);;OBJECT:무엇",2
dev_0075.jpg,dev,COMPOSITE,NUMBER:번호;;OBJECT:무엇,2
dev_0076.jpg,dev,COMPOSITE,"SPELLING:이름.{0,3}(뭐|무엇);;OBJECT:무엇",2
dev_0077.jpg,dev,OBJECT,OBJECT:무엇,1
dev_0078.jpg,dev,OBJECT,OBJECT:무엇,1
dev_0079.jpg,dev,OBJECT,OBJECT:무엇,1
dev_0080.jpg,dev,COMPOSITE,NUMBER:번호;;OBJECT:무엇,2
dev_0081.jpg,dev,OBJECT,OBJECT:무엇,1
dev_0082.jpg,dev,OBJECT,OBJECT:무엇,1
dev_0083.jpg,dev,PRICE,PRICE:가격,1
dev_0084.jpg,dev,COMPOSITE,"SPELLING:이름.{0,3}(뭐|무엇);;OBJECT:무엇",2
dev_0085.jpg,dev,TIMEDATE,TIMEDATE:언제,1
dev_0086.jpg,dev,OBJECT,OBJECT:무엇,1
dev_0087.jpg,dev,PRICE,PRICE:가격,1
dev_0088.jpg,dev,OBJECT,OBJECT:무엇,1
dev_0089.jpg,dev,PRICE,PRICE:가격,1
dev_0090.jpg,dev,COMPOSITE,"SPELLING:이름.{0,3}(뭐|무엇);;OBJECT:무엇",2
dev_0091.jpg,dev,PRICE,PRICE:가격,1
dev_0092.jpg,dev,OBJECT,OBJECT:무엇,1
dev_0093.jpg,dev,PRICE,PRICE:얼마,1
dev_0094.jpg,dev,PRICE,PRICE:가격,1
dev_0095.jpg,dev,COMPOSITE,"SPELLING:이름.{0,3}(뭐|무엇);;OBJECT:무엇",2
dev_0096.jpg,dev,OBJECT,OBJECT:무엇,1
dev_0097.jpg,dev,TIMEDATE,TIMEDATE:언제,1
dev_0098.jpg,dev,COMPOSITE,NUMBER:번호;;OBJECT:무엇,2
dev_0099.jpg,dev,OBJECT,OBJECT:무엇,1
dev_0100.jpg,dev,OBJECT,OBJECT:무엇,1
dev_0101.jpg,dev,UNKNOWN,,0
dev_0102.jpg,dev,COMPOSITE,SPELLING:글자;;OBJECT:무엇,2
dev_0103.jpg,dev,OBJECT,OBJECT:무엇,1
dev_0104.jpg,dev,OBJECT,OBJECT:무엇,1
dev_0105.jpg,dev,COMPOSITE,NUMBER:번호;;OBJECT:무엇,2
dev_0106.jpg,dev,UNKNOWN,,0
dev_0107.jpg,dev,COMPOSITE,"SPELLING:이름.{0,3}(뭐|무엇);;OBJECT:무엇",2
dev_0108.jpg,dev,OBJECT,OBJECT:무엇,1
dev_0109.jpg,dev,COMPOSITE,"SPELLING:이름.{0,3}(뭐|무엇);;OBJECT:무엇",2
dev_0110.jpg,dev,COMPOSITE,"SPELLING:이름.{0,3}(뭐|무엇);;LOGO:브랜드;;OBJECT:무엇",3
dev_0111.jpg,dev,PRICE,PRICE:가격,1
dev_0112.jpg,dev,TIMEDATE,TIMEDATE:언제,1
dev_0113.jpg,dev,OBJECT,OBJECT:무엇,1
dev_0114.jpg,dev,COMPOSITE,"SPELLING:이름.{0,3}(뭐|무엇);;OBJECT:무엇",2
dev_0115.jpg,dev,OBJECT,OBJECT:있(나요|습니까|어),1
dev_0116.jpg,dev,PRICE,PRICE:가격,1
dev_0117.jpg,dev,COMPOSITE,TABLE:표에서;;OBJECT:무엇;;RELATION:옆에,3
dev_0118.jpg,dev,OBJECT,OBJECT:있(나요|습니까|어),1
dev_0119.jpg,dev,UNKNOWN,,0
dev_0120.jpg,dev,COMPOSITE,PRICE:가격;;OBJECT:무엇,2
dev_0121.jpg,dev,COMPOSITE,OBJECT:무엇;;RELATION:왼쪽,2
dev_0122.jpg,dev,OBJECT,OBJECT:무엇,1
dev_0123.jpg,dev,PRICE,PRICE:얼마,1
dev_0124.jpg,dev,SPELLING,SPELLING:글자,1
dev_0125.jpg,dev,OBJECT,OBJECT:무엇,1
dev_0126.jpg,dev,COMPOSITE,"SPELLING:이름.{0,3}(뭐|무엇);;NUMBER:번호;;OBJECT:무엇",3
dev_0127.jpg,dev,UNKNOWN,,0
dev_0128.jpg,dev,OBJECT,OBJECT:무엇,1
dev_0129.jpg,dev,COMPOSITE,NUMBER:번호;;OBJECT:무엇,2
dev_0130.jpg,dev,OBJECT,OBJECT:무엇,1
dev_0131.jpg,dev,TIMEDATE,TIMEDATE:언제,1
dev_0132.jpg,dev,COMPOSITE,OBJECT:무엇;;RELATION:왼쪽,2
dev_0133.jpg,dev,COMPOSITE,"SPELLING:이름.{0,3}(뭐|무엇);;OBJECT:무엇",2
dev_0134.jpg,dev,OBJECT,OBJECT:무엇,1
dev_0135.jpg,dev,OBJECT,OBJECT:무엇,1
dev_0136.jpg,dev,OBJECT,OBJECT:무엇,1
dev_0137.jpg,dev,COMPOSITE,TIMEDATE:요일;;OBJECT:무엇,2
dev_0138.jpg,dev,COMPOSITE,"SPELLING:이름.{0,3}(뭐|무엇);;OBJECT:무엇",2
dev_0139.jpg,dev,OBJECT,OBJECT:무엇,1
dev_0140.jpg,dev,PRICE,PRICE:비용,1
dev_0141.jpg,dev,COMPOSITE,SPELLING:글자;;OBJECT:무엇;;RELATION:위에,3
dev_0142.jpg,dev,COMPOSITE,"SPELLING:이름.{0,3}(뭐|무엇);;OBJECT:무엇",2
dev_0143.jpg,dev,OBJECT,OBJECT:무엇,1
dev_0144.jpg,dev,UNKNOWN,,0
dev_0145.jpg,dev,PRICE,PRICE:가격,1
dev_0146.jpg,dev,OBJECT,OBJECT:무엇,1
dev_0147.jpg,dev,OBJECT,OBJECT:무엇,1
dev_0148.jpg,dev,COMPOSITE,PRICE:가격;;OBJECT:무엇;;RELATION:옆에,3
dev_0149.jpg,dev,COMPOSITE,NUMBER:번호;;OBJECT:무엇,2
dev_0150.jpg,dev,OBJECT,OBJECT:무엇,1
dev_0151.jpg,dev,OBJECT,OBJECT:무엇,1
dev_0152.jpg,dev,OBJECT,OBJECT:무엇,1
dev_0153.jpg,dev,OBJECT,OBJECT:무엇,1
dev_0154.jpg,dev,OBJECT,OBJECT:무엇,1
dev_0155.jpg,dev,OBJECT,OBJECT:무엇,1
dev_0156.jpg,dev,OBJECT,OBJECT:무엇,1
dev_0157.jpg,dev,UNKNOWN,,0
dev_0158.jpg,dev,OBJECT,OBJECT:무엇,1
dev_0159.jpg,dev,OBJECT,OBJECT:무엇,1
dev_0160.jpg,dev,TIMEDATE,TIMEDATE:언제,1
dev_0161.jpg,dev,OBJECT,OBJECT:무엇,1
dev_0162.jpg,dev,COMPOSITE,PRICE:가격;;RELATION:왼쪽,2
dev_0163.jpg,dev,OBJECT,OBJECT:무엇,1
dev_0164.jpg,dev,OBJECT,OBJECT:무엇,1
dev_0165.jpg,dev,OBJECT,OBJECT:무엇,1
dev_0166.jpg,dev,TIMEDATE,TIMEDATE:기간,1
dev_0167.jpg,dev,COMPOSITE,TIMEDATE:날짜;;OBJECT:무엇,2
dev_0168.jpg,dev,OBJECT,OBJECT:무엇,1
dev_0169.jpg,dev,COMPOSITE,NUMBER:번호;;OBJECT:무엇,2
dev_0170.jpg,dev,UNKNOWN,,0
dev_0171.jpg,dev,OBJECT,OBJECT:무엇,1
dev_0172.jpg,dev,OBJECT,OBJECT:무엇,1
dev_0173.jpg,dev,UNKNOWN,,0
dev_0174.jpg,dev,PRICE,PRICE:얼마,1
dev_0175.jpg,dev,NUMBER,NUMBER:몇\s*개,1
dev_0176.jpg,dev,COMPOSITE,"SPELLING:이름.{0,3}(뭐|무엇);;OBJECT:무엇",2
dev_0177.jpg,dev,OBJECT,OBJECT:무엇,1
dev_0178.jpg,dev,COMPOSITE,PRICE:가격;;OBJECT:무엇,2
dev_0179.jpg,dev,OBJECT,OBJECT:무엇,1
dev_0180.jpg,dev,COMPOSITE,"SPELLING:이름.{0,3}(뭐|무엇);;OBJECT:무엇",2
dev_0181.jpg,dev,OBJECT,OBJECT:무엇,1
dev_0182.jpg,dev,COMPOSITE,"SPELLING:이름.{0,3}(뭐|무엇);;OBJECT:무엇",2
dev_0183.jpg,dev,OBJECT,OBJECT:무엇,1
dev_0184.jpg,dev,OBJECT,OBJECT:무엇,1
dev_0185.jpg,dev,OBJECT,OBJECT:무엇,1
dev_0186.jpg,dev,COMPOSITE,OBJECT:무엇;;RELATION:위에,2
dev_0187.jpg,dev,COMPOSITE,OBJECT:무엇;;RELATION:왼쪽,2
dev_0188.jpg,dev,OBJECT,OBJECT:무엇,1
dev_0189.jpg,dev,PRICE,PRICE:가격,1
dev_0190.jpg,dev,COMPOSITE,SPELLING:글자;;OBJECT:무엇,2
dev_0191.jpg,dev,COMPOSITE,NUMBER:번호;;OBJECT:무엇,2
dev_0192.jpg,dev,OBJECT,OBJECT:무엇,1
dev_0193.jpg,dev,COMPOSITE,OBJECT:무엇;;RELATION:아래,2
dev_0194.jpg,dev,COMPOSITE,PRICE:가격;;OBJECT:무엇,2
dev_0195.jpg,dev,PRICE,PRICE:가격,1
dev_0196.jpg,dev,OBJECT,OBJECT:무엇,1
dev_0197.jpg,dev,OBJECT,OBJECT:무엇,1
dev_0198.jpg,dev,COMPOSITE,"SPELLING:이름.{0,3}(뭐|무엇);;OBJECT:무엇",2
dev_0199.jpg,dev,COMPOSITE,"SPELLING:이름.{0,3}(뭐|무엇);;OBJECT:무엇",2
dev_0200.jpg,dev,OBJECT,OBJECT:무엇,1
dev_0201.jpg,dev,COMPOSITE,"SPELLING:이름.{0,3}(뭐|무엇);;OBJECT:무엇",2
dev_0202.jpg,dev,TIMEDATE,TIMEDATE:기간,1
dev_0203.jpg,dev,COMPOSITE,"SPELLING:이름.{0,3}(뭐|무엇);;OBJECT:무엇",2
dev_0204.jpg,dev,UNKNOWN,,0
dev_0205.jpg,dev,UNKNOWN,,0
dev_0206.jpg,dev,OBJECT,OBJECT:무엇,1
dev_0207.jpg,dev,OBJECT,OBJECT:있(나요|습니까|어),1
dev_0208.jpg,dev,COMPOSITE,NUMBER:몇\s*개;;OBJECT:있(나요|습니까|어),2
dev_0209.jpg,dev,PRICE,PRICE:얼마,1
dev_0210.jpg,dev,OBJECT,OBJECT:무엇,1
dev_0211.jpg,dev,COMPOSITE,"SPELLING:이름.{0,3}(뭐|무엇);;OBJECT:무엇",2
dev_0212.jpg,dev,OBJECT,OBJECT:무엇,1
dev_0213.jpg,dev,COMPOSITE,PRICE:가격;;OBJECT:무엇,2
dev_0214.jpg,dev,TIMEDATE,TIMEDATE:요일,1
dev_0215.jpg,dev,COMPOSITE,NUMBER:번호;;OBJECT:무엇,2
dev_0216.jpg,dev,COMPOSITE,"SPELLING:이름.{0,3}(뭐|무엇);;OBJECT:무엇",2
dev_0217.jpg,dev,UNKNOWN,,0
dev_0218.jpg,dev,OBJECT,OBJECT:무엇,1
dev_0219.jpg,dev,PRICE,PRICE:가격,1
dev_0220.jpg,dev,OBJECT,OBJECT:무엇,1
dev_0221.jpg,dev,OBJECT,OBJECT:무엇,1
dev_0222.jpg,dev,OBJECT,OBJECT:무엇,1
dev_0223.jpg,dev,COMPOSITE,"SPELLING:이름.{0,3}(뭐|무엇);;OBJECT:무엇",2
dev_0224.jpg,dev,OBJECT,OBJECT:무엇,1
dev_0225.jpg,dev,COMPOSITE,OBJECT:있(나요|습니까|어);;RELATION:왼쪽,2
dev_0226.jpg,dev,OBJECT,OBJECT:무엇,1
dev_0227.jpg,dev,OBJECT,OBJECT:무엇,1
dev_0228.jpg,dev,COMPOSITE,NUMBER:번호;;OBJECT:무엇,2
dev_0229.jpg,dev,PRICE,PRICE:가격,1
dev_0230.jpg,dev,OBJECT,OBJECT:무엇,1
dev_0231.jpg,dev,UNKNOWN,,0
dev_0232.jpg,dev,OBJECT,OBJECT:무엇,1
dev_0233.jpg,dev,OBJECT,OBJECT:무엇,1
dev_0234.jpg,dev,PRICE,PRICE:가격,1
dev_0235.jpg,dev,COMPOSITE,PRICE:가격;;OBJECT:무엇,2
dev_0236.jpg,dev,TIMEDATE,TIMEDATE:기간,1
dev_0237.jpg,dev,COMPOSITE,"SPELLING:이름.{0,3}(뭐|무엇);;OBJECT:무엇",2
dev_0238.jpg,dev,OBJECT,OBJECT:무엇,1
dev_0239.jpg,dev,OBJECT,OBJECT:무엇,1
dev_0240.jpg,dev,COMPOSITE,NUMBER:번호;;OBJECT:무엇,2
dev_0241.jpg,dev,COMPOSITE,TIMEDATE:영업\s*시간;;OBJECT:있(나요|습니까|어),2
dev_0242.jpg,dev,COMPOSITE,OBJECT:무엇;;RELATION:아래,2
dev_0243.jpg,dev,PRICE,PRICE:가격,1
dev_0244.jpg,dev,UNKNOWN,,0
dev_0245.jpg,dev,OBJECT,OBJECT:있(나요|습니까|어),1
dev_0246.jpg,dev,COMPOSITE,PRICE:가격;;OBJECT:무엇,2
dev_0247.jpg,dev,OBJECT,OBJECT:무엇,1
dev_0248.jpg,dev,COMPOSITE,"SPELLING:이름.{0,3}(뭐|무엇);;OBJECT:무엇",2
dev_0249.jpg,dev,OBJECT,OBJECT:무엇,1
dev_0250.jpg,dev,OBJECT,OBJECT:있(나요|습니까|어),1
dev_0251.jpg,dev,COMPOSITE,"SPELLING:이름.{0,3}(뭐|무엇);;LOGO:브랜드;;OBJECT:무엇",3
dev_0252.jpg,dev,COMPOSITE,OBJECT:무엇;;RELATION:아래,2
dev_0253.jpg,dev,OBJECT,OBJECT:있(나요|습니까|어),1
dev_0254.jpg,dev,OBJECT,OBJECT:무엇,1
dev_0255.jpg,dev,OBJECT,OBJECT:무엇,1
dev_0256.jpg,dev,UNKNOWN,,0
dev_0257.jpg,dev,UNKNOWN,,0
dev_0258.jpg,dev,OBJECT,OBJECT:무엇,1
dev_0259.jpg,dev,TIMEDATE,TIMEDATE:언제,1
dev_0260.jpg,dev,OBJECT,OBJECT:무엇,1
dev_0261.jpg,dev,PRICE,PRICE:가격,1
dev_0262.jpg,dev,OBJECT,OBJECT:무엇,1
dev_0263.jpg,dev,PRICE,PRICE:가격,1
dev_0264.jpg,dev,OBJECT,OBJECT:무엇,1
dev_0265.jpg,dev,OBJECT,OBJECT:무엇,1
dev_0266.jpg,dev,COMPOSITE,OBJECT:무엇;;RELATION:아래,2
dev_0267.jpg,dev,OBJECT,OBJECT:무엇,1
dev_0268.jpg,dev,COMPOSITE,NUMBER:번호;;OBJECT:무엇,2
dev_0269.jpg,dev,COMPOSITE,SPELLING:글자;;OBJECT:무엇,2
dev_0270.jpg,dev,TIMEDATE,TIMEDATE:언제,1
dev_0271.jpg,dev,UNKNOWN,,0
dev_0272.jpg,dev,PRICE,PRICE:가격,1
dev_0273.jpg,dev,OBJECT,OBJECT:무엇,1
dev_0274.jpg,dev,OBJECT,OBJECT:있(나요|습니까|어),1
dev_0275.jpg,dev,OBJECT,OBJECT:무엇,1
dev_0276.jpg,dev,COMPOSITE,PRICE:얼마;;OBJECT:있(나요|습니까|어),2
dev_0277.jpg,dev,OBJECT,OBJECT:무엇,1
dev_0278.jpg,dev,PRICE,PRICE:가격,1
dev_0279.jpg,dev,UNKNOWN,,0
dev_0280.jpg,dev,PRICE,PRICE:얼마,1
dev_0281.jpg,dev,COMPOSITE,NUMBER:개수;;OBJECT:무엇,2
dev_0282.jpg,dev,COMPOSITE,"SPELLING:이름.{0,3}(뭐|무엇);;OBJECT:무엇",2
dev_0283.jpg,dev,UNKNOWN,,0
dev_0284.jpg,dev,OBJECT,OBJECT:무엇,1
dev_0285.jpg,dev,UNKNOWN,,0
dev_0286.jpg,dev,PRICE,PRICE:가격,1
dev_0287.jpg,dev,PRICE,PRICE:가격,1
dev_0288.jpg,dev,COMPOSITE,PRICE:가격;;OBJECT:무엇,2
dev_0289.jpg,dev,PRICE,PRICE:얼마,1
dev_0290.jpg,dev,OBJECT,OBJECT:무엇,1
dev_0291.jpg,dev,COMPOSITE,"SPELLING:이름.{0,3}(뭐|무엇);;OBJECT:무엇",2
dev_0292.jpg,dev,OBJECT,OBJECT:무엇,1
dev_0293.jpg,dev,OBJECT,OBJECT:무엇,1
dev_0294.jpg,dev,OBJECT,OBJECT:무엇,1
dev_0295.jpg,dev,OBJECT,OBJECT:있(나요|습니까|어),1
dev_0296.jpg,dev,OBJECT,OBJECT:무엇,1
dev_0297.jpg,dev,COMPOSITE,NUMBER:번호;;OBJECT:무엇,2
dev_0298.jpg,dev,OBJECT,OBJECT:있(나요|습니까|어),1
dev_0299.jpg,dev,COMPOSITE,SPELLING:글자;;OBJECT:무엇,2
dev_0300.jpg,dev,PRICE,PRICE:가격,1
dev_0301.jpg,dev,OBJECT,OBJECT:무엇,1
dev_0302.jpg,dev,OBJECT,OBJECT:무엇,1
dev_0303.jpg,dev,OBJECT,OBJECT:있(나요|습니까|어),1
dev_0304.jpg,dev,TIMEDATE,TIMEDATE:언제,1
dev_0305.jpg,dev,COMPOSITE,"SPELLING:이름.{0,3}(뭐|무엇);;OBJECT:무엇",2
dev_0306.jpg,dev,COMPOSITE,OBJECT:무엇;;RELATION:위에,2
dev_0307.jpg,dev,OBJECT,OBJECT:무엇,1
dev_0308.jpg,dev,OBJECT,OBJECT:무엇,1
dev_0309.jpg,dev,COMPOSITE,"SPELLING:이름.{0,3}(뭐|무엇);;OBJECT:무엇;;RELATION:오른쪽",3
dev_0310.jpg,dev,OBJECT,OBJECT:무엇,1
dev_0311.jpg,dev,PRICE,PRICE:얼마,1
dev_0312.jpg,dev,OBJECT,OBJECT:무엇,1
dev_0313.jpg,dev,COMPOSITE,PRICE:가격;;OBJECT:무엇,2
dev_0314.jpg,dev,COMPOSITE,"SPELLING:이름.{0,3}(뭐|무엇);;LOGO:브랜드;;OBJECT:무엇",3
dev_0315.jpg,dev,OBJECT,OBJECT:무엇,1
dev_0316.jpg,dev,COMPOSITE,OBJECT:무엇;;RELATION:옆에,2
dev_0317.jpg,dev,OBJECT,OBJECT:무엇,1
dev_0318.jpg,dev,COMPOSITE,NUMBER:번호;;OBJECT:무엇,2
dev_0319.jpg,dev,OBJECT,OBJECT:무엇,1
dev_0320.jpg,dev,OBJECT,OBJECT:무엇,1
dev_0321.jpg,dev,COMPOSITE,"SPELLING:이름.{0,3}(뭐|무엇);;OBJECT:무엇",2
dev_0322.jpg,dev,COMPOSITE,"SPELLING:이름.{0,3}(뭐|무엇);;OBJECT:무엇",2
dev_0323.jpg,dev,OBJECT,OBJECT:무엇,1
dev_0324.jpg,dev,UNKNOWN,,0
dev_0325.jpg,dev,COMPOSITE,LOGO:브랜드;;OBJECT:무엇,2
dev_0326.jpg,dev,COMPOSITE,NUMBER:번호;;OBJECT:무엇,2
dev_0327.jpg,dev,PRICE,PRICE:가격,1
dev_0328.jpg,dev,COMPOSITE,PRICE:얼마;;NUMBER:번호,2
dev_0329.jpg,dev,RELATION,RELATION:아래,1
dev_0330.jpg,dev,PRICE,PRICE:얼마,1
dev_0331.jpg,dev,COMPOSITE,PRICE:얼마;;OBJECT:있(나요|습니까|어),2
dev_0332.jpg,dev,UNKNOWN,,0
dev_0333.jpg,dev,OBJECT,OBJECT:무엇,1
dev_0334.jpg,dev,COMPOSITE,OBJECT:무엇;;RELATION:오른쪽,2
dev_0335.jpg,dev,OBJECT,OBJECT:무엇,1
dev_0336.jpg,dev,COMPOSITE,"SPELLING:이름.{0,3}(뭐|무엇);;OBJECT:무엇",2
dev_0337.jpg,dev,OBJECT,OBJECT:무엇,1
dev_0338.jpg,dev,OBJECT,OBJECT:무엇,1
dev_0339.jpg,dev,COMPOSITE,"SPELLING:이름.{0,3}(뭐|무엇);;OBJECT:무엇",2
dev_0340.jpg,dev,OBJECT,OBJECT:무엇,1
dev_0341.jpg,dev,OBJECT,OBJECT:무엇,1
dev_0342.jpg,dev,PRICE,PRICE:가격,1
dev_0343.jpg,dev,COMPOSITE,NUMBER:번호;;OBJECT:무엇,2
dev_0344.jpg,dev,COMPOSITE,"SPELLING:이름.{0,3}(뭐|무엇);;OBJECT:무엇",2
dev_0345.jpg,dev,PRICE,PRICE:가격,1
dev_0346.jpg,dev,COMPOSITE,OBJECT:무엇;;RELATION:옆에,2
dev_0347.jpg,dev,OBJECT,OBJECT:무엇,1
dev_0348.jpg,dev,OBJECT,OBJECT:무엇,1
dev_0349.jpg,dev,OBJECT,OBJECT:무엇,1
dev_0350.jpg,dev,OBJECT,OBJECT:무엇,1
dev_0351.jpg,dev,COMPOSITE,SPELLING:글자;;OBJECT:무엇,2
dev_0352.jpg,dev,COMPOSITE,SPELLING:글자;;OBJECT:있(나요|습니까|어),2
dev_0353.jpg,dev,OBJECT,OBJECT:무엇,1
dev_0354.jpg,dev,OBJECT,OBJECT:무엇,1
dev_0355.jpg,dev,PRICE,PRICE:가격,1
dev_0356.jpg,dev,OBJECT,OBJECT:무엇,1
dev_0357.jpg,dev,OBJECT,OBJECT:무엇,1
dev_0358.jpg,dev,COMPOSITE,"SPELLING:이름.{0,3}(뭐|무엇);;OBJECT:무엇;;RELATION:위에",3
dev_0359.jpg,dev,OBJECT,OBJECT:무엇,1
dev_0360.jpg,dev,COMPOSITE,LOGO:브랜드;;OBJECT:무엇,2
dev_0361.jpg,dev,OBJECT,OBJECT:무엇,1
dev_0362.jpg,dev,OBJECT,OBJECT:무엇,1
dev_0363.jpg,dev,OBJECT,OBJECT:무엇,1
dev_0364.jpg,dev,OBJECT,OBJECT:무엇,1
dev_0365.jpg,dev,TIMEDATE,TIMEDATE:언제,1
dev_0366.jpg,dev,COMPOSITE,"SPELLING:이름.{0,3}(뭐|무엇);;OBJECT:무엇",2
dev_0367.jpg,dev,COMPOSITE,SPELLING:글자;;OBJECT:무엇;;RELATION:왼쪽,3
dev_0368.jpg,dev,UNKNOWN,,0
dev_0369.jpg,dev,OBJECT,OBJECT:무엇,1
dev_0370.jpg,dev,COMPOSITE,SPELLING:글자;;OBJECT:무엇,2
dev_0371.jpg,dev,PRICE,PRICE:얼마,1
dev_0372.jpg,dev,OBJECT,OBJECT:무엇,1
dev_0373.jpg,dev,COMPOSITE,"SPELLING:이름.{0,3}(뭐|무엇);;OBJECT:무엇",2
dev_0374.jpg,dev,UNKNOWN,,0
dev_0375.jpg,dev,OBJECT,OBJECT:무엇,1
dev_0376.jpg,dev,UNKNOWN,,0
dev_0377.jpg,dev,OBJECT,OBJECT:무엇,1
dev_0378.jpg,dev,UNKNOWN,,0
dev_0379.jpg,dev,COMPOSITE,NUMBER:번호;;OBJECT:무엇,2
dev_0380.jpg,dev,PRICE,PRICE:가격,1
dev_0381.jpg,dev,OBJECT,OBJECT:무엇,1
dev_0382.jpg,dev,OBJECT,OBJECT:무엇,1
dev_0383.jpg,dev,PRICE,PRICE:가격,1
dev_0384.jpg,dev,OBJECT,OBJECT:무엇,1
dev_0385.jpg,dev,OBJECT,OBJECT:무엇,1
dev_0386.jpg,dev,TIMEDATE,TIMEDATE:날짜,1
dev_0387.jpg,dev,UNKNOWN,,0
dev_0388.jpg,dev,COMPOSITE,OBJECT:무엇;;RELATION:위에,2
dev_0389.jpg,dev,TIMEDATE,TIMEDATE:영업\s*시간,1
dev_0390.jpg,dev,PRICE,PRICE:가격,1
dev_0391.jpg,dev,OBJECT,OBJECT:무엇,1
dev_0392.jpg,dev,PRICE,PRICE:얼마,1
dev_0393.jpg,dev,OBJECT,OBJECT:무엇,1
dev_0394.jpg,dev,OBJECT,OBJECT:무엇,1
dev_0395.jpg,dev,OBJECT,OBJECT:무엇,1
dev_0396.jpg,dev,PRICE,PRICE:가격,1
dev_0397.jpg,dev,COMPOSITE,"SPELLING:이름.{0,3}(뭐|무엇);;OBJECT:무엇",2
dev_0398.jpg,dev,COMPOSITE,TABLE:표에서;;OBJECT:무엇,2
dev_0399.jpg,dev,OBJECT,OBJECT:무엇,1
dev_0400.jpg,dev,OBJECT,OBJECT:있(나요|습니까|어),1
dev_0401.jpg,dev,PRICE,PRICE:얼마,1
dev_0402.jpg,dev,OBJECT,OBJECT:무엇,1
dev_0403.jpg,dev,COMPOSITE,PRICE:가격;;OBJECT:무엇,2
dev_0404.jpg,dev,TIMEDATE,TIMEDATE:기간,1
dev_0405.jpg,dev,TIMEDATE,TIMEDATE:언제,1
dev_0406.jpg,dev,OBJECT,OBJECT:무엇,1
dev_0407.jpg,dev,OBJECT,OBJECT:무엇,1
dev_0408.jpg,dev,COMPOSITE,SPELLING:글자;;OBJECT:무엇;;RELATION:위에,3
dev_0409.jpg,dev,OBJECT,OBJECT:무엇,1
dev_0410.jpg,dev,PRICE,PRICE:가격,1
dev_0411.jpg,dev,OBJECT,OBJECT:무엇,1
dev_0412.jpg,dev,OBJECT,OBJECT:무엇,1
dev_0413.jpg,dev,COMPOSITE,PRICE:가격;;OBJECT:무엇,2
dev_0414.jpg,dev,TIMEDATE,TIMEDATE:언제,1
dev_0415.jpg,dev,PRICE,PRICE:가격,1
dev_0416.jpg,dev,COMPOSITE,"SPELLING:이름.{0,3}(뭐|무엇);;OBJECT:무엇",2
dev_0417.jpg,dev,OBJECT,OBJECT:무엇,1
dev_0418.jpg,dev,OBJECT,OBJECT:무엇,1
dev_0419.jpg,dev,OBJECT,OBJECT:있(나요|습니까|어),1
dev_0420.jpg,dev,COMPOSITE,PRICE:가격;;OBJECT:무엇,2
dev_0421.jpg,dev,COMPOSITE,"SPELLING:이름.{0,3}(뭐|무엇);;OBJECT:무엇",2
dev_0422.jpg,dev,OBJECT,OBJECT:무엇,1
dev_0423.jpg,dev,PRICE,PRICE:가격,1
dev_0424.jpg,dev,OBJECT,OBJECT:무엇,1
dev_0425.jpg,dev,TIMEDATE,TIMEDATE:몇\s*시,1
dev_0426.jpg,dev,OBJECT,OBJECT:무엇,1
dev_0427.jpg,dev,OBJECT,OBJECT:무엇,1
dev_0428.jpg,dev,COMPOSITE,"SPELLING:이름.{0,3}(뭐|무엇);;OBJECT:무엇",2
dev_0429.jpg,dev,PRICE,PRICE:가격,1
dev_0430.jpg,dev,COMPOSITE,"SPELLING:이름.{0,3}(뭐|무엇);;OBJECT:무엇",2
dev_0431.jpg,dev,OBJECT,OBJECT:무엇,1
dev_0432.jpg,dev,COMPOSITE,"SPELLING:이름.{0,3}(뭐|무엇);;OBJECT:무엇",2
dev_0433.jpg,dev,PRICE,PRICE:얼마,1
dev_0434.jpg,dev,OBJECT,OBJECT:무엇,1
dev_0435.jpg,dev,COMPOSITE,"SPELLING:이름.{0,3}(뭐|무엇);;OBJECT:무엇",2
dev_0436.jpg,dev,OBJECT,OBJECT:무엇,1
dev_0437.jpg,dev,COMPOSITE,LOGO:브랜드;;OBJECT:무엇,2
dev_0438.jpg,dev,PRICE,PRICE:가격,1
dev_0439.jpg,dev,OBJECT,OBJECT:무엇,1
dev_0440.jpg,dev,COMPOSITE,SPELLING:글자;;OBJECT:무엇,2
dev_0441.jpg,dev,OBJECT,OBJECT:무엇,1
dev_0442.jpg,dev,UNKNOWN,,0
dev_0443.jpg,dev,TIMEDATE,TIMEDATE:몇\s*시,1
dev_0444.jpg,dev,UNKNOWN,,0
dev_0445.jpg,dev,COMPOSITE,"SPELLING:이름.{0,3}(뭐|무엇);;LOGO:브랜드;;OBJECT:무엇",3
dev_0446.jpg,dev,COMPOSITE,"SPELLING:이름.{0,3}(뭐|무엇);;OBJECT:무엇",2
dev_0447.jpg,dev,OBJECT,OBJECT:무엇,1
dev_0448.jpg,dev,COMPOSITE,PRICE:가격;;OBJECT:무엇,2
dev_0449.jpg,dev,OBJECT,OBJECT:무엇,1
dev_0450.jpg,dev,COMPOSITE,"SPELLING:이름.{0,3}(뭐|무엇);;OBJECT:무엇",2
dev_0451.jpg,dev,PRICE,PRICE:얼마,1
dev_0452.jpg,dev,TIMEDATE,TIMEDATE:언제,1
dev_0453.jpg,dev,OBJECT,OBJECT:무엇,1
dev_0454.jpg,dev,COMPOSITE,"SPELLING:이름.{0,3}(뭐|무엇);;OBJECT:무엇;;RELATION:왼쪽",3
dev_0455.jpg,dev,TIMEDATE,TIMEDATE:언제,1
dev_0456.jpg,dev,TIMEDATE,TIMEDATE:요일,1
dev_0457.jpg,dev,OBJECT,OBJECT:무엇,1
dev_0458.jpg,dev,OBJECT,OBJECT:무엇,1
dev_0459.jpg,dev,OBJECT,OBJECT:무엇,1
dev_0460.jpg,dev,OBJECT,OBJECT:무엇,1
dev_0461.jpg,dev,PRICE,PRICE:얼마,1
dev_0462.jpg,dev,TIMEDATE,TIMEDATE:언제,1
dev_0463.jpg,dev,OBJECT,OBJECT:무엇,1
dev_0464.jpg,dev,TIMEDATE,TIMEDATE:언제,1
dev_0465.jpg,dev,OBJECT,OBJECT:무엇,1
dev_0466.jpg,dev,UNKNOWN,,0
dev_0467.jpg,dev,OBJECT,OBJECT:무엇,1
dev_0468.jpg,dev,OBJECT,OBJECT:무엇,1
dev_0469.jpg,dev,OBJECT,OBJECT:무엇,1
dev_0470.jpg,dev,OBJECT,OBJECT:무엇,1
dev_0471.jpg,dev,UNKNOWN,,0
dev_0472.jpg,dev,OBJECT,OBJECT:무엇,1
dev_0473.jpg,dev,UNKNOWN,,0
dev_0474.jpg,dev,COMPOSITE,OBJECT:무엇;;RELATION:아래,2
dev_0475.jpg,dev,OBJECT,OBJECT:무엇,1
dev_0476.jpg,dev,COMPOSITE,NUMBER:번호;;OBJECT:무엇,2
dev_0477.jpg,dev,OBJECT,OBJECT:무엇,1
dev_0478.jpg,dev,OBJECT,OBJECT:무엇,1
dev_0479.jpg,dev,OBJECT,OBJECT:무엇,1
dev_0480.jpg,dev,UNKNOWN,,0
dev_0481.jpg,dev,COMPOSITE,"SPELLING:이름.{0,3}(뭐|무엇);;OBJECT:무엇",2
dev_0482.jpg,dev,UNKNOWN,,0
dev_0483.jpg,dev,COMPOSITE,SPELLING:글자;;OBJECT:무엇;;RELATION:아래,3
dev_0484.jpg,dev,TIMEDATE,TIMEDATE:언제,1
dev_0485.jpg,dev,OBJECT,OBJECT:무엇,1
dev_0486.jpg,dev,OBJECT,OBJECT:무엇,1
dev_0487.jpg,dev,UNKNOWN,,0
dev_0488.jpg,dev,OBJECT,OBJECT:무엇,1
dev_0489.jpg,dev,COMPOSITE,"SPELLING:이름.{0,3}(뭐|무엇);;LOGO:브랜드;;OBJECT:무엇;;RELATION:위에",4
dev_0490.jpg,dev,OBJECT,OBJECT:무엇,1
dev_0491.jpg,dev,UNKNOWN,,0
dev_0492.jpg,dev,OBJECT,OBJECT:무엇,1
dev_0493.jpg,dev,OBJECT,OBJECT:무엇,1
dev_0494.jpg,dev,PRICE,PRICE:가격,1
dev_0495.jpg,dev,OBJECT,OBJECT:무엇,1
dev_0496.jpg,dev,OBJECT,OBJECT:무엇,1
dev_0497.jpg,dev,PRICE,PRICE:가격,1
dev_0498.jpg,dev,OBJECT,OBJECT:무엇,1
dev_0499.jpg,dev,COMPOSITE,"SPELLING:이름.{0,3}(뭐|무엇);;OBJECT:무엇",2
dev_0500.jpg,dev,OBJECT,OBJECT:있(나요|습니까|어),1
dev_0501.jpg,dev,PRICE,PRICE:얼마,1
dev_0502.jpg,dev,OBJECT,OBJECT:무엇,1
dev_0503.jpg,dev,PRICE,PRICE:가격,1
dev_0504.jpg,dev,OBJECT,OBJECT:무엇,1
dev_0505.jpg,dev,UNKNOWN,,0
dev_0506.jpg,dev,OBJECT,OBJECT:무엇,1
dev_0507.jpg,dev,COMPOSITE,TIMEDATE:언제;;OBJECT:있(나요|습니까|어),2
dev_0508.jpg,dev,PRICE,PRICE:가격,1
dev_0509.jpg,dev,OBJECT,OBJECT:무엇,1
dev_0510.jpg,dev,COMPOSITE,"SPELLING:이름.{0,3}(뭐|무엇);;OBJECT:무엇",2
dev_0511.jpg,dev,COMPOSITE,NUMBER:번호;;OBJECT:무엇,2
dev_0512.jpg,dev,COMPOSITE,NUMBER:번호;;OBJECT:무엇,2
dev_0513.jpg,dev,TIMEDATE,TIMEDATE:기간,1
dev_0514.jpg,dev,TIMEDATE,TIMEDATE:몇\s*시,1
dev_0515.jpg,dev,COMPOSITE,SPELLING:글자;;OBJECT:무엇,2
dev_0516.jpg,dev,OBJECT,OBJECT:무엇,1
dev_0517.jpg,dev,UNKNOWN,,0
dev_0518.jpg,dev,OBJECT,OBJECT:무엇,1
dev_0519.jpg,dev,COMPOSITE,NUMBER:번호;;OBJECT:무엇,2
dev_0520.jpg,dev,OBJECT,OBJECT:무엇,1
dev_0521.jpg,dev,OBJECT,OBJECT:있(나요|습니까|어),1
dev_0522.jpg,dev,COMPOSITE,NUMBER:번호;;OBJECT:있(나요|습니까|어),2
dev_0523.jpg,dev,OBJECT,OBJECT:무엇,1
dev_0524.jpg,dev,OBJECT,OBJECT:무엇,1
dev_0525.jpg,dev,OBJECT,OBJECT:있(나요|습니까|어),1
dev_0526.jpg,dev,OBJECT,OBJECT:무엇,1
dev_0527.jpg,dev,OBJECT,OBJECT:무엇,1
dev_0528.jpg,dev,OBJECT,OBJECT:무엇,1
dev_0529.jpg,dev,PRICE,PRICE:얼마,1
dev_0530.jpg,dev,COMPOSITE,TIMEDATE:요일;;OBJECT:무엇,2
dev_0531.jpg,dev,PRICE,PRICE:가격,1
dev_0532.jpg,dev,COMPOSITE,TABLE:항목;;OBJECT:무엇,2
dev_0533.jpg,dev,OBJECT,OBJECT:무엇,1
dev_0534.jpg,dev,OBJECT,OBJECT:있(나요|습니까|어),1
dev_0535.jpg,dev,OBJECT,OBJECT:무엇,1
dev_0536.jpg,dev,OBJECT,OBJECT:무엇,1
dev_0537.jpg,dev,COMPOSITE,LOGO:브랜드;;OBJECT:무엇,2
dev_0538.jpg,dev,UNKNOWN,,0
dev_0539.jpg,dev,OBJECT,OBJECT:무엇,1
dev_0540.jpg,dev,COMPOSITE,PRICE:가격;;OBJECT:무엇,2
dev_0541.jpg,dev,OBJECT,OBJECT:무엇,1
dev_0542.jpg,dev,UNKNOWN,,0
dev_0543.jpg,dev,COMPOSITE,NUMBER:번호;;OBJECT:무엇,2
dev_0544.jpg,dev,OBJECT,OBJECT:무엇,1
dev_0545.jpg,dev,OBJECT,OBJECT:무엇,1
dev_0546.jpg,dev,COMPOSITE,"SPELLING:이름.{0,3}(뭐|무엇);;OBJECT:무엇",2
dev_0547.jpg,dev,COMPOSITE,"SPELLING:이름.{0,3}(뭐|무엇);;OBJECT:무엇",2
dev_0548.jpg,dev,PRICE,PRICE:가격,1
dev_0549.jpg,dev,TIMEDATE,TIMEDATE:기간,1
dev_0550.jpg,dev,PRICE,PRICE:가격,1
dev_0551.jpg,dev,UNKNOWN,,0
dev_0552.jpg,dev,COMPOSITE,"SPELLING:이름.{0,3}(뭐|무엇);;OBJECT:무엇",2
dev_0553.jpg,dev,OBJECT,OBJECT:무엇,1
dev_0554.jpg,dev,TIMEDATE,TIMEDATE:날짜,1
dev_0555.jpg,dev,COMPOSITE,OBJECT:무엇;;RELATION:오른쪽,2
dev_0556.jpg,dev,COMPOSITE,"SPELLING:이름.{0,3}(뭐|무엇);;OBJECT:무엇",2
dev_0557.jpg,dev,PRICE,PRICE:가격,1
dev_0558.jpg,dev,UNKNOWN,,0
dev_0559.jpg,dev,UNKNOWN,,0
dev_0560.jpg,dev,OBJECT,OBJECT:무엇,1
dev_0561.jpg,dev,UNKNOWN,,0
dev_0562.jpg,dev,OBJECT,OBJECT:무엇,1
dev_0563.jpg,dev,OBJECT,OBJECT:무엇,1
dev_0564.jpg,dev,COMPOSITE,"SPELLING:이름.{0,3}(뭐|무엇);;OBJECT:무엇",2
dev_0565.jpg,dev,OBJECT,OBJECT:무엇,1
dev_0566.jpg,dev,OBJECT,OBJECT:있(나요|습니까|어),1
dev_0567.jpg,dev,COMPOSITE,NUMBER:번호;;OBJECT:무엇,2
dev_0568.jpg,dev,TIMEDATE,TIMEDATE:언제,1
dev_0569.jpg,dev,OBJECT,OBJECT:무엇,1
dev_0570.jpg,dev,COMPOSITE,PRICE:가격;;RELATION:아래,2
dev_0571.jpg,dev,COMPOSITE,"SPELLING:이름.{0,3}(뭐|무엇);;OBJECT:무엇",2
dev_0572.jpg,dev,COMPOSITE,"SPELLING:이름.{0,3}(뭐|무엇);;OBJECT:무엇",2
dev_0573.jpg,dev,OBJECT,OBJECT:무엇,1
dev_0574.jpg,dev,COMPOSITE,"SPELLING:이름.{0,3}(뭐|무엇);;OBJECT:무엇",2
dev_0575.jpg,dev,COMPOSITE,"SPELLING:이름.{0,3}(뭐|무엇);;OBJECT:무엇",2
dev_0576.jpg,dev,PRICE,PRICE:얼마,1
dev_0577.jpg,dev,OBJECT,OBJECT:무엇,1
dev_0578.jpg,dev,COMPOSITE,"SPELLING:이름.{0,3}(뭐|무엇);;OBJECT:무엇",2
dev_0579.jpg,dev,COMPOSITE,NUMBER:번호;;OBJECT:무엇,2
dev_0580.jpg,dev,COMPOSITE,SPELLING:글자;;OBJECT:무엇,2
dev_0581.jpg,dev,UNKNOWN,,0
dev_0582.jpg,dev,OBJECT,OBJECT:무엇,1
dev_0583.jpg,dev,TIMEDATE,TIMEDATE:언제,1
dev_0584.jpg,dev,COMPOSITE,PRICE:가격;;TABLE:표에서,2
dev_0585.jpg,dev,PRICE,PRICE:가격,1
dev_0586.jpg,dev,OBJECT,OBJECT:무엇,1
dev_0587.jpg,dev,COMPOSITE,"SPELLING:이름.{0,3}(뭐|무엇);;OBJECT:무엇",2
dev_0588.jpg,dev,PRICE,PRICE:가격,1
dev_0589.jpg,dev,PRICE,PRICE:가격,1
dev_0590.jpg,dev,OBJECT,OBJECT:무엇,1
dev_0591.jpg,dev,UNKNOWN,,0
dev_0592.jpg,dev,COMPOSITE,"SPELLING:이름.{0,3}(뭐|무엇);;OBJECT:무엇;;RELATION:옆에",3
dev_0593.jpg,dev,OBJECT,OBJECT:무엇,1
dev_0594.jpg,dev,PRICE,PRICE:가격,1
dev_0595.jpg,dev,UNKNOWN,,0
dev_0596.jpg,dev,OBJECT,OBJECT:무엇,1
dev_0597.jpg,dev,OBJECT,OBJECT:무엇,1
dev_0598.jpg,dev,TIMEDATE,TIMEDATE:요일,1
dev_0599.jpg,dev,COMPOSITE,"SPELLING:이름.{0,3}(뭐|무엇);;OBJECT:무엇",2
dev_0600.jpg,dev,OBJECT,OBJECT:무엇,1
dev_0601.jpg,dev,OBJECT,OBJECT:무엇,1
dev_0602.jpg,dev,OBJECT,OBJECT:무엇,1
dev_0603.jpg,dev,OBJECT,OBJECT:무엇,1
dev_0604.jpg,dev,UNKNOWN,,0
dev_0605.jpg,dev,OBJECT,OBJECT:있(나요|습니까|어),1
dev_0606.jpg,dev,PRICE,PRICE:가격,1
dev_0607.jpg,dev,UNKNOWN,,0
dev_0608.jpg,dev,OBJECT,OBJECT:무엇,1
dev_0609.jpg,dev,OBJECT,OBJECT:있(나요|습니까|어),1
dev_0610.jpg,dev,TIMEDATE,TIMEDATE:언제,1
dev_0611.jpg,dev,OBJECT,OBJECT:무엇,1
dev_0612.jpg,dev,OBJECT,OBJECT:무엇,1
dev_0613.jpg,dev,OBJECT,OBJECT:무엇,1
dev_0614.jpg,dev,COMPOSITE,SPELLING:글자;;OBJECT:있(나요|습니까|어),2
dev_0615.jpg,dev,PRICE,PRICE:가격,1
dev_0616.jpg,dev,COMPOSITE,OBJECT:있(나요|습니까|어);;RELATION:아래,2
dev_0617.jpg,dev,OBJECT,OBJECT:무엇,1
dev_0618.jpg,dev,OBJECT,OBJECT:무엇,1
dev_0619.jpg,dev,UNKNOWN,,0
dev_0620.jpg,dev,PRICE,PRICE:가격,1
dev_0621.jpg,dev,OBJECT,OBJECT:무엇,1
dev_0622.jpg,dev,OBJECT,OBJECT:무엇,1
dev_0623.jpg,dev,OBJECT,OBJECT:무엇,1
dev_0624.jpg,dev,PRICE,PRICE:얼마,1
dev_0625.jpg,dev,COMPOSITE,"SPELLING:이름.{0,3}(뭐|무엇);;OBJECT:무엇",2
dev_0626.jpg,dev,COMPOSITE,"SPELLING:이름.{0,3}(뭐|무엇);;OBJECT:무엇",2
dev_0627.jpg,dev,OBJECT,OBJECT:무엇,1
dev_0628.jpg,dev,OBJECT,OBJECT:무엇,1
dev_0629.jpg,dev,OBJECT,OBJECT:무엇,1
dev_0630.jpg,dev,OBJECT,OBJECT:무엇,1
dev_0631.jpg,dev,COMPOSITE,PRICE:가격;;OBJECT:무엇,2
dev_0632.jpg,dev,UNKNOWN,,0
dev_0633.jpg,dev,NUMBER,NUMBER:몇\s*명,1
dev_0634.jpg,dev,COMPOSITE,"SPELLING:이름.{0,3}(뭐|무엇);;OBJECT:무엇",2
dev_0635.jpg,dev,PRICE,PRICE:얼마,1
dev_0636.jpg,dev,PRICE,PRICE:얼마,1
dev_0637.jpg,dev,UNKNOWN,,0
dev_0638.jpg,dev,OBJECT,OBJECT:무엇,1
dev_0639.jpg,dev,PRICE,PRICE:얼마,1
dev_0640.jpg,dev,COMPOSITE,"SPELLING:이름.{0,3}(뭐|무엇);;OBJECT:무엇",2
dev_0641.jpg,dev,PRICE,PRICE:가격,1
dev_0642.jpg,dev,OBJECT,OBJECT:무엇,1
dev_0643.jpg,dev,OBJECT,OBJECT:무엇,1
dev_0644.jpg,dev,OBJECT,OBJECT:무엇,1
dev_0645.jpg,dev,OBJECT,OBJECT:무엇,1
dev_0646.jpg,dev,PRICE,PRICE:가격,1
dev_0647.jpg,dev,OBJECT,OBJECT:무엇,1
dev_0648.jpg,dev,COMPOSITE,NUMBER:번호;;OBJECT:무엇,2
dev_0649.jpg,dev,COMPOSITE,"SPELLING:이름.{0,3}(뭐|무엇);;LOGO:브랜드;;OBJECT:무엇",3
dev_0650.jpg,dev,COMPOSITE,SPELLING:글자;;OBJECT:무엇,2
dev_0651.jpg,dev,UNKNOWN,,0
dev_0652.jpg,dev,UNKNOWN,,0
dev_0653.jpg,dev,OBJECT,OBJECT:무엇,1
dev_0654.jpg,dev,OBJECT,OBJECT:있(나요|습니까|어),1
dev_0655.jpg,dev,OBJECT,OBJECT:무엇,1
dev_0656.jpg,dev,COMPOSITE,"SPELLING:이름.{0,3}(뭐|무엇);;OBJECT:무엇",2
dev_0657.jpg,dev,OBJECT,OBJECT:무엇,1
dev_0658.jpg,dev,PRICE,PRICE:가격,1
dev_0659.jpg,dev,OBJECT,OBJECT:무엇,1
dev_0660.jpg,dev,COMPOSITE,"SPELLING:이름.{0,3}(뭐|무엇);;OBJECT:무엇",2
dev_0661.jpg,dev,PRICE,PRICE:얼마,1
dev_0662.jpg,dev,COMPOSITE,OBJECT:무엇;;RELATION:왼쪽,2
dev_0663.jpg,dev,OBJECT,OBJECT:무엇,1
dev_0664.jpg,dev,COMPOSITE,"SPELLING:이름.{0,3}(뭐|무엇);;OBJECT:무엇",2
dev_0665.jpg,dev,PRICE,PRICE:가격,1
dev_0666.jpg,dev,UNKNOWN,,0
dev_0667.jpg,dev,OBJECT,OBJECT:무엇,1
dev_0668.jpg,dev,COMPOSITE,OBJECT:무엇;;RELATION:왼쪽,2
dev_0669.jpg,dev,TIMEDATE,TIMEDATE:언제,1
dev_0670.jpg,dev,OBJECT,OBJECT:무엇,1
dev_0671.jpg,dev,OBJECT,OBJECT:무엇,1
dev_0672.jpg,dev,COMPOSITE,OBJECT:무엇;;RELATION:옆에,2
dev_0673.jpg,dev,COMPOSITE,NUMBER:번호;;OBJECT:무엇,2
dev_0674.jpg,dev,UNKNOWN,,0
dev_0675.jpg,dev,OBJECT,OBJECT:무엇,1
dev_0676.jpg,dev,OBJECT,OBJECT:무엇,1
dev_0677.jpg,dev,OBJECT,OBJECT:무엇,1
dev_0678.jpg,dev,UNKNOWN,,0
dev_0679.jpg,dev,OBJECT,OBJECT:무엇,1
dev_0680.jpg,dev,OBJECT,OBJECT:무엇,1
dev_0681.jpg,dev,PRICE,PRICE:얼마,1
dev_0682.jpg,dev,OBJECT,OBJECT:무엇,1
dev_0683.jpg,dev,COMPOSITE,"SPELLING:이름.{0,3}(뭐|무엇);;OBJECT:무엇",2
dev_0684.jpg,dev,OBJECT,OBJECT:무엇,1
dev_0685.jpg,dev,OBJECT,OBJECT:무엇,1
dev_0686.jpg,dev,UNKNOWN,,0
dev_0687.jpg,dev,OBJECT,OBJECT:무엇,1
dev_0688.jpg,dev,OBJECT,OBJECT:무엇,1
dev_0689.jpg,dev,OBJECT,OBJECT:무엇,1
dev_0690.jpg,dev,UNKNOWN,,0
dev_0691.jpg,dev,COMPOSITE,SPELLING:글자;;OBJECT:무엇,2
dev_0692.jpg,dev,TIMEDATE,TIMEDATE:언제,1
dev_0693.jpg,dev,OBJECT,OBJECT:무엇,1
dev_0694.jpg,dev,COMPOSITE,"SPELLING:이름.{0,3}(뭐|무엇);;OBJECT:무엇",2
dev_0695.jpg,dev,OBJECT,OBJECT:무엇,1
dev_0696.jpg,dev,OBJECT,OBJECT:무엇,1
dev_0697.jpg,dev,COMPOSITE,"SPELLING:이름.{0,3}(뭐|무엇);;OBJECT:무엇",2
dev_0698.jpg,dev,OBJECT,OBJECT:무엇,1
dev_0699.jpg,dev,OBJECT,OBJECT:무엇,1
dev_0700.jpg,dev,OBJECT,OBJECT:무엇,1
dev_0701.jpg,dev,OBJECT,OBJECT:있(나요|습니까|어),1
dev_0702.jpg,dev,PRICE,PRICE:얼마,1
dev_0703.jpg,dev,PRICE,PRICE:가격,1
dev_0704.jpg,dev,TIMEDATE,TIMEDATE:언제,1
dev_0705.jpg,dev,COMPOSITE,OBJECT:무엇;;RELATION:왼쪽,2
dev_0706.jpg,dev,OBJECT,OBJECT:무엇,1
dev_0707.jpg,dev,UNKNOWN,,0
dev_0708.jpg,dev,TIMEDATE,TIMEDATE:기간,1
dev_0709.jpg,dev,COMPOSITE,"SPELLING:이름.{0,3}(뭐|무엇);;OBJECT:무엇",2
dev_0710.jpg,dev,OBJECT,OBJECT:무엇,1
dev_0711.jpg,dev,TIMEDATE,TIMEDATE:몇\s*시,1
dev_0712.jpg,dev,UNKNOWN,,0
dev_0713.jpg,dev,OBJECT,OBJECT:무엇,1
dev_0714.jpg,dev,OBJECT,OBJECT:무엇,1
dev_0715.jpg,dev,PRICE,PRICE:가격,1
dev_0716.jpg,dev,OBJECT,OBJECT:무엇,1
dev_0717.jpg,dev,COMPOSITE,"SPELLING:이름.{0,3}(뭐|무엇);;OBJECT:무엇",2
dev_0718.jpg,dev,PRICE,PRICE:가격,1
dev_0719.jpg,dev,COMPOSITE,"SPELLING:이름.{0,3}(뭐|무엇);;OBJECT:무엇",2
dev_0720.jpg,dev,COMPOSITE,SPELLING:글자;;OBJECT:무엇;;RELATION:위에,3
dev_0721.jpg,dev,PRICE,PRICE:가격,1
dev_0722.jpg,dev,OBJECT,OBJECT:무엇,1
dev_0723.jpg,dev,PRICE,PRICE:얼마,1
dev_0724.jpg,dev,COMPOSITE,"SPELLING:이름.{0,3}(뭐|무엇);;OBJECT:무엇",2
dev_0725.jpg,dev,PRICE,PRICE:가격,1
dev_0726.jpg,dev,OBJECT,OBJECT:무엇,1
dev_0727.jpg,dev,OBJECT,OBJECT:무엇,1
dev_0728.jpg,dev,OBJECT,OBJECT:무엇,1
dev_0729.jpg,dev,PRICE,PRICE:얼마,1
dev_0730.jpg,dev,COMPOSITE,SPELLING:글자;;OBJECT:무엇,2
dev_0731.jpg,dev,PRICE,PRICE:얼마,1
dev_0732.jpg,dev,COMPOSITE,TIMEDATE:요일;;OBJECT:무엇,2
dev_0733.jpg,dev,COMPOSITE,"SPELLING:이름.{0,3}(뭐|무엇);;OBJECT:무엇",2
dev_0734.jpg,dev,OBJECT,OBJECT:무엇,1
dev_0735.jpg,dev,UNKNOWN,,0
dev_0736.jpg,dev,OBJECT,OBJECT:무엇,1
dev_0737.jpg,dev,UNKNOWN,,0
dev_0738.jpg,dev,COMPOSITE,NUMBER:번호;;OBJECT:무엇,2
dev_0739.jpg,dev,OBJECT,OBJECT:무엇,1
dev_0740.jpg,dev,COMPOSITE,"SPELLING:이름.{0,3}(뭐|무엇);;LOGO:브랜드;;OBJECT:무엇",3
dev_0741.jpg,dev,OBJECT,OBJECT:있(나요|습니까|어),1
dev_0742.jpg,dev,OBJECT,OBJECT:무엇,1
dev_0743.jpg,dev,OBJECT,OBJECT:있(나요|습니까|어),1
dev_0744.jpg,dev,OBJECT,OBJECT:무엇,1
dev_0745.jpg,dev,COMPOSITE,NUMBER:번호;;OBJECT:무엇,2
dev_0746.jpg,dev,PRICE,PRICE:얼마,1
dev_0747.jpg,dev,OBJECT,OBJECT:있(나요|습니까|어),1
dev_0748.jpg,dev,PRICE,PRICE:가격,1
dev_0749.jpg,dev,UNKNOWN,,0
dev_0750.jpg,dev,COMPOSITE,OBJECT:무엇;;RELATION:옆에,2
dev_0751.jpg,dev,COMPOSITE,"SPELLING:이름.{0,3}(뭐|무엇);;OBJECT:무엇",2
dev_0752.jpg,dev,COMPOSITE,"SPELLING:이름.{0,3}(뭐|무엇);;OBJECT:무엇",2
dev_0753.jpg,dev,OBJECT,OBJECT:무엇,1
dev_0754.jpg,dev,OBJECT,OBJECT:무엇,1
dev_0755.jpg,dev,UNKNOWN,,0
dev_0756.jpg,dev,OBJECT,OBJECT:무엇,1
dev_0757.jpg,dev,OBJECT,OBJECT:무엇,1
dev_0758.jpg,dev,UNKNOWN,,0
dev_0759.jpg,dev,OBJECT,OBJECT:무엇,1
dev_0760.jpg,dev,OBJECT,OBJECT:있(나요|습니까|어),1
dev_0761.jpg,dev,OBJECT,OBJECT:무엇,1
dev_0762.jpg,dev,OBJECT,OBJECT:무엇,1
dev_0763.jpg,dev,OBJECT,OBJECT:무엇,1
dev_0764.jpg,dev,OBJECT,OBJECT:있(나요|습니까|어),1
dev_0765.jpg,dev,OBJECT,OBJECT:무엇,1
dev_0766.jpg,dev,OBJECT,OBJECT:무엇,1
dev_0767.jpg,dev,OBJECT,OBJECT:무엇,1
dev_0768.jpg,dev,COMPOSITE,"SPELLING:이름.{0,3}(뭐|무엇);;OBJECT:무엇",2
dev_0769.jpg,dev,OBJECT,OBJECT:무엇,1
dev_0770.jpg,dev,PRICE,PRICE:가격,1
dev_0771.jpg,dev,PRICE,PRICE:얼마,1
dev_0772.jpg,dev,PRICE,PRICE:얼마,1
dev_0773.jpg,dev,OBJECT,OBJECT:무엇,1
dev_0774.jpg,dev,COMPOSITE,"SPELLING:이름.{0,3}(뭐|무엇);;OBJECT:무엇",2
dev_0775.jpg,dev,PRICE,PRICE:가격,1
dev_0776.jpg,dev,UNKNOWN,,0
dev_0777.jpg,dev,OBJECT,OBJECT:무엇,1
dev_0778.jpg,dev,OBJECT,OBJECT:무엇,1
dev_0779.jpg,dev,OBJECT,OBJECT:무엇,1
dev_0780.jpg,dev,COMPOSITE,PRICE:가격;;OBJECT:있(나요|습니까|어),2
dev_0781.jpg,dev,OBJECT,OBJECT:무엇,1
dev_0782.jpg,dev,OBJECT,OBJECT:있(나요|습니까|어),1
dev_0783.jpg,dev,OBJECT,OBJECT:무엇,1
dev_0784.jpg,dev,COMPOSITE,NUMBER:번호;;OBJECT:무엇,2
dev_0785.jpg,dev,UNKNOWN,,0
dev_0786.jpg,dev,NUMBER,NUMBER:몇\s*번,1
dev_0787.jpg,dev,OBJECT,OBJECT:무엇,1
dev_0788.jpg,dev,COMPOSITE,PRICE:가격;;OBJECT:무엇,2
dev_0789.jpg,dev,OBJECT,OBJECT:무엇,1
dev_0790.jpg,dev,OBJECT,OBJECT:무엇,1
dev_0791.jpg,dev,COMPOSITE,TIMEDATE:날짜;;OBJECT:무엇,2
dev_0792.jpg,dev,OBJECT,OBJECT:무엇,1
dev_0793.jpg,dev,OBJECT,OBJECT:무엇,1
dev_0794.jpg,dev,PRICE,PRICE:가격,1
dev_0795.jpg,dev,NUMBER,NUMBER:번호,1
dev_0796.jpg,dev,OBJECT,OBJECT:무엇,1
dev_0797.jpg,dev,OBJECT,OBJECT:무엇,1
dev_0798.jpg,dev,OBJECT,OBJECT:무엇,1
dev_0799.jpg,dev,OBJECT,OBJECT:무엇,1
dev_0800.jpg,dev,PRICE,PRICE:얼마,1
dev_0801.jpg,dev,OBJECT,OBJECT:무엇,1
dev_0802.jpg,dev,OBJECT,OBJECT:무엇,1
dev_0803.jpg,dev,OBJECT,OBJECT:무엇,1
dev_0804.jpg,dev,COMPOSITE,"SPELLING:이름.{0,3}(뭐|무엇);;OBJECT:무엇",2
dev_0805.jpg,dev,TIMEDATE,TIMEDATE:날짜,1
dev_0806.jpg,dev,OBJECT,OBJECT:무엇,1
dev_0807.jpg,dev,UNKNOWN,,0
dev_0808.jpg,dev,COMPOSITE,"SPELLING:이름.{0,3}(뭐|무엇);;OBJECT:무엇",2
dev_0809.jpg,dev,OBJECT,OBJECT:무엇,1
dev_0810.jpg,dev,COMPOSITE,OBJECT:무엇;;RELATION:위에,2
dev_0811.jpg,dev,OBJECT,OBJECT:있(나요|습니까|어),1
dev_0812.jpg,dev,OBJECT,OBJECT:무엇,1
dev_0813.jpg,dev,OBJECT,OBJECT:무엇,1
dev_0814.jpg,dev,COMPOSITE,"SPELLING:이름.{0,3}(뭐|무엇);;OBJECT:무엇",2
dev_0815.jpg,dev,COMPOSITE,PRICE:가격;;LOGO:브랜드;;OBJECT:무엇,3
dev_0816.jpg,dev,COMPOSITE,LOGO:브랜드;;OBJECT:무엇,2
dev_0817.jpg,dev,PRICE,PRICE:얼마,1
dev_0818.jpg,dev,PRICE,PRICE:가격,1
dev_0819.jpg,dev,OBJECT,OBJECT:무엇,1
dev_0820.jpg,dev,UNKNOWN,,0
dev_0821.jpg,dev,PRICE,PRICE:얼마,1
dev_0822.jpg,dev,OBJECT,OBJECT:있(나요|습니까|어),1
dev_0823.jpg,dev,OBJECT,OBJECT:무엇,1
dev_0824.jpg,dev,OBJECT,OBJECT:무엇,1
dev_0825.jpg,dev,COMPOSITE,OBJECT:무엇;;RELATION:옆에,2
dev_0826.jpg,dev,OBJECT,OBJECT:무엇,1
dev_0827.jpg,dev,COMPOSITE,PRICE:가격;;OBJECT:무엇,2
dev_0828.jpg,dev,UNKNOWN,,0
dev_0829.jpg,dev,COMPOSITE,LOGO:브랜드;;OBJECT:무엇,2
dev_0830.jpg,dev,OBJECT,OBJECT:무엇,1
dev_0831.jpg,dev,TIMEDATE,TIMEDATE:날짜,1
dev_0832.jpg,dev,OBJECT,OBJECT:무엇,1
dev_0833.jpg,dev,OBJECT,OBJECT:무엇,1
dev_0834.jpg,dev,COMPOSITE,"SPELLING:이름.{0,3}(뭐|무엇);;OBJECT:무엇",2
dev_0835.jpg,dev,OBJECT,OBJECT:무엇,1
dev_0836.jpg,dev,COMPOSITE,OBJECT:무엇;;RELATION:아래,2
dev_0837.jpg,dev,OBJECT,OBJECT:무엇,1
dev_0838.jpg,dev,OBJECT,OBJECT:무엇,1
dev_0839.jpg,dev,PRICE,PRICE:얼마,1
dev_0840.jpg,dev,OBJECT,OBJECT:무엇,1
dev_0841.jpg,dev,OBJECT,OBJECT:무엇,1
dev_0842.jpg,dev,UNKNOWN,,0
dev_0843.jpg,dev,OBJECT,OBJECT:있(나요|습니까|어),1
dev_0844.jpg,dev,COMPOSITE,OBJECT:무엇;;RELATION:위에,2
dev_0845.jpg,dev,TIMEDATE,TIMEDATE:언제,1
dev_0846.jpg,dev,OBJECT,OBJECT:무엇,1
dev_0847.jpg,dev,COMPOSITE,LOGO:브랜드;;OBJECT:무엇,2
dev_0848.jpg,dev,PRICE,PRICE:얼마,1
dev_0849.jpg,dev,COMPOSITE,LOGO:브랜드;;OBJECT:무엇,2
dev_0850.jpg,dev,COMPOSITE,NUMBER:번호;;OBJECT:무엇,2
dev_0851.jpg,dev,OBJECT,OBJECT:무엇,1
dev_0852.jpg,dev,COMPOSITE,"SPELLING:이름.{0,3}(뭐|무엇);;OBJECT:무엇",2
dev_0853.jpg,dev,COMPOSITE,NUMBER:번호;;OBJECT:무엇,2
dev_0854.jpg,dev,OBJECT,OBJECT:있(나요|습니까|어),1
dev_0855.jpg,dev,OBJECT,OBJECT:무엇,1
dev_0856.jpg,dev,OBJECT,OBJECT:무엇,1
dev_0857.jpg,dev,PRICE,PRICE:가격,1
dev_0858.jpg,dev,OBJECT,OBJECT:무엇,1
dev_0859.jpg,dev,OBJECT,OBJECT:무엇,1
dev_0860.jpg,dev,OBJECT,OBJECT:무엇,1
dev_0861.jpg,dev,OBJECT,OBJECT:무엇,1
dev_0862.jpg,dev,COMPOSITE,"SPELLING:이름.{0,3}(뭐|무엇);;OBJECT:무엇",2
dev_0863.jpg,dev,TIMEDATE,TIMEDATE:기간,1
dev_0864.jpg,dev,COMPOSITE,NUMBER:번호;;OBJECT:무엇,2
dev_0865.jpg,dev,NUMBER,NUMBER:몇\s*번,1
dev_0866.jpg,dev,COMPOSITE,"SPELLING:이름.{0,3}(뭐|무엇);;LOGO:브랜드;;OBJECT:무엇",3
dev_0867.jpg,dev,UNKNOWN,,0
dev_0868.jpg,dev,OBJECT,OBJECT:무엇,1
dev_0869.jpg,dev,OBJECT,OBJECT:무엇,1
dev_0870.jpg,dev,OBJECT,OBJECT:무엇,1
dev_0871.jpg,dev,OBJECT,OBJECT:있(나요|습니까|어),1
dev_0872.jpg,dev,COMPOSITE,LOGO:브랜드;;OBJECT:무엇,2
dev_0873.jpg,dev,OBJECT,OBJECT:무엇,1
dev_0874.jpg,dev,COMPOSITE,OBJECT:있(나요|습니까|어);;RELATION:왼쪽,2
dev_0875.jpg,dev,COMPOSITE,"SPELLING:이름.{0,3}(뭐|무엇);;OBJECT:무엇",2
dev_0876.jpg,dev,OBJECT,OBJECT:무엇,1
dev_0877.jpg,dev,UNKNOWN,,0
dev_0878.jpg,dev,COMPOSITE,OBJECT:무엇;;RELATION:왼쪽,2
dev_0879.jpg,dev,OBJECT,OBJECT:무엇,1
dev_0880.jpg,dev,COMPOSITE,"SPELLING:이름.{0,3}(뭐|무엇);;OBJECT:무엇",2
dev_0881.jpg,dev,PRICE,PRICE:가격,1
dev_0882.jpg,dev,OBJECT,OBJECT:무엇,1
dev_0883.jpg,dev,OBJECT,OBJECT:무엇,1
dev_0884.jpg,dev,COMPOSITE,OBJECT:무엇;;RELATION:아래,2
dev_0885.jpg,dev,UNKNOWN,,0
dev_0886.jpg,dev,OBJECT,OBJECT:있(나요|습니까|어),1
dev_0887.jpg,dev,PRICE,PRICE:얼마,1
dev_0888.jpg,dev,OBJECT,OBJECT:무엇,1
dev_0889.jpg,dev,OBJECT,OBJECT:무엇,1
dev_0890.jpg,dev,OBJECT,OBJECT:무엇,1
dev_0891.jpg,dev,OBJECT,OBJECT:무엇,1
dev_0892.jpg,dev,OBJECT,OBJECT:무엇,1
dev_0893.jpg,dev,OBJECT,OBJECT:무엇,1
dev_0894.jpg,dev,OBJECT,OBJECT:무엇,1
dev_0895.jpg,dev,COMPOSITE,SPELLING:글자;;OBJECT:무엇,2
dev_0896.jpg,dev,OBJECT,OBJECT:무엇,1
dev_0897.jpg,dev,UNKNOWN,,0
dev_0898.jpg,dev,COMPOSITE,OBJECT:무엇;;RELATION:왼쪽,2
dev_0899.jpg,dev,OBJECT,OBJECT:무엇,1
dev_0900.jpg,dev,COMPOSITE,SPELLING:글자;;OBJECT:무엇,2
dev_0901.jpg,dev,OBJECT,OBJECT:무엇,1
dev_0902.jpg,dev,PRICE,PRICE:가격,1
dev_0903.jpg,dev,PRICE,PRICE:얼마,1
dev_0904.jpg,dev,COMPOSITE,OBJECT:무엇;;RELATION:왼쪽,2
dev_0905.jpg,dev,PRICE,PRICE:가격,1
dev_0906.jpg,dev,COMPOSITE,"SPELLING:이름.{0,3}(뭐|무엇);;OBJECT:무엇",2
dev_0907.jpg,dev,OBJECT,OBJECT:무엇,1
dev_0908.jpg,dev,COMPOSITE,NUMBER:번호;;OBJECT:무엇,2
dev_0909.jpg,dev,PRICE,PRICE:가격,1
dev_0910.jpg,dev,COMPOSITE,"SPELLING:이름.{0,3}(뭐|무엇);;LOGO:브랜드;;OBJECT:무엇",3
dev_0911.jpg,dev,COMPOSITE,"SPELLING:이름.{0,3}(뭐|무엇);;OBJECT:무엇",2
dev_0912.jpg,dev,OBJECT,OBJECT:무엇,1
dev_0913.jpg,dev,OBJECT,OBJECT:무엇,1
dev_0914.jpg,dev,OBJECT,OBJECT:무엇,1
dev_0915.jpg,dev,TIMEDATE,TIMEDATE:기간,1
dev_0916.jpg,dev,OBJECT,OBJECT:무엇,1
dev_0917.jpg,dev,UNKNOWN,,0
dev_0918.jpg,dev,PRICE,PRICE:가격,1
dev_0919.jpg,dev,COMPOSITE,"SPELLING:이름.{0,3}(뭐|무엇);;OBJECT:무엇;;RELATION:왼쪽",3
dev_0920.jpg,dev,OBJECT,OBJECT:무엇,1
dev_0921.jpg,dev,OBJECT,OBJECT:있(나요|습니까|어),1
dev_0922.jpg,dev,UNKNOWN,,0
dev_0923.jpg,dev,OBJECT,OBJECT:무엇,1
dev_0924.jpg,dev,PRICE,PRICE:가격,1
dev_0925.jpg,dev,OBJECT,OBJECT:무엇,1
dev_0926.jpg,dev,OBJECT,OBJECT:무엇,1
dev_0927.jpg,dev,OBJECT,OBJECT:무엇,1
dev_0928.jpg,dev,PRICE,PRICE:가격,1
dev_0929.jpg,dev,OBJECT,OBJECT:무엇,1
dev_0930.jpg,dev,UNKNOWN,,0
dev_0931.jpg,dev,COMPOSITE,NUMBER:번호;;OBJECT:무엇,2
dev_0932.jpg,dev,COMPOSITE,PRICE:가격;;OBJECT:무엇,2
dev_0933.jpg,dev,UNKNOWN,,0
dev_0934.jpg,dev,OBJECT,OBJECT:무엇,1
dev_0935.jpg,dev,OBJECT,OBJECT:있(나요|습니까|어),1
dev_0936.jpg,dev,COMPOSITE,"SPELLING:이름.{0,3}(뭐|무엇);;OBJECT:무엇",2
dev_0937.jpg,dev,OBJECT,OBJECT:무엇,1
dev_0938.jpg,dev,OBJECT,OBJECT:무엇,1
dev_0939.jpg,dev,OBJECT,OBJECT:무엇,1
dev_0940.jpg,dev,COMPOSITE,"SPELLING:이름.{0,3}(뭐|무엇);;OBJECT:무엇",2
dev_0941.jpg,dev,COMPOSITE,"SPELLING:이름.{0,3}(뭐|무엇);;OBJECT:무엇",2
dev_0942.jpg,dev,COMPOSITE,"SPELLING:이름.{0,3}(뭐|무엇);;OBJECT:무엇",2
dev_0943.jpg,dev,TIMEDATE,TIMEDATE:언제,1
dev_0944.jpg,dev,OBJECT,OBJECT:무엇,1
dev_0945.jpg,dev,COMPOSITE,"SPELLING:이름.{0,3}(뭐|무엇);;OBJECT:무엇",2
dev_0946.jpg,dev,OBJECT,OBJECT:무엇,1
dev_0947.jpg,dev,OBJECT,OBJECT:무엇,1
dev_0948.jpg,dev,PRICE,PRICE:가격,1
dev_0949.jpg,dev,NUMBER,NUMBER:번호,1
dev_0950.jpg,dev,PRICE,PRICE:가격,1
dev_0951.jpg,dev,OBJECT,OBJECT:무엇,1
dev_0952.jpg,dev,PRICE,PRICE:가격,1
dev_0953.jpg,dev,COMPOSITE,"SPELLING:이름.{0,3}(뭐|무엇);;OBJECT:무엇",2
dev_0954.jpg,dev,OBJECT,OBJECT:있(나요|습니까|어),1
dev_0955.jpg,dev,COMPOSITE,NUMBER:번호;;OBJECT:무엇,2
dev_0956.jpg,dev,PRICE,PRICE:가격,1
dev_0957.jpg,dev,COMPOSITE,"SPELLING:이름.{0,3}(뭐|무엇);;OBJECT:무엇",2
dev_0958.jpg,dev,OBJECT,OBJECT:무엇,1
dev_0959.jpg,dev,OBJECT,OBJECT:있(나요|습니까|어),1
dev_0960.jpg,dev,OBJECT,OBJECT:무엇,1
dev_0961.jpg,dev,COMPOSITE,TIMEDATE:영업일;;OBJECT:무엇,2
dev_0962.jpg,dev,PRICE,PRICE:가격,1
dev_0963.jpg,dev,PRICE,PRICE:가격,1
dev_0964.jpg,dev,TIMEDATE,TIMEDATE:언제,1
dev_0965.jpg,dev,COMPOSITE,OBJECT:무엇;;RELATION:왼쪽,2
dev_0966.jpg,dev,OBJECT,OBJECT:무엇,1
dev_0967.jpg,dev,OBJECT,OBJECT:무엇,1
dev_0968.jpg,dev,COMPOSITE,PRICE:가격;;OBJECT:무엇,2
dev_0969.jpg,dev,OBJECT,OBJECT:무엇,1
dev_0970.jpg,dev,OBJECT,OBJECT:무엇,1
dev_0971.jpg,dev,COMPOSITE,"SPELLING:이름.{0,3}(뭐|무엇);;OBJECT:무엇",2
dev_0972.jpg,dev,OBJECT,OBJECT:무엇,1
dev_0973.jpg,dev,OBJECT,OBJECT:무엇,1
dev_0974.jpg,dev,OBJECT,OBJECT:무엇,1
dev_0975.jpg,dev,OBJECT,OBJECT:있(나요|습니까|어),1
dev_0976.jpg,dev,TIMEDATE,TIMEDATE:언제,1
dev_0977.jpg,dev,COMPOSITE,SPELLING:글자;;OBJECT:무엇,2
dev_0978.jpg,dev,UNKNOWN,,0
dev_0979.jpg,dev,COMPOSITE,"SPELLING:이름.{0,3}(뭐|무엇);;OBJECT:무엇",2
dev_0980.jpg,dev,COMPOSITE,"SPELLING:이름.{0,3}(뭐|무엇);;OBJECT:무엇",2
dev_0981.jpg,dev,COMPOSITE,"SPELLING:이름.{0,3}(뭐|무엇);;OBJECT:무엇",2
dev_0982.jpg,dev,UNKNOWN,,0
dev_0983.jpg,dev,COMPOSITE,"SPELLING:이름.{0,3}(뭐|무엇);;OBJECT:무엇",2
dev_0984.jpg,dev,OBJECT,OBJECT:무엇,1
dev_0985.jpg,dev,PRICE,PRICE:가격,1
dev_0986.jpg,dev,OBJECT,OBJECT:무엇,1
dev_0987.jpg,dev,OBJECT,OBJECT:무엇,1
dev_0988.jpg,dev,COMPOSITE,NUMBER:번호;;OBJECT:무엇,2
dev_0989.jpg,dev,PRICE,PRICE:가격,1
dev_0990.jpg,dev,OBJECT,OBJECT:무엇,1
dev_0991.jpg,dev,COMPOSITE,"SPELLING:이름.{0,3}(뭐|무엇);;OBJECT:무엇",2
dev_0992.jpg,dev,OBJECT,OBJECT:무엇,1
dev_0993.jpg,dev,TIMEDATE,TIMEDATE:기간,1
dev_0994.jpg,dev,UNKNOWN,,0
dev_0995.jpg,dev,OBJECT,OBJECT:무엇,1
dev_0996.jpg,dev,COMPOSITE,PRICE:얼마;;RELATION:비교,2
dev_0997.jpg,dev,SPELLING,SPELLING:글자,1
dev_0998.jpg,dev,OBJECT,OBJECT:무엇,1
dev_0999.jpg,dev,OBJECT,OBJECT:무엇,1
dev_1000.jpg,dev,OBJECT,OBJECT:무엇,1
dev_1001.jpg,dev,COMPOSITE,"SPELLING:이름.{0,3}(뭐|무엇);;OBJECT:무엇",2
dev_1002.jpg,dev,COMPOSITE,"SPELLING:이름.{0,3}(뭐|무엇);;LOGO:브랜드;;OBJECT:무엇",3
dev_1003.jpg,dev,COMPOSITE,TIMEDATE:날짜;;OBJECT:무엇;;RELATION:아래,3
dev_1004.jpg,dev,OBJECT,OBJECT:무엇,1
dev_1005.jpg,dev,COMPOSITE,NUMBER:번호;;OBJECT:무엇,2
dev_1006.jpg,dev,OBJECT,OBJECT:무엇,1
dev_1007.jpg,dev,UNKNOWN,,0
dev_1008.jpg,dev,OBJECT,OBJECT:무엇,1
dev_1009.jpg,dev,COMPOSITE,OBJECT:무엇;;RELATION:아래,2
dev_1010.jpg,dev,OBJECT,OBJECT:무엇,1
dev_1011.jpg,dev,OBJECT,OBJECT:무엇,1
dev_1012.jpg,dev,OBJECT,OBJECT:무엇,1
dev_1013.jpg,dev,OBJECT,OBJECT:무엇,1
dev_1014.jpg,dev,PRICE,PRICE:가격,1
dev_1015.jpg,dev,OBJECT,OBJECT:무엇,1
dev_1016.jpg,dev,OBJECT,OBJECT:무엇,1
dev_1017.jpg,dev,PRICE,PRICE:가격,1
dev_1018.jpg,dev,PRICE,PRICE:얼마,1
dev_1019.jpg,dev,OBJECT,OBJECT:무엇,1
dev_1020.jpg,dev,PRICE,PRICE:가격,1
dev_1021.jpg,dev,OBJECT,OBJECT:무엇,1
dev_1022.jpg,dev,OBJECT,OBJECT:무엇,1
dev_1023.jpg,dev,NUMBER,NUMBER:번호,1
dev_1024.jpg,dev,OBJECT,OBJECT:무엇,1
dev_1025.jpg,dev,OBJECT,OBJECT:무엇,1
dev_1026.jpg,dev,COMPOSITE,"SPELLING:이름.{0,3}(뭐|무엇);;OBJECT:무엇",2
dev_1027.jpg,dev,OBJECT,OBJECT:무엇,1
dev_1028.jpg,dev,COMPOSITE,LOGO:브랜드;;OBJECT:무엇,2
dev_1029.jpg,dev,COMPOSITE,OBJECT:무엇;;RELATION:위에,2
dev_1030.jpg,dev,PRICE,PRICE:가격,1
dev_1031.jpg,dev,OBJECT,OBJECT:무엇,1
dev_1032.jpg,dev,UNKNOWN,,0
dev_1033.jpg,dev,PRICE,PRICE:얼마,1
dev_1034.jpg,dev,COMPOSITE,"SPELLING:이름.{0,3}(뭐|무엇);;OBJECT:무엇",2
dev_1035.jpg,dev,COMPOSITE,"SPELLING:이름.{0,3}(뭐|무엇);;OBJECT:무엇",2
dev_1036.jpg,dev,OBJECT,OBJECT:무엇,1
dev_1037.jpg,dev,COMPOSITE,SPELLING:글자;;OBJECT:무엇,2
dev_1038.jpg,dev,COMPOSITE,OBJECT:무엇;;RELATION:왼쪽,2
dev_1039.jpg,dev,UNKNOWN,,0
dev_1040.jpg,dev,OBJECT,OBJECT:무엇,1
dev_1041.jpg,dev,OBJECT,OBJECT:무엇,1
dev_1042.jpg,dev,COMPOSITE,OBJECT:무엇;;RELATION:왼쪽,2
dev_1043.jpg,dev,OBJECT,OBJECT:무엇,1
dev_1044.jpg,dev,OBJECT,OBJECT:무엇,1
dev_1045.jpg,dev,COMPOSITE,NUMBER:번호;;OBJECT:무엇,2
dev_1046.jpg,dev,OBJECT,OBJECT:무엇,1
dev_1047.jpg,dev,OBJECT,OBJECT:무엇,1
dev_1048.jpg,dev,UNKNOWN,,0
dev_1049.jpg,dev,OBJECT,OBJECT:무엇,1
dev_1050.jpg,dev,OBJECT,OBJECT:있(나요|습니까|어),1
dev_1051.jpg,dev,OBJECT,OBJECT:무엇,1
dev_1052.jpg,dev,COMPOSITE,PRICE:가격;;LOGO:브랜드;;OBJECT:무엇,3
dev_1053.jpg,dev,OBJECT,OBJECT:무엇,1
dev_1054.jpg,dev,OBJECT,OBJECT:무엇,1
dev_1055.jpg,dev,TIMEDATE,TIMEDATE:기간,1
dev_1056.jpg,dev,COMPOSITE,"SPELLING:이름.{0,3}(뭐|무엇);;LOGO:브랜드;;OBJECT:무엇;;RELATION:위에",4
dev_1057.jpg,dev,UNKNOWN,,0
dev_1058.jpg,dev,OBJECT,OBJECT:무엇,1
dev_1059.jpg,dev,NUMBER,NUMBER:몇\s*명,1
dev_1060.jpg,dev,COMPOSITE,"SPELLING:이름.{0,3}(뭐|무엇);;OBJECT:무엇",2
dev_1061.jpg,dev,OBJECT,OBJECT:무엇,1
dev_1062.jpg,dev,OBJECT,OBJECT:무엇,1
dev_1063.jpg,dev,TIMEDATE,TIMEDATE:언제,1
dev_1064.jpg,dev,OBJECT,OBJECT:무엇,1
dev_1065.jpg,dev,OBJECT,OBJECT:있(나요|습니까|어),1
dev_1066.jpg,dev,OBJECT,OBJECT:무엇,1
dev_1067.jpg,dev,COMPOSITE,OBJECT:무엇;;RELATION:오른쪽,2
dev_1068.jpg,dev,OBJECT,OBJECT:무엇,1
dev_1069.jpg,dev,OBJECT,OBJECT:무엇,1
dev_1070.jpg,dev,COMPOSITE,NUMBER:번호;;OBJECT:무엇,2
dev_1071.jpg,dev,UNKNOWN,,0
dev_1072.jpg,dev,OBJECT,OBJECT:무엇,1
dev_1073.jpg,dev,OBJECT,OBJECT:무엇,1
dev_1074.jpg,dev,OBJECT,OBJECT:있(나요|습니까|어),1
dev_1075.jpg,dev,OBJECT,OBJECT:무엇,1
dev_1076.jpg,dev,COMPOSITE,"SPELLING:이름.{0,3}(뭐|무엇);;OBJECT:무엇",2
dev_1077.jpg,dev,OBJECT,OBJECT:무엇,1
dev_1078.jpg,dev,COMPOSITE,"SPELLING:이름.{0,3}(뭐|무엇);;OBJECT:무엇",2
dev_1079.jpg,dev,COMPOSITE,"SPELLING:이름.{0,3}(뭐|무엇);;OBJECT:무엇",2
dev_1080.jpg,dev,OBJECT,OBJECT:무엇,1
dev_1081.jpg,dev,COMPOSITE,SPELLING:글자;;NUMBER:번호;;OBJECT:무엇,3
dev_1082.jpg,dev,OBJECT,OBJECT:무엇,1
dev_1083.jpg,dev,UNKNOWN,,0
dev_1084.jpg,dev,PRICE,PRICE:가격,1
dev_1085.jpg,dev,OBJECT,OBJECT:무엇,1
dev_1086.jpg,dev,OBJECT,OBJECT:무엇,1
dev_1087.jpg,dev,COMPOSITE,NUMBER:번호;;OBJECT:무엇,2
dev_1088.jpg,dev,COMPOSITE,"SPELLING:이름.{0,3}(뭐|무엇);;OBJECT:무엇",2
dev_1089.jpg,dev,OBJECT,OBJECT:무엇,1
dev_1090.jpg,dev,NUMBER,NUMBER:번호,1
dev_1091.jpg,dev,PRICE,PRICE:가격,1
dev_1092.jpg,dev,SPELLING,SPELLING:글자,1
dev_1093.jpg,dev,OBJECT,OBJECT:무엇,1
dev_1094.jpg,dev,OBJECT,OBJECT:무엇,1
dev_1095.jpg,dev,OBJECT,OBJECT:무엇,1
dev_1096.jpg,dev,COMPOSITE,"SPELLING:이름.{0,3}(뭐|무엇);;LOGO:브랜드;;OBJECT:무엇",3
dev_1097.jpg,dev,PRICE,PRICE:가격,1
dev_1098.jpg,dev,OBJECT,OBJECT:무엇,1
dev_1099.jpg,dev,OBJECT,OBJECT:무엇,1
dev_1100.jpg,dev,OBJECT,OBJECT:무엇,1
dev_1101.jpg,dev,OBJECT,OBJECT:무엇,1
dev_1102.jpg,dev,PRICE,PRICE:가격,1
dev_1103.jpg,dev,OBJECT,OBJECT:무엇,1
dev_1104.jpg,dev,COMPOSITE,OBJECT:무엇;;RELATION:위에,2
dev_1105.jpg,dev,COMPOSITE,"SPELLING:이름.{0,3}(뭐|무엇);;OBJECT:무엇",2
dev_1106.jpg,dev,PRICE,PRICE:가격,1
dev_1107.jpg,dev,OBJECT,OBJECT:무엇,1
dev_1108.jpg,dev,TIMEDATE,TIMEDATE:언제,1
dev_1109.jpg,dev,PRICE,PRICE:가격,1
dev_1110.jpg,dev,OBJECT,OBJECT:무엇,1
dev_1111.jpg,dev,OBJECT,OBJECT:무엇,1
dev_1112.jpg,dev,COMPOSITE,OBJECT:무엇;;RELATION:위에,2
dev_1113.jpg,dev,OBJECT,OBJECT:있(나요|습니까|어),1
dev_1114.jpg,dev,OBJECT,OBJECT:무엇,1
dev_1115.jpg,dev,OBJECT,OBJECT:무엇,1
dev_1116.jpg,dev,PRICE,PRICE:가격,1
dev_1117.jpg,dev,OBJECT,OBJECT:무엇,1
dev_1118.jpg,dev,COMPOSITE,"SPELLING:이름.{0,3}(뭐|무엇);;OBJECT:무엇",2
dev_1119.jpg,dev,OBJECT,OBJECT:무엇,1
dev_1120.jpg,dev,OBJECT,OBJECT:무엇,1
dev_1121.jpg,dev,OBJECT,OBJECT:무엇,1
dev_1122.jpg,dev,OBJECT,OBJECT:무엇,1
dev_1123.jpg,dev,OBJECT,OBJECT:무엇,1
dev_1124.jpg,dev,COMPOSITE,"SPELLING:이름.{0,3}(뭐|무엇);;OBJECT:무엇",2
dev_1125.jpg,dev,PRICE,PRICE:얼마,1
dev_1126.jpg,dev,OBJECT,OBJECT:무엇,1
dev_1127.jpg,dev,OBJECT,OBJECT:무엇,1
dev_1128.jpg,dev,OBJECT,OBJECT:무엇,1
dev_1129.jpg,dev,OBJECT,OBJECT:무엇,1
dev_1130.jpg,dev,OBJECT,OBJECT:있(나요|습니까|어),1
dev_1131.jpg,dev,COMPOSITE,NUMBER:번호;;OBJECT:무엇,2
dev_1132.jpg,dev,OBJECT,OBJECT:무엇,1
dev_1133.jpg,dev,OBJECT,OBJECT:무엇,1
dev_1134.jpg,dev,OBJECT,OBJECT:무엇,1
dev_1135.jpg,dev,UNKNOWN,,0
dev_1136.jpg,dev,COMPOSITE,NUMBER:번호;;OBJECT:무엇,2
dev_1137.jpg,dev,OBJECT,OBJECT:무엇,1
dev_1138.jpg,dev,OBJECT,OBJECT:무엇,1
dev_1139.jpg,dev,PRICE,PRICE:가격,1
dev_1140.jpg,dev,UNKNOWN,,0
dev_1141.jpg,dev,PRICE,PRICE:가격,1
dev_1142.jpg,dev,COMPOSITE,TABLE:항목;;OBJECT:무엇,2
dev_1143.jpg,dev,UNKNOWN,,0
dev_1144.jpg,dev,OBJECT,OBJECT:무엇,1
dev_1145.jpg,dev,OBJECT,OBJECT:무엇,1
dev_1146.jpg,dev,OBJECT,OBJECT:무엇,1
dev_1147.jpg,dev,COMPOSITE,"SPELLING:이름.{0,3}(뭐|무엇);;OBJECT:무엇",2
dev_1148.jpg,dev,OBJECT,OBJECT:무엇,1
dev_1149.jpg,dev,COMPOSITE,NUMBER:번호;;OBJECT:무엇,2
dev_1150.jpg,dev,OBJECT,OBJECT:무엇,1
dev_1151.jpg,dev,COMPOSITE,NUMBER:번호;;OBJECT:있(나요|습니까|어),2
dev_1152.jpg,dev,OBJECT,OBJECT:무엇,1
dev_1153.jpg,dev,NUMBER,NUMBER:몇\s*번,1
dev_1154.jpg,dev,UNKNOWN,,0
dev_1155.jpg,dev,COMPOSITE,TIMEDATE:몇\s*시;;OBJECT:있(나요|습니까|어),2
dev_1156.jpg,dev,COMPOSITE,PRICE:가격;;OBJECT:무엇,2
dev_1157.jpg,dev,OBJECT,OBJECT:있(나요|습니까|어),1
dev_1158.jpg,dev,OBJECT,OBJECT:무엇,1
dev_1159.jpg,dev,COMPOSITE,"SPELLING:이름.{0,3}(뭐|무엇);;OBJECT:무엇",2
dev_1160.jpg,dev,OBJECT,OBJECT:무엇,1
dev_1161.jpg,dev,OBJECT,OBJECT:무엇,1
dev_1162.jpg,dev,COMPOSITE,LOGO:브랜드;;OBJECT:무엇,2
dev_1163.jpg,dev,OBJECT,OBJECT:무엇,1
dev_1164.jpg,dev,COMPOSITE,"SPELLING:이름.{0,3}(뭐|무엇);;OBJECT:무엇",2
dev_1165.jpg,dev,OBJECT,OBJECT:무엇,1
dev_1166.jpg,dev,COMPOSITE,PRICE:가격;;OBJECT:무엇,2
dev_1167.jpg,dev,TIMEDATE,TIMEDATE:언제,1
dev_1168.jpg,dev,COMPOSITE,TIMEDATE:몇\s*시;;TABLE:표\s*안,2
dev_1169.jpg,dev,COMPOSITE,NUMBER:번호;;OBJECT:무엇,2
dev_1170.jpg,dev,OBJECT,OBJECT:있(나요|습니까|어),1
dev_1171.jpg,dev,COMPOSITE,OBJECT:무엇;;RELATION:왼쪽,2
dev_1172.jpg,dev,OBJECT,OBJECT:무엇,1
dev_1173.jpg,dev,OBJECT,OBJECT:무엇,1
dev_1174.jpg,dev,COMPOSITE,OBJECT:무엇;;RELATION:아래,2
dev_1175.jpg,dev,TIMEDATE,TIMEDATE:언제,1
dev_1176.jpg,dev,COMPOSITE,"SPELLING:이름.{0,3}(뭐|무엇);;OBJECT:무엇",2
dev_1177.jpg,dev,COMPOSITE,NUMBER:번호;;OBJECT:무엇,2
dev_1178.jpg,dev,COMPOSITE,TABLE:표에서;;OBJECT:무엇,2
dev_1179.jpg,dev,OBJECT,OBJECT:무엇,1
dev_1180.jpg,dev,PRICE,PRICE:얼마,1
dev_1181.jpg,dev,OBJECT,OBJECT:무엇,1
dev_1182.jpg,dev,UNKNOWN,,0
dev_1183.jpg,dev,COMPOSITE,NUMBER:번호;;OBJECT:무엇,2
dev_1184.jpg,dev,OBJECT,OBJECT:있(나요|습니까|어),1
dev_1185.jpg,dev,COMPOSITE,PRICE:가격;;OBJECT:무엇,2
dev_1186.jpg,dev,OBJECT,OBJECT:무엇,1
dev_1187.jpg,dev,OBJECT,OBJECT:무엇,1
dev_1188.jpg,dev,COMPOSITE,NUMBER:번호;;OBJECT:무엇,2
dev_1189.jpg,dev,PRICE,PRICE:가격,1
dev_1190.jpg,dev,PRICE,PRICE:가격,1
dev_1191.jpg,dev,OBJECT,OBJECT:무엇,1
dev_1192.jpg,dev,COMPOSITE,OBJECT:무엇;;RELATION:왼쪽,2
dev_1193.jpg,dev,COMPOSITE,NUMBER:번호;;OBJECT:무엇,2
dev_1194.jpg,dev,OBJECT,OBJECT:있(나요|습니까|어),1
dev_1195.jpg,dev,OBJECT,OBJECT:무엇,1
dev_1196.jpg,dev,UNKNOWN,,0
dev_1197.jpg,dev,TIMEDATE,TIMEDATE:언제,1
dev_1198.jpg,dev,COMPOSITE,NUMBER:번호;;OBJECT:무엇,2
dev_1199.jpg,dev,OBJECT,OBJECT:무엇,1
dev_1200.jpg,dev,UNKNOWN,,0
dev_1201.jpg,dev,OBJECT,OBJECT:무엇,1
dev_1202.jpg,dev,OBJECT,OBJECT:무엇,1
dev_1203.jpg,dev,OBJECT,OBJECT:무엇,1
dev_1204.jpg,dev,COMPOSITE,SPELLING:글자;;OBJECT:무엇,2
dev_1205.jpg,dev,PRICE,PRICE:가격,1
dev_1206.jpg,dev,COMPOSITE,"SPELLING:이름.{0,3}(뭐|무엇);;LOGO:브랜드;;OBJECT:무엇",3
dev_1207.jpg,dev,UNKNOWN,,0
dev_1208.jpg,dev,OBJECT,OBJECT:무엇,1
dev_1209.jpg,dev,UNKNOWN,,0
dev_1210.jpg,dev,OBJECT,OBJECT:무엇,1
dev_1211.jpg,dev,PRICE,PRICE:가격,1
dev_1212.jpg,dev,OBJECT,OBJECT:무엇,1
dev_1213.jpg,dev,OBJECT,OBJECT:무엇,1
dev_1214.jpg,dev,OBJECT,OBJECT:무엇,1
dev_1215.jpg,dev,UNKNOWN,,0
dev_1216.jpg,dev,OBJECT,OBJECT:무엇,1
dev_1217.jpg,dev,TIMEDATE,TIMEDATE:언제,1
dev_1218.jpg,dev,COMPOSITE,"SPELLING:이름.{0,3}(뭐|무엇);;OBJECT:무엇",2
dev_1219.jpg,dev,OBJECT,OBJECT:무엇,1
dev_1220.jpg,dev,COMPOSITE,PRICE:가격;;OBJECT:무엇,2
dev_1221.jpg,dev,OBJECT,OBJECT:무엇,1
dev_1222.jpg,dev,OBJECT,OBJECT:무엇,1
dev_1223.jpg,dev,PRICE,PRICE:얼마,1
dev_1224.jpg,dev,NUMBER,NUMBER:번호,1
dev_1225.jpg,dev,OBJECT,OBJECT:무엇,1
dev_1226.jpg,dev,OBJECT,OBJECT:무엇,1
dev_1227.jpg,dev,UNKNOWN,,0
dev_1228.jpg,dev,OBJECT,OBJECT:무엇,1
dev_1229.jpg,dev,COMPOSITE,"SPELLING:이름.{0,3}(뭐|무엇);;OBJECT:무엇",2
dev_1230.jpg,dev,OBJECT,OBJECT:무엇,1
dev_1231.jpg,dev,OBJECT,OBJECT:무엇,1
dev_1232.jpg,dev,OBJECT,OBJECT:무엇,1
dev_1233.jpg,dev,PRICE,PRICE:가격,1
dev_1234.jpg,dev,COMPOSITE,SPELLING:글자;;OBJECT:무엇,2
dev_1235.jpg,dev,COMPOSITE,OBJECT:무엇;;RELATION:아래,2
dev_1236.jpg,dev,OBJECT,OBJECT:무엇,1
dev_1237.jpg,dev,PRICE,PRICE:가격,1
dev_1238.jpg,dev,OBJECT,OBJECT:무엇,1
dev_1239.jpg,dev,OBJECT,OBJECT:무엇,1
dev_1240.jpg,dev,OBJECT,OBJECT:무엇,1
dev_1241.jpg,dev,OBJECT,OBJECT:무엇,1
dev_1242.jpg,dev,COMPOSITE,"SPELLING:이름.{0,3}(뭐|무엇);;OBJECT:무엇",2
dev_1243.jpg,dev,OBJECT,OBJECT:무엇,1
dev_1244.jpg,dev,COMPOSITE,"SPELLING:이름.{0,3}(뭐|무엇);;OBJECT:무엇",2
dev_1245.jpg,dev,COMPOSITE,"SPELLING:이름.{0,3}(뭐|무엇);;OBJECT:무엇",2
dev_1246.jpg,dev,OBJECT,OBJECT:있(나요|습니까|어),1
dev_1247.jpg,dev,COMPOSITE,NUMBER:번호;;OBJECT:무엇,2
dev_1248.jpg,dev,OBJECT,OBJECT:무엇,1
dev_1249.jpg,dev,COMPOSITE,"SPELLING:이름.{0,3}(뭐|무엇);;OBJECT:무엇",2
dev_1250.jpg,dev,COMPOSITE,"SPELLING:이름.{0,3}(뭐|무엇);;OBJECT:무엇",2
dev_1251.jpg,dev,PRICE,PRICE:가격,1
dev_1252.jpg,dev,COMPOSITE,"SPELLING:이름.{0,3}(뭐|무엇);;LOGO:브랜드;;OBJECT:무엇",3
dev_1253.jpg,dev,UNKNOWN,,0
dev_1254.jpg,dev,OBJECT,OBJECT:무엇,1
dev_1255.jpg,dev,OBJECT,OBJECT:무엇,1
dev_1256.jpg,dev,OBJECT,OBJECT:무엇,1
dev_1257.jpg,dev,OBJECT,OBJECT:있(나요|습니까|어),1
dev_1258.jpg,dev,OBJECT,OBJECT:무엇,1
dev_1259.jpg,dev,PRICE,PRICE:얼마,1
dev_1260.jpg,dev,COMPOSITE,"SPELLING:이름.{0,3}(뭐|무엇);;OBJECT:무엇",2
dev_1261.jpg,dev,COMPOSITE,"SPELLING:이름.{0,3}(뭐|무엇);;OBJECT:무엇",2
dev_1262.jpg,dev,OBJECT,OBJECT:무엇,1
dev_1263.jpg,dev,OBJECT,OBJECT:무엇,1
dev_1264.jpg,dev,COMPOSITE,PRICE:가격;;LOGO:브랜드,2
dev_1265.jpg,dev,OBJECT,OBJECT:무엇,1
dev_1266.jpg,dev,OBJECT,OBJECT:무엇,1
dev_1267.jpg,dev,COMPOSITE,SPELLING:글자;;OBJECT:무엇,2
dev_1268.jpg,dev,COMPOSITE,"SPELLING:이름.{0,3}(뭐|무엇);;OBJECT:무엇",2
dev_1269.jpg,dev,COMPOSITE,"SPELLING:이름.{0,3}(뭐|무엇);;OBJECT:무엇",2
dev_1270.jpg,dev,OBJECT,OBJECT:무엇,1
dev_1271.jpg,dev,UNKNOWN,,0
dev_1272.jpg,dev,OBJECT,OBJECT:무엇,1
dev_1273.jpg,dev,OBJECT,OBJECT:무엇,1
dev_1274.jpg,dev,LOGO,LOGO:브랜드,1
dev_1275.jpg,dev,OBJECT,OBJECT:무엇,1
dev_1276.jpg,dev,COMPOSITE,"SPELLING:이름.{0,3}(뭐|무엇);;OBJECT:무엇",2
dev_1277.jpg,dev,OBJECT,OBJECT:무엇,1
dev_1278.jpg,dev,OBJECT,OBJECT:무엇,1
dev_1279.jpg,dev,OBJECT,OBJECT:무엇,1
dev_1280.jpg,dev,COMPOSITE,"SPELLING:이름.{0,3}(뭐|무엇);;OBJECT:무엇",2
dev_1281.jpg,dev,OBJECT,OBJECT:무엇,1
dev_1282.jpg,dev,COMPOSITE,"SPELLING:이름.{0,3}(뭐|무엇);;OBJECT:무엇",2
dev_1283.jpg,dev,OBJECT,OBJECT:무엇,1
dev_1284.jpg,dev,OBJECT,OBJECT:무엇,1
dev_1285.jpg,dev,UNKNOWN,,0
dev_1286.jpg,dev,COMPOSITE,NUMBER:번호;;OBJECT:무엇,2
dev_1287.jpg,dev,OBJECT,OBJECT:무엇,1
dev_1288.jpg,dev,OBJECT,OBJECT:무엇,1
dev_1289.jpg,dev,COMPOSITE,OBJECT:무엇;;RELATION:순서,2
dev_1290.jpg,dev,COMPOSITE,"SPELLING:이름.{0,3}(뭐|무엇);;LOGO:브랜드;;OBJECT:무엇;;RELATION:옆에",4
dev_1291.jpg,dev,COMPOSITE,"SPELLING:이름.{0,3}(뭐|무엇);;OBJECT:무엇",2
dev_1292.jpg,dev,OBJECT,OBJECT:무엇,1
dev_1293.jpg,dev,COMPOSITE,"SPELLING:이름.{0,3}(뭐|무엇);;OBJECT:무엇;;RELATION:왼쪽",3
dev_1294.jpg,dev,OBJECT,OBJECT:무엇,1
dev_1295.jpg,dev,COMPOSITE,OBJECT:무엇;;RELATION:아래,2
dev_1296.jpg,dev,COMPOSITE,NUMBER:번호;;OBJECT:무엇,2
dev_1297.jpg,dev,PRICE,PRICE:얼마,1
dev_1298.jpg,dev,COMPOSITE,TIMEDATE:요일;;OBJECT:무엇,2
dev_1299.jpg,dev,OBJECT,OBJECT:무엇,1
dev_1300.jpg,dev,TIMEDATE,TIMEDATE:언제,1
dev_1301.jpg,dev,OBJECT,OBJECT:무엇,1
dev_1302.jpg,dev,OBJECT,OBJECT:무엇,1
dev_1303.jpg,dev,OBJECT,OBJECT:무엇,1
dev_1304.jpg,dev,COMPOSITE,SPELLING:글자;;OBJECT:무엇;;RELATION:옆에,3
dev_1305.jpg,dev,OBJECT,OBJECT:무엇,1
dev_1306.jpg,dev,OBJECT,OBJECT:무엇,1
dev_1307.jpg,dev,OBJECT,OBJECT:무엇,1
dev_1308.jpg,dev,COMPOSITE,"SPELLING:이름.{0,3}(뭐|무엇);;LOGO:브랜드;;OBJECT:무엇",3
dev_1309.jpg,dev,COMPOSITE,LOGO:브랜드;;OBJECT:무엇,2
dev_1310.jpg,dev,COMPOSITE,"SPELLING:이름.{0,3}(뭐|무엇);;OBJECT:무엇",2
dev_1311.jpg,dev,OBJECT,OBJECT:무엇,1
dev_1312.jpg,dev,OBJECT,OBJECT:무엇,1
dev_1313.jpg,dev,COMPOSITE,"SPELLING:이름.{0,3}(뭐|무엇);;OBJECT:무엇",2
dev_1314.jpg,dev,COMPOSITE,"SPELLING:이름.{0,3}(뭐|무엇);;OBJECT:무엇",2
dev_1315.jpg,dev,OBJECT,OBJECT:무엇,1
dev_1316.jpg,dev,OBJECT,OBJECT:무엇,1
dev_1317.jpg,dev,COMPOSITE,PRICE:얼마;;TABLE:항목,2
dev_1318.jpg,dev,OBJECT,OBJECT:무엇,1
dev_1319.jpg,dev,COMPOSITE,PRICE:가격;;LOGO:브랜드,2
dev_1320.jpg,dev,COMPOSITE,"SPELLING:이름.{0,3}(뭐|무엇);;OBJECT:무엇",2
dev_1321.jpg,dev,OBJECT,OBJECT:무엇,1
dev_1322.jpg,dev,OBJECT,OBJECT:무엇,1
dev_1323.jpg,dev,PRICE,PRICE:가격,1
dev_1324.jpg,dev,COMPOSITE,PRICE:가격;;OBJECT:무엇,2
dev_1325.jpg,dev,OBJECT,OBJECT:무엇,1
dev_1326.jpg,dev,COMPOSITE,"SPELLING:이름.{0,3}(뭐|무엇);;OBJECT:무엇",2
dev_1327.jpg,dev,OBJECT,OBJECT:무엇,1
dev_1328.jpg,dev,OBJECT,OBJECT:무엇,1
dev_1329.jpg,dev,OBJECT,OBJECT:무엇,1
dev_1330.jpg,dev,OBJECT,OBJECT:무엇,1
dev_1331.jpg,dev,COMPOSITE,"SPELLING:이름.{0,3}(뭐|무엇);;OBJECT:무엇",2
dev_1332.jpg,dev,OBJECT,OBJECT:있(나요|습니까|어),1
dev_1333.jpg,dev,COMPOSITE,"SPELLING:이름.{0,3}(뭐|무엇);;OBJECT:무엇;;RELATION:아래",3
dev_1334.jpg,dev,PRICE,PRICE:얼마,1
dev_1335.jpg,dev,COMPOSITE,TABLE:표에서;;OBJECT:무엇,2
dev_1336.jpg,dev,OBJECT,OBJECT:무엇,1
dev_1337.jpg,dev,COMPOSITE,NUMBER:번호;;OBJECT:무엇,2
dev_1338.jpg,dev,COMPOSITE,NUMBER:번호;;OBJECT:무엇,2
dev_1339.jpg,dev,OBJECT,OBJECT:무엇,1
dev_1340.jpg,dev,COMPOSITE,PRICE:가격;;OBJECT:무엇,2
dev_1341.jpg,dev,OBJECT,OBJECT:무엇,1
dev_1342.jpg,dev,COMPOSITE,NUMBER:번호;;OBJECT:무엇,2
dev_1343.jpg,dev,OBJECT,OBJECT:무엇,1
dev_1344.jpg,dev,OBJECT,OBJECT:무엇,1
dev_1345.jpg,dev,PRICE,PRICE:얼마,1
dev_1346.jpg,dev,PRICE,PRICE:얼마,1
dev_1347.jpg,dev,COMPOSITE,NUMBER:몇\s*번;;OBJECT:있(나요|습니까|어),2
dev_1348.jpg,dev,PRICE,PRICE:가격,1
dev_1349.jpg,dev,OBJECT,OBJECT:무엇,1
dev_1350.jpg,dev,COMPOSITE,PRICE:얼마;;OBJECT:있(나요|습니까|어),2
dev_1351.jpg,dev,OBJECT,OBJECT:무엇,1
dev_1352.jpg,dev,OBJECT,OBJECT:무엇,1
dev_1353.jpg,dev,OBJECT,OBJECT:무엇,1
dev_1354.jpg,dev,OBJECT,OBJECT:무엇,1
dev_1355.jpg,dev,PRICE,PRICE:얼마,1
dev_1356.jpg,dev,OBJECT,OBJECT:무엇,1
dev_1357.jpg,dev,OBJECT,OBJECT:있(나요|습니까|어),1
dev_1358.jpg,dev,OBJECT,OBJECT:무엇,1
dev_1359.jpg,dev,PRICE,PRICE:얼마,1
dev_1360.jpg,dev,OBJECT,OBJECT:무엇,1
dev_1361.jpg,dev,OBJECT,OBJECT:있(나요|습니까|어),1
dev_1362.jpg,dev,OBJECT,OBJECT:무엇,1
dev_1363.jpg,dev,COMPOSITE,NUMBER:번호;;OBJECT:무엇,2
dev_1364.jpg,dev,COMPOSITE,LOGO:브랜드;;OBJECT:무엇,2
dev_1365.jpg,dev,OBJECT,OBJECT:무엇,1
dev_1366.jpg,dev,UNKNOWN,,0
dev_1367.jpg,dev,COMPOSITE,NUMBER:번호;;OBJECT:무엇,2
dev_1368.jpg,dev,OBJECT,OBJECT:무엇,1
dev_1369.jpg,dev,COMPOSITE,SPELLING:글자;;OBJECT:무엇,2
dev_1370.jpg,dev,OBJECT,OBJECT:무엇,1
dev_1371.jpg,dev,UNKNOWN,,0
dev_1372.jpg,dev,UNKNOWN,,0
dev_1373.jpg,dev,COMPOSITE,"SPELLING:이름.{0,3}(뭐|무엇);;OBJECT:무엇",2
dev_1374.jpg,dev,UNKNOWN,,0
dev_1375.jpg,dev,COMPOSITE,PRICE:가격;;OBJECT:무엇;;RELATION:아래,3
dev_1376.jpg,dev,OBJECT,OBJECT:무엇,1
dev_1377.jpg,dev,OBJECT,OBJECT:있(나요|습니까|어),1
dev_1378.jpg,dev,COMPOSITE,"SPELLING:이름.{0,3}(뭐|무엇);;OBJECT:무엇",2
dev_1379.jpg,dev,OBJECT,OBJECT:있(나요|습니까|어),1
dev_1380.jpg,dev,COMPOSITE,NUMBER:몇\s*개;;OBJECT:있(나요|습니까|어),2
dev_1381.jpg,dev,OBJECT,OBJECT:무엇,1
dev_1382.jpg,dev,COMPOSITE,SPELLING:글자;;OBJECT:무엇,2
dev_1383.jpg,dev,OBJECT,OBJECT:무엇,1
dev_1384.jpg,dev,OBJECT,OBJECT:무엇,1
dev_1385.jpg,dev,COMPOSITE,"SPELLING:이름.{0,3}(뭐|무엇);;OBJECT:무엇",2
dev_1386.jpg,dev,PRICE,PRICE:가격,1
dev_1387.jpg,dev,COMPOSITE,NUMBER:번호;;OBJECT:무엇,2
dev_1388.jpg,dev,COMPOSITE,SPELLING:글자;;OBJECT:무엇,2
dev_1389.jpg,dev,OBJECT,OBJECT:무엇,1
dev_1390.jpg,dev,UNKNOWN,,0
dev_1391.jpg,dev,OBJECT,OBJECT:무엇,1
dev_1392.jpg,dev,COMPOSITE,"SPELLING:이름.{0,3}(뭐|무엇);;OBJECT:무엇",2
dev_1393.jpg,dev,UNKNOWN,,0
dev_1394.jpg,dev,COMPOSITE,SPELLING:글자;;OBJECT:무엇,2
dev_1395.jpg,dev,OBJECT,OBJECT:무엇,1
dev_1396.jpg,dev,COMPOSITE,"SPELLING:이름.{0,3}(뭐|무엇);;OBJECT:무엇",2
dev_1397.jpg,dev,OBJECT,OBJECT:무엇,1
dev_1398.jpg,dev,COMPOSITE,"SPELLING:이름.{0,3}(뭐|무엇);;OBJECT:무엇",2
dev_1399.jpg,dev,COMPOSITE,LOGO:브랜드;;OBJECT:있(나요|습니까|어),2
dev_1400.jpg,dev,COMPOSITE,"SPELLING:이름.{0,3}(뭐|무엇);;OBJECT:무엇",2
dev_1401.jpg,dev,OBJECT,OBJECT:무엇,1
dev_1402.jpg,dev,COMPOSITE,"SPELLING:이름.{0,3}(뭐|무엇);;OBJECT:무엇",2
dev_1403.jpg,dev,OBJECT,OBJECT:있(나요|습니까|어),1
dev_1404.jpg,dev,OBJECT,OBJECT:무엇,1
dev_1405.jpg,dev,COMPOSITE,TIMEDATE:기간;;OBJECT:무엇,2
dev_1406.jpg,dev,OBJECT,OBJECT:무엇,1
dev_1407.jpg,dev,OBJECT,OBJECT:무엇,1
dev_1408.jpg,dev,OBJECT,OBJECT:무엇,1
dev_1409.jpg,dev,OBJECT,OBJECT:무엇,1
dev_1410.jpg,dev,PRICE,PRICE:가격,1
dev_1411.jpg,dev,OBJECT,OBJECT:무엇,1
dev_1412.jpg,dev,OBJECT,OBJECT:무엇,1
dev_1413.jpg,dev,COMPOSITE,SPELLING:글자;;OBJECT:무엇,2
dev_1414.jpg,dev,OBJECT,OBJECT:무엇,1
dev_1415.jpg,dev,OBJECT,OBJECT:무엇,1
dev_1416.jpg,dev,UNKNOWN,,0
dev_1417.jpg,dev,OBJECT,OBJECT:무엇,1
dev_1418.jpg,dev,OBJECT,OBJECT:있(나요|습니까|어),1
dev_1419.jpg,dev,OBJECT,OBJECT:있(나요|습니까|어),1
dev_1420.jpg,dev,COMPOSITE,LOGO:브랜드;;OBJECT:무엇;;RELATION:옆에,3
dev_1421.jpg,dev,COMPOSITE,PRICE:원가;;OBJECT:무엇,2
dev_1422.jpg,dev,OBJECT,OBJECT:무엇,1
dev_1423.jpg,dev,OBJECT,OBJECT:무엇,1
dev_1424.jpg,dev,OBJECT,OBJECT:무엇,1
dev_1425.jpg,dev,OBJECT,OBJECT:무엇,1
dev_1426.jpg,dev,OBJECT,OBJECT:무엇,1
dev_1427.jpg,dev,UNKNOWN,,0
dev_1428.jpg,dev,UNKNOWN,,0
dev_1429.jpg,dev,OBJECT,OBJECT:무엇,1
dev_1430.jpg,dev,OBJECT,OBJECT:무엇,1
dev_1431.jpg,dev,OBJECT,OBJECT:있(나요|습니까|어),1
dev_1432.jpg,dev,COMPOSITE,SPELLING:글자;;OBJECT:무엇,2
dev_1433.jpg,dev,OBJECT,OBJECT:무엇,1
dev_1434.jpg,dev,OBJECT,OBJECT:있(나요|습니까|어),1
dev_1435.jpg,dev,COMPOSITE,PRICE:가격;;OBJECT:무엇,2
dev_1436.jpg,dev,OBJECT,OBJECT:무엇,1
dev_1437.jpg,dev,OBJECT,OBJECT:무엇,1
dev_1438.jpg,dev,PRICE,PRICE:가격,1
dev_1439.jpg,dev,OBJECT,OBJECT:무엇,1
dev_1440.jpg,dev,OBJECT,OBJECT:무엇,1
dev_1441.jpg,dev,OBJECT,OBJECT:있(나요|습니까|어),1
dev_1442.jpg,dev,OBJECT,OBJECT:무엇,1
dev_1443.jpg,dev,OBJECT,OBJECT:무엇,1
dev_1444.jpg,dev,COMPOSITE,"SPELLING:이름.{0,3}(뭐|무엇);;OBJECT:무엇",2
dev_1445.jpg,dev,OBJECT,OBJECT:있(나요|습니까|어),1
dev_1446.jpg,dev,OBJECT,OBJECT:무엇,1
dev_1447.jpg,dev,COMPOSITE,"SPELLING:이름.{0,3}(뭐|무엇);;OBJECT:무엇",2
dev_1448.jpg,dev,TIMEDATE,TIMEDATE:언제,1
dev_1449.jpg,dev,OBJECT,OBJECT:무엇,1
dev_1450.jpg,dev,COMPOSITE,"SPELLING:이름.{0,3}(뭐|무엇);;OBJECT:무엇",2
dev_1451.jpg,dev,OBJECT,OBJECT:있(나요|습니까|어),1
dev_1452.jpg,dev,COMPOSITE,LOGO:브랜드;;OBJECT:무엇,2
dev_1453.jpg,dev,COMPOSITE,"SPELLING:이름.{0,3}(뭐|무엇);;OBJECT:무엇",2
dev_1454.jpg,dev,OBJECT,OBJECT:무엇,1
dev_1455.jpg,dev,OBJECT,OBJECT:무엇,1
dev_1456.jpg,dev,COMPOSITE,"SPELLING:이름.{0,3}(뭐|무엇);;OBJECT:무엇",2
dev_1457.jpg,dev,COMPOSITE,"SPELLING:이름.{0,3}(뭐|무엇);;OBJECT:무엇",2
dev_1458.jpg,dev,NUMBER,NUMBER:몇\s*개,1
dev_1459.jpg,dev,COMPOSITE,SPELLING:글자;;OBJECT:무엇;;RELATION:왼쪽,3
dev_1460.jpg,dev,OBJECT,OBJECT:무엇,1
dev_1461.jpg,dev,UNKNOWN,,0
dev_1462.jpg,dev,NUMBER,NUMBER:번호,1
dev_1463.jpg,dev,OBJECT,OBJECT:무엇,1
dev_1464.jpg,dev,TIMEDATE,TIMEDATE:언제,1
dev_1465.jpg,dev,UNKNOWN,,0
dev_1466.jpg,dev,COMPOSITE,SPELLING:글자;;OBJECT:무엇,2
dev_1467.jpg,dev,UNKNOWN,,0
dev_1468.jpg,dev,COMPOSITE,OBJECT:무엇;;RELATION:위에,2
dev_1469.jpg,dev,COMPOSITE,PRICE:얼마;;OBJECT:있(나요|습니까|어),2
dev_1470.jpg,dev,OBJECT,OBJECT:무엇,1
dev_1471.jpg,dev,PRICE,PRICE:가격,1
dev_1472.jpg,dev,PRICE,PRICE:얼마,1
dev_1473.jpg,dev,COMPOSITE,"SPELLING:이름.{0,3}(뭐|무엇);;OBJECT:무엇",2
dev_1474.jpg,dev,PRICE,PRICE:얼마,1
dev_1475.jpg,dev,COMPOSITE,OBJECT:무엇;;RELATION:오른쪽,2
dev_1476.jpg,dev,COMPOSITE,"SPELLING:이름.{0,3}(뭐|무엇);;OBJECT:무엇",2
dev_1477.jpg,dev,COMPOSITE,"SPELLING:이름.{0,3}(뭐|무엇);;OBJECT:무엇",2
dev_1478.jpg,dev,OBJECT,OBJECT:있(나요|습니까|어),1
dev_1479.jpg,dev,OBJECT,OBJECT:사물,1
dev_1480.jpg,dev,UNKNOWN,,0
dev_1481.jpg,dev,UNKNOWN,,0
dev_1482.jpg,dev,COMPOSITE,"SPELLING:이름.{0,3}(뭐|무엇);;OBJECT:무엇",2
dev_1483.jpg,dev,OBJECT,OBJECT:무엇,1
dev_1484.jpg,dev,OBJECT,OBJECT:무엇,1
dev_1485.jpg,dev,OBJECT,OBJECT:무엇,1
dev_1486.jpg,dev,OBJECT,OBJECT:무엇,1
dev_1487.jpg,dev,OBJECT,OBJECT:무엇,1
dev_1488.jpg,dev,OBJECT,OBJECT:있(나요|습니까|어),1
dev_1489.jpg,dev,OBJECT,OBJECT:무엇,1
dev_1490.jpg,dev,OBJECT,OBJECT:무엇,1
dev_1491.jpg,dev,OBJECT,OBJECT:무엇,1
dev_1492.jpg,dev,COMPOSITE,OBJECT:무엇;;RELATION:왼쪽,2
dev_1493.jpg,dev,OBJECT,OBJECT:무엇,1
dev_1494.jpg,dev,OBJECT,OBJECT:무엇,1
dev_1495.jpg,dev,OBJECT,OBJECT:무엇,1
dev_1496.jpg,dev,COMPOSITE,"SPELLING:이름.{0,3}(뭐|무엇);;OBJECT:무엇",2
dev_1497.jpg,dev,OBJECT,OBJECT:무엇,1
dev_1498.jpg,dev,COMPOSITE,"SPELLING:이름.{0,3}(뭐|무엇);;OBJECT:무엇",2
dev_1499.jpg,dev,OBJECT,OBJECT:무엇,1
dev_1500.jpg,dev,OBJECT,OBJECT:무엇,1
dev_1501.jpg,dev,OBJECT,OBJECT:무엇,1
dev_1502.jpg,dev,OBJECT,OBJECT:무엇,1
dev_1503.jpg,dev,OBJECT,OBJECT:무엇,1
dev_1504.jpg,dev,COMPOSITE,PRICE:가격;;OBJECT:무엇,2
dev_1505.jpg,dev,COMPOSITE,PRICE:가격;;NUMBER:번호;;OBJECT:무엇,3
dev_1506.jpg,dev,COMPOSITE,PRICE:가격;;OBJECT:무엇,2
dev_1507.jpg,dev,COMPOSITE,"SPELLING:이름.{0,3}(뭐|무엇);;OBJECT:무엇",2
dev_1508.jpg,dev,OBJECT,OBJECT:무엇,1
dev_1509.jpg,dev,PRICE,PRICE:가격,1
dev_1510.jpg,dev,OBJECT,OBJECT:있(나요|습니까|어),1
dev_1511.jpg,dev,OBJECT,OBJECT:무엇,1
dev_1512.jpg,dev,OBJECT,OBJECT:무엇,1
dev_1513.jpg,dev,OBJECT,OBJECT:무엇,1
dev_1514.jpg,dev,UNKNOWN,,0
dev_1515.jpg,dev,PRICE,PRICE:가격,1
dev_1516.jpg,dev,OBJECT,OBJECT:무엇,1
dev_1517.jpg,dev,COMPOSITE,NUMBER:번호;;OBJECT:무엇,2
dev_1518.jpg,dev,UNKNOWN,,0
dev_1519.jpg,dev,OBJECT,OBJECT:무엇,1
dev_1520.jpg,dev,OBJECT,OBJECT:있(나요|습니까|어),1
dev_1521.jpg,dev,OBJECT,OBJECT:무엇,1
dev_1522.jpg,dev,COMPOSITE,NUMBER:번호;;OBJECT:무엇,2
dev_1523.jpg,dev,COMPOSITE,OBJECT:무엇;;RELATION:옆에,2
dev_1524.jpg,dev,OBJECT,OBJECT:무엇,1
dev_1525.jpg,dev,PRICE,PRICE:가격,1
dev_1526.jpg,dev,COMPOSITE,OBJECT:무엇;;RELATION:아래,2
dev_1527.jpg,dev,PRICE,PRICE:가격,1
dev_1528.jpg,dev,OBJECT,OBJECT:무엇,1
dev_1529.jpg,dev,OBJECT,OBJECT:무엇,1
dev_1530.jpg,dev,COMPOSITE,"SPELLING:이름.{0,3}(뭐|무엇);;OBJECT:무엇",2
dev_1531.jpg,dev,UNKNOWN,,0
dev_1532.jpg,dev,UNKNOWN,,0
dev_1533.jpg,dev,COMPOSITE,"SPELLING:이름.{0,3}(뭐|무엇);;OBJECT:무엇",2
dev_1534.jpg,dev,COMPOSITE,"SPELLING:이름.{0,3}(뭐|무엇);;LOGO:브랜드;;OBJECT:무엇",3
dev_1535.jpg,dev,OBJECT,OBJECT:무엇,1
dev_1536.jpg,dev,COMPOSITE,NUMBER:번호;;OBJECT:무엇,2
dev_1537.jpg,dev,OBJECT,OBJECT:무엇,1
dev_1538.jpg,dev,PRICE,PRICE:가격,1
dev_1539.jpg,dev,OBJECT,OBJECT:무엇,1
dev_1540.jpg,dev,COMPOSITE,NUMBER:번호;;OBJECT:무엇,2
dev_1541.jpg,dev,OBJECT,OBJECT:무엇,1
dev_1542.jpg,dev,OBJECT,OBJECT:무엇,1
dev_1543.jpg,dev,COMPOSITE,PRICE:가격;;OBJECT:무엇,2
dev_1544.jpg,dev,OBJECT,OBJECT:무엇,1
dev_1545.jpg,dev,RELATION,RELATION:왼쪽,1
dev_1546.jpg,dev,OBJECT,OBJECT:무엇,1
dev_1547.jpg,dev,TIMEDATE,TIMEDATE:언제,1
dev_1548.jpg,dev,OBJECT,OBJECT:무엇,1
dev_1549.jpg,dev,OBJECT,OBJECT:있(나요|습니까|어),1
dev_1550.jpg,dev,OBJECT,OBJECT:무엇,1
dev_1551.jpg,dev,COMPOSITE,"SPELLING:이름.{0,3}(뭐|무엇);;OBJECT:무엇",2
dev_1552.jpg,dev,COMPOSITE,"SPELLING:이름.{0,3}(뭐|무엇);;OBJECT:무엇",2
dev_1553.jpg,dev,OBJECT,OBJECT:있(나요|습니까|어),1
dev_1554.jpg,dev,COMPOSITE,"SPELLING:이름.{0,3}(뭐|무엇);;OBJECT:무엇",2
dev_1555.jpg,dev,OBJECT,OBJECT:무엇,1
dev_1556.jpg,dev,OBJECT,OBJECT:무엇,1
dev_1557.jpg,dev,COMPOSITE,"SPELLING:이름.{0,3}(뭐|무엇);;OBJECT:무엇",2
dev_1558.jpg,dev,UNKNOWN,,0
dev_1559.jpg,dev,COMPOSITE,"SPELLING:이름.{0,3}(뭐|무엇);;OBJECT:무엇",2
dev_1560.jpg,dev,OBJECT,OBJECT:무엇,1
dev_1561.jpg,dev,PRICE,PRICE:얼마,1
dev_1562.jpg,dev,COMPOSITE,NUMBER:번호;;OBJECT:무엇,2
dev_1563.jpg,dev,OBJECT,OBJECT:무엇,1
dev_1564.jpg,dev,OBJECT,OBJECT:무엇,1
dev_1565.jpg,dev,PRICE,PRICE:가격,1
dev_1566.jpg,dev,PRICE,PRICE:가격,1
dev_1567.jpg,dev,PRICE,PRICE:얼마,1
dev_1568.jpg,dev,UNKNOWN,,0
dev_1569.jpg,dev,UNKNOWN,,0
dev_1570.jpg,dev,OBJECT,OBJECT:무엇,1
dev_1571.jpg,dev,PRICE,PRICE:가격,1
dev_1572.jpg,dev,COMPOSITE,"SPELLING:이름.{0,3}(뭐|무엇);;OBJECT:무엇",2
dev_1573.jpg,dev,OBJECT,OBJECT:무엇,1
dev_1574.jpg,dev,COMPOSITE,LOGO:브랜드;;OBJECT:무엇,2
dev_1575.jpg,dev,OBJECT,OBJECT:무엇,1
dev_1576.jpg,dev,COMPOSITE,TIMEDATE:몇\s*시;;OBJECT:있(나요|습니까|어),2
dev_1577.jpg,dev,UNKNOWN,,0
dev_1578.jpg,dev,OBJECT,OBJECT:무엇,1
dev_1579.jpg,dev,OBJECT,OBJECT:무엇,1
dev_1580.jpg,dev,TIMEDATE,TIMEDATE:언제,1
dev_1581.jpg,dev,OBJECT,OBJECT:무엇,1
dev_1582.jpg,dev,OBJECT,OBJECT:무엇,1
dev_1583.jpg,dev,OBJECT,OBJECT:무엇,1
dev_1584.jpg,dev,COMPOSITE,PRICE:가격;;OBJECT:무엇,2
dev_1585.jpg,dev,OBJECT,OBJECT:무엇,1
dev_1586.jpg,dev,COMPOSITE,"SPELLING:이름.{0,3}(뭐|무엇);;OBJECT:무엇",2
dev_1587.jpg,dev,OBJECT,OBJECT:있(나요|습니까|어),1
dev_1588.jpg,dev,OBJECT,OBJECT:무엇,1
dev_1589.jpg,dev,UNKNOWN,,0
dev_1590.jpg,dev,OBJECT,OBJECT:무엇,1
dev_1591.jpg,dev,PRICE,PRICE:얼마,1
dev_1592.jpg,dev,OBJECT,OBJECT:무엇,1
dev_1593.jpg,dev,OBJECT,OBJECT:무엇,1
dev_1594.jpg,dev,COMPOSITE,"SPELLING:이름.{0,3}(뭐|무엇);;OBJECT:무엇",2
dev_1595.jpg,dev,COMPOSITE,"SPELLING:이름.{0,3}(뭐|무엇);;LOGO:브랜드;;OBJECT:무엇",3
dev_1596.jpg,dev,OBJECT,OBJECT:무엇,1
dev_1597.jpg,dev,PRICE,PRICE:얼마,1
dev_1598.jpg,dev,COMPOSITE,"SPELLING:이름.{0,3}(뭐|무엇);;OBJECT:무엇",2
dev_1599.jpg,dev,OBJECT,OBJECT:무엇,1
dev_1600.jpg,dev,UNKNOWN,,0
dev_1601.jpg,dev,UNKNOWN,,0
dev_1602.jpg,dev,OBJECT,OBJECT:무엇,1
dev_1603.jpg,dev,PRICE,PRICE:가격,1
dev_1604.jpg,dev,OBJECT,OBJECT:무엇,1
dev_1605.jpg,dev,COMPOSITE,"SPELLING:이름.{0,3}(뭐|무엇);;OBJECT:무엇",2
dev_1606.jpg,dev,OBJECT,OBJECT:무엇,1
dev_1607.jpg,dev,COMPOSITE,"SPELLING:이름.{0,3}(뭐|무엇);;OBJECT:무엇",2
dev_1608.jpg,dev,OBJECT,OBJECT:무엇,1
dev_1609.jpg,dev,OBJECT,OBJECT:무엇,1
dev_1610.jpg,dev,OBJECT,OBJECT:있(나요|습니까|어),1
dev_1611.jpg,dev,OBJECT,OBJECT:무엇,1
dev_1612.jpg,dev,OBJECT,OBJECT:무엇,1
dev_1613.jpg,dev,OBJECT,OBJECT:있(나요|습니까|어),1
dev_1614.jpg,dev,OBJECT,OBJECT:무엇,1
dev_1615.jpg,dev,OBJECT,OBJECT:무엇,1
dev_1616.jpg,dev,COMPOSITE,"SPELLING:이름.{0,3}(뭐|무엇);;OBJECT:무엇",2
dev_1617.jpg,dev,OBJECT,OBJECT:무엇,1
dev_1618.jpg,dev,OBJECT,OBJECT:무엇,1
dev_1619.jpg,dev,OBJECT,OBJECT:무엇,1
dev_1620.jpg,dev,PRICE,PRICE:가격,1
dev_1621.jpg,dev,COMPOSITE,"SPELLING:이름.{0,3}(뭐|무엇);;OBJECT:무엇",2
dev_1622.jpg,dev,COMPOSITE,NUMBER:번호;;OBJECT:무엇,2
dev_1623.jpg,dev,OBJECT,OBJECT:무엇,1
dev_1624.jpg,dev,PRICE,PRICE:가격,1
dev_1625.jpg,dev,COMPOSITE,PRICE:가격;;OBJECT:무엇;;RELATION:왼쪽,3
dev_1626.jpg,dev,OBJECT,OBJECT:무엇,1
dev_1627.jpg,dev,COMPOSITE,"SPELLING:이름.{0,3}(뭐|무엇);;OBJECT:무엇",2
dev_1628.jpg,dev,OBJECT,OBJECT:무엇,1
dev_1629.jpg,dev,OBJECT,OBJECT:무엇,1
dev_1630.jpg,dev,COMPOSITE,PRICE:가격;;OBJECT:무엇,2
dev_1631.jpg,dev,TIMEDATE,TIMEDATE:영업\s*시간,1
dev_1632.jpg,dev,COMPOSITE,NUMBER:번호;;OBJECT:무엇,2
dev_1633.jpg,dev,UNKNOWN,,0
dev_1634.jpg,dev,COMPOSITE,OBJECT:무엇;;RELATION:왼쪽,2
dev_1635.jpg,dev,COMPOSITE,"SPELLING:이름.{0,3}(뭐|무엇);;OBJECT:무엇",2
dev_1636.jpg,dev,COMPOSITE,"SPELLING:이름.{0,3}(뭐|무엇);;OBJECT:무엇",2
dev_1637.jpg,dev,PRICE,PRICE:얼마,1
dev_1638.jpg,dev,OBJECT,OBJECT:무엇,1
dev_1639.jpg,dev,COMPOSITE,OBJECT:무엇;;RELATION:옆에,2
dev_1640.jpg,dev,PRICE,PRICE:가격,1
dev_1641.jpg,dev,OBJECT,OBJECT:무엇,1
dev_1642.jpg,dev,OBJECT,OBJECT:무엇,1
dev_1643.jpg,dev,OBJECT,OBJECT:무엇,1
dev_1644.jpg,dev,COMPOSITE,NUMBER:번호;;OBJECT:무엇;;RELATION:옆에,3
dev_1645.jpg,dev,COMPOSITE,"SPELLING:이름.{0,3}(뭐|무엇);;OBJECT:무엇",2
dev_1646.jpg,dev,OBJECT,OBJECT:무엇,1
dev_1647.jpg,dev,OBJECT,OBJECT:무엇,1
dev_1648.jpg,dev,OBJECT,OBJECT:무엇,1
dev_1649.jpg,dev,UNKNOWN,,0
dev_1650.jpg,dev,OBJECT,OBJECT:무엇,1
dev_1651.jpg,dev,PRICE,PRICE:얼마,1
dev_1652.jpg,dev,OBJECT,OBJECT:무엇,1
dev_1653.jpg,dev,COMPOSITE,SPELLING:글자;;OBJECT:무엇,2
dev_1654.jpg,dev,PRICE,PRICE:가격,1
dev_1655.jpg,dev,PRICE,PRICE:가격,1
dev_1656.jpg,dev,COMPOSITE,"SPELLING:이름.{0,3}(뭐|무엇);;OBJECT:무엇",2
dev_1657.jpg,dev,OBJECT,OBJECT:무엇,1
dev_1658.jpg,dev,UNKNOWN,,0
dev_1659.jpg,dev,OBJECT,OBJECT:무엇,1
dev_1660.jpg,dev,OBJECT,OBJECT:있(나요|습니까|어),1
dev_1661.jpg,dev,OBJECT,OBJECT:무엇,1
dev_1662.jpg,dev,OBJECT,OBJECT:무엇,1
dev_1663.jpg,dev,OBJECT,OBJECT:무엇,1
dev_1664.jpg,dev,COMPOSITE,PRICE:가격;;OBJECT:무엇,2
dev_1665.jpg,dev,OBJECT,OBJECT:무엇,1
dev_1666.jpg,dev,OBJECT,OBJECT:무엇,1
dev_1667.jpg,dev,OBJECT,OBJECT:있(나요|습니까|어),1
dev_1668.jpg,dev,TIMEDATE,TIMEDATE:언제,1
dev_1669.jpg,dev,RELATION,RELATION:왼쪽,1
dev_1670.jpg,dev,COMPOSITE,NUMBER:번호;;OBJECT:무엇,2
dev_1671.jpg,dev,TIMEDATE,TIMEDATE:언제,1
dev_1672.jpg,dev,OBJECT,OBJECT:무엇,1
dev_1673.jpg,dev,OBJECT,OBJECT:있(나요|습니까|어),1
dev_1674.jpg,dev,OBJECT,OBJECT:무엇,1
dev_1675.jpg,dev,COMPOSITE,"SPELLING:이름.{0,3}(뭐|무엇);;OBJECT:무엇",2
dev_1676.jpg,dev,UNKNOWN,,0
dev_1677.jpg,dev,UNKNOWN,,0
dev_1678.jpg,dev,OBJECT,OBJECT:무엇,1
dev_1679.jpg,dev,COMPOSITE,OBJECT:무엇;;RELATION:오른쪽,2
dev_1680.jpg,dev,OBJECT,OBJECT:무엇,1
dev_1681.jpg,dev,OBJECT,OBJECT:무엇,1
dev_1682.jpg,dev,COMPOSITE,OBJECT:무엇;;RELATION:위에,2
dev_1683.jpg,dev,OBJECT,OBJECT:있(나요|습니까|어),1
dev_1684.jpg,dev,OBJECT,OBJECT:무엇,1
dev_1685.jpg,dev,UNKNOWN,,0
dev_1686.jpg,dev,OBJECT,OBJECT:있(나요|습니까|어),1
dev_1687.jpg,dev,PRICE,PRICE:가격,1
dev_1688.jpg,dev,OBJECT,OBJECT:무엇,1
dev_1689.jpg,dev,COMPOSITE,"SPELLING:이름.{0,3}(뭐|무엇);;OBJECT:무엇",2
dev_1690.jpg,dev,OBJECT,OBJECT:무엇,1
dev_1691.jpg,dev,COMPOSITE,"SPELLING:이름.{0,3}(뭐|무엇);;OBJECT:무엇",2
dev_1692.jpg,dev,COMPOSITE,SPELLING:글자;;OBJECT:무엇,2
dev_1693.jpg,dev,PRICE,PRICE:가격,1
dev_1694.jpg,dev,OBJECT,OBJECT:무엇,1
dev_1695.jpg,dev,COMPOSITE,"SPELLING:이름.{0,3}(뭐|무엇);;OBJECT:무엇",2
dev_1696.jpg,dev,OBJECT,OBJECT:무엇,1
dev_1697.jpg,dev,COMPOSITE,NUMBER:번호;;OBJECT:무엇,2
dev_1698.jpg,dev,OBJECT,OBJECT:무엇,1
dev_1699.jpg,dev,UNKNOWN,,0
dev_1700.jpg,dev,OBJECT,OBJECT:무엇,1
dev_1701.jpg,dev,OBJECT,OBJECT:무엇,1
dev_1702.jpg,dev,PRICE,PRICE:가격,1
dev_1703.jpg,dev,COMPOSITE,NUMBER:번호;;OBJECT:무엇,2
dev_1704.jpg,dev,OBJECT,OBJECT:무엇,1
dev_1705.jpg,dev,OBJECT,OBJECT:무엇,1
dev_1706.jpg,dev,COMPOSITE,"SPELLING:이름.{0,3}(뭐|무엇);;OBJECT:무엇",2
dev_1707.jpg,dev,COMPOSITE,SPELLING:글자;;OBJECT:무엇;;RELATION:왼쪽,3
dev_1708.jpg,dev,COMPOSITE,"SPELLING:이름.{0,3}(뭐|무엇);;OBJECT:무엇",2
dev_1709.jpg,dev,OBJECT,OBJECT:무엇,1
dev_1710.jpg,dev,COMPOSITE,"SPELLING:이름.{0,3}(뭐|무엇);;OBJECT:무엇",2
dev_1711.jpg,dev,TIMEDATE,TIMEDATE:언제,1
dev_1712.jpg,dev,PRICE,PRICE:얼마,1
dev_1713.jpg,dev,COMPOSITE,TIMEDATE:언제;;OBJECT:있(나요|습니까|어),2
dev_1714.jpg,dev,OBJECT,OBJECT:무엇,1
dev_1715.jpg,dev,OBJECT,OBJECT:무엇,1
dev_1716.jpg,dev,OBJECT,OBJECT:무엇,1
dev_1717.jpg,dev,TIMEDATE,TIMEDATE:언제,1
dev_1718.jpg,dev,COMPOSITE,SPELLING:글자;;OBJECT:무엇,2
dev_1719.jpg,dev,OBJECT,OBJECT:무엇,1
dev_1720.jpg,dev,TIMEDATE,TIMEDATE:언제,1
dev_1721.jpg,dev,OBJECT,OBJECT:무엇,1
dev_1722.jpg,dev,OBJECT,OBJECT:무엇,1
dev_1723.jpg,dev,OBJECT,OBJECT:무엇,1
dev_1724.jpg,dev,TIMEDATE,TIMEDATE:언제,1
dev_1725.jpg,dev,COMPOSITE,TABLE:항목;;OBJECT:무엇,2
dev_1726.jpg,dev,OBJECT,OBJECT:무엇,1
dev_1727.jpg,dev,OBJECT,OBJECT:무엇,1
dev_1728.jpg,dev,OBJECT,OBJECT:무엇,1
dev_1729.jpg,dev,COMPOSITE,OBJECT:무엇;;RELATION:위에,2
dev_1730.jpg,dev,OBJECT,OBJECT:무엇,1
dev_1731.jpg,dev,COMPOSITE,"SPELLING:이름.{0,3}(뭐|무엇);;OBJECT:무엇",2
dev_1732.jpg,dev,TABLE,TABLE:표에서,1
dev_1733.jpg,dev,OBJECT,OBJECT:무엇,1
dev_1734.jpg,dev,COMPOSITE,LOGO:브랜드;;OBJECT:무엇,2
dev_1735.jpg,dev,OBJECT,OBJECT:무엇,1
dev_1736.jpg,dev,OBJECT,OBJECT:무엇,1
dev_1737.jpg,dev,UNKNOWN,,0
dev_1738.jpg,dev,PRICE,PRICE:가격,1
dev_1739.jpg,dev,OBJECT,OBJECT:무엇,1
dev_1740.jpg,dev,OBJECT,OBJECT:무엇,1
dev_1741.jpg,dev,PRICE,PRICE:가격,1
dev_1742.jpg,dev,UNKNOWN,,0
dev_1743.jpg,dev,PRICE,PRICE:얼마,1
dev_1744.jpg,dev,COMPOSITE,PRICE:가격;;OBJECT:무엇,2
dev_1745.jpg,dev,UNKNOWN,,0
dev_1746.jpg,dev,OBJECT,OBJECT:무엇,1
dev_1747.jpg,dev,COMPOSITE,PRICE:요금;;OBJECT:무엇,2
dev_1748.jpg,dev,OBJECT,OBJECT:무엇,1
dev_1749.jpg,dev,OBJECT,OBJECT:있(나요|습니까|어),1
dev_1750.jpg,dev,OBJECT,OBJECT:무엇,1
dev_1751.jpg,dev,COMPOSITE,NUMBER:번호;;OBJECT:무엇,2
dev_1752.jpg,dev,OBJECT,OBJECT:무엇,1
dev_1753.jpg,dev,COMPOSITE,"SPELLING:이름.{0,3}(뭐|무엇);;NUMBER:번호;;TABLE:표에서;;OBJECT:무엇",4
dev_1754.jpg,dev,OBJECT,OBJECT:무엇,1
dev_1755.jpg,dev,OBJECT,OBJECT:무엇,1
dev_1756.jpg,dev,OBJECT,OBJECT:무엇,1
dev_1757.jpg,dev,PRICE,PRICE:가격,1
dev_1758.jpg,dev,COMPOSITE,"SPELLING:이름.{0,3}(뭐|무엇);;OBJECT:무엇",2
dev_1759.jpg,dev,COMPOSITE,"SPELLING:이름.{0,3}(뭐|무엇);;OBJECT:무엇",2
dev_1760.jpg,dev,OBJECT,OBJECT:무엇,1
dev_1761.jpg,dev,PRICE,PRICE:가격,1
dev_1762.jpg,dev,COMPOSITE,"SPELLING:이름.{0,3}(뭐|무엇);;OBJECT:무엇",2
dev_1763.jpg,dev,PRICE,PRICE:가격,1
dev_1764.jpg,dev,OBJECT,OBJECT:무엇,1
dev_1765.jpg,dev,PRICE,PRICE:가격,1
dev_1766.jpg,dev,PRICE,PRICE:얼마,1
dev_1767.jpg,dev,UNKNOWN,,0
dev_1768.jpg,dev,COMPOSITE,NUMBER:번호;;OBJECT:무엇,2
dev_1769.jpg,dev,UNKNOWN,,0
dev_1770.jpg,dev,COMPOSITE,TIMEDATE:요일;;OBJECT:무엇,2
dev_1771.jpg,dev,OBJECT,OBJECT:무엇,1
dev_1772.jpg,dev,OBJECT,OBJECT:무엇,1
dev_1773.jpg,dev,OBJECT,OBJECT:무엇,1
dev_1774.jpg,dev,COMPOSITE,NUMBER:번호;;OBJECT:무엇,2
dev_1775.jpg,dev,OBJECT,OBJECT:무엇,1
dev_1776.jpg,dev,OBJECT,OBJECT:무엇,1
dev_1777.jpg,dev,OBJECT,OBJECT:무엇,1
dev_1778.jpg,dev,PRICE,PRICE:가격,1
dev_1779.jpg,dev,OBJECT,OBJECT:무엇,1
dev_1780.jpg,dev,COMPOSITE,SPELLING:글자;;OBJECT:무엇;;RELATION:오른쪽,3
dev_1781.jpg,dev,PRICE,PRICE:얼마,1
dev_1782.jpg,dev,COMPOSITE,"SPELLING:이름.{0,3}(뭐|무엇);;OBJECT:무엇",2
dev_1783.jpg,dev,OBJECT,OBJECT:무엇,1
dev_1784.jpg,dev,OBJECT,OBJECT:있(나요|습니까|어),1
dev_1785.jpg,dev,COMPOSITE,OBJECT:무엇;;RELATION:위에,2
dev_1786.jpg,dev,COMPOSITE,"SPELLING:이름.{0,3}(뭐|무엇);;OBJECT:무엇",2
dev_1787.jpg,dev,OBJECT,OBJECT:무엇,1
dev_1788.jpg,dev,OBJECT,OBJECT:무엇,1
dev_1789.jpg,dev,OBJECT,OBJECT:무엇,1
dev_1790.jpg,dev,UNKNOWN,,0
dev_1791.jpg,dev,OBJECT,OBJECT:무엇,1
dev_1792.jpg,dev,UNKNOWN,,0
dev_1793.jpg,dev,OBJECT,OBJECT:있(나요|습니까|어),1
dev_1794.jpg,dev,OBJECT,OBJECT:있(나요|습니까|어),1
dev_1795.jpg,dev,OBJECT,OBJECT:무엇,1
dev_1796.jpg,dev,TIMEDATE,TIMEDATE:언제,1
dev_1797.jpg,dev,OBJECT,OBJECT:무엇,1
dev_1798.jpg,dev,OBJECT,OBJECT:무엇,1
dev_1799.jpg,dev,COMPOSITE,NUMBER:번호;;OBJECT:무엇,2
dev_1800.jpg,dev,OBJECT,OBJECT:무엇,1
dev_1801.jpg,dev,OBJECT,OBJECT:무엇,1
dev_1802.jpg,dev,TIMEDATE,TIMEDATE:기간,1
dev_1803.jpg,dev,OBJECT,OBJECT:무엇,1
dev_1804.jpg,dev,TIMEDATE,TIMEDATE:기간,1
dev_1805.jpg,dev,COMPOSITE,PRICE:가격;;OBJECT:무엇,2
dev_1806.jpg,dev,UNKNOWN,,0
dev_1807.jpg,dev,COMPOSITE,OBJECT:무엇;;RELATION:왼쪽,2
dev_1808.jpg,dev,OBJECT,OBJECT:무엇,1
dev_1809.jpg,dev,OBJECT,OBJECT:무엇,1
dev_1810.jpg,dev,COMPOSITE,"SPELLING:이름.{0,3}(뭐|무엇);;OBJECT:무엇",2
dev_1811.jpg,dev,PRICE,PRICE:가격,1
dev_1812.jpg,dev,COMPOSITE,"SPELLING:이름.{0,3}(뭐|무엇);;OBJECT:무엇",2
dev_1813.jpg,dev,COMPOSITE,OBJECT:무엇;;RELATION:아래,2
dev_1814.jpg,dev,OBJECT,OBJECT:무엇,1
dev_1815.jpg,dev,COMPOSITE,"SPELLING:이름.{0,3}(뭐|무엇);;OBJECT:무엇",2
dev_1816.jpg,dev,OBJECT,OBJECT:무엇,1
dev_1817.jpg,dev,COMPOSITE,"SPELLING:이름.{0,3}(뭐|무엇);;LOGO:브랜드;;OBJECT:무엇",3
dev_1818.jpg,dev,UNKNOWN,,0
dev_1819.jpg,dev,OBJECT,OBJECT:무엇,1
dev_1820.jpg,dev,COMPOSITE,OBJECT:무엇;;RELATION:오른쪽,2
dev_1821.jpg,dev,TIMEDATE,TIMEDATE:언제,1
dev_1822.jpg,dev,PRICE,PRICE:가격,1
dev_1823.jpg,dev,PRICE,PRICE:가격,1
dev_1824.jpg,dev,OBJECT,OBJECT:무엇,1
dev_1825.jpg,dev,OBJECT,OBJECT:무엇,1
dev_1826.jpg,dev,OBJECT,OBJECT:있(나요|습니까|어),1
dev_1827.jpg,dev,COMPOSITE,NUMBER:번호;;OBJECT:무엇,2
dev_1828.jpg,dev,OBJECT,OBJECT:무엇,1
dev_1829.jpg,dev,UNKNOWN,,0
dev_1830.jpg,dev,COMPOSITE,TABLE:항목;;OBJECT:무엇,2
dev_1831.jpg,dev,COMPOSITE,PRICE:가격;;OBJECT:무엇,2
dev_1832.jpg,dev,OBJECT,OBJECT:무엇,1
dev_1833.jpg,dev,OBJECT,OBJECT:무엇,1
dev_1834.jpg,dev,NUMBER,NUMBER:몇\s*개,1
dev_1835.jpg,dev,COMPOSITE,"SPELLING:이름.{0,3}(뭐|무엇);;OBJECT:무엇",2
dev_1836.jpg,dev,OBJECT,OBJECT:있(나요|습니까|어),1
dev_1837.jpg,dev,OBJECT,OBJECT:무엇,1
dev_1838.jpg,dev,OBJECT,OBJECT:무엇,1
dev_1839.jpg,dev,UNKNOWN,,0
dev_1840.jpg,dev,OBJECT,OBJECT:무엇,1
dev_1841.jpg,dev,PRICE,PRICE:가격,1
dev_1842.jpg,dev,TIMEDATE,TIMEDATE:날짜,1
dev_1843.jpg,dev,UNKNOWN,,0
dev_1844.jpg,dev,COMPOSITE,PRICE:얼마;;OBJECT:사물,2
dev_1845.jpg,dev,COMPOSITE,"SPELLING:이름.{0,3}(뭐|무엇);;OBJECT:무엇",2
dev_1846.jpg,dev,OBJECT,OBJECT:무엇,1
dev_1847.jpg,dev,OBJECT,OBJECT:무엇,1
dev_1848.jpg,dev,OBJECT,OBJECT:무엇,1
dev_1849.jpg,dev,OBJECT,OBJECT:무엇,1
dev_1850.jpg,dev,COMPOSITE,OBJECT:무엇;;RELATION:아래,2
dev_1851.jpg,dev,OBJECT,OBJECT:무엇,1
dev_1852.jpg,dev,COMPOSITE,SPELLING:글자;;OBJECT:무엇,2
dev_1853.jpg,dev,TIMEDATE,TIMEDATE:언제,1
dev_1854.jpg,dev,OBJECT,OBJECT:무엇,1
dev_1855.jpg,dev,OBJECT,OBJECT:무엇,1
dev_1856.jpg,dev,OBJECT,OBJECT:무엇,1
dev_1857.jpg,dev,COMPOSITE,"SPELLING:이름.{0,3}(뭐|무엇);;OBJECT:무엇",2
dev_1858.jpg,dev,OBJECT,OBJECT:무엇,1
dev_1859.jpg,dev,PRICE,PRICE:얼마,1
dev_1860.jpg,dev,UNKNOWN,,0
dev_1861.jpg,dev,UNKNOWN,,0
dev_1862.jpg,dev,COMPOSITE,NUMBER:번호;;OBJECT:무엇,2
dev_1863.jpg,dev,PRICE,PRICE:얼마,1
dev_1864.jpg,dev,COMPOSITE,PRICE:얼마;;NUMBER:수량;;TABLE:표에서,3
dev_1865.jpg,dev,COMPOSITE,SPELLING:글자;;OBJECT:있(나요|습니까|어),2
dev_1866.jpg,dev,OBJECT,OBJECT:무엇,1
dev_1867.jpg,dev,OBJECT,OBJECT:무엇,1
dev_1868.jpg,dev,OBJECT,OBJECT:무엇,1
dev_1869.jpg,dev,COMPOSITE,NUMBER:번호;;OBJECT:무엇;;RELATION:옆에,3
dev_1870.jpg,dev,PRICE,PRICE:얼마,1
dev_1871.jpg,dev,COMPOSITE,"SPELLING:이름.{0,3}(뭐|무엇);;OBJECT:무엇",2
dev_1872.jpg,dev,OBJECT,OBJECT:무엇,1
dev_1873.jpg,dev,PRICE,PRICE:얼마,1
dev_1874.jpg,dev,TIMEDATE,TIMEDATE:언제,1
dev_1875.jpg,dev,OBJECT,OBJECT:무엇,1
dev_1876.jpg,dev,PRICE,PRICE:얼마,1
dev_1877.jpg,dev,COMPOSITE,OBJECT:무엇;;RELATION:아래,2
dev_1878.jpg,dev,PRICE,PRICE:가격,1
dev_1879.jpg,dev,OBJECT,OBJECT:무엇,1
dev_1880.jpg,dev,OBJECT,OBJECT:무엇,1
dev_1881.jpg,dev,UNKNOWN,,0
dev_1882.jpg,dev,UNKNOWN,,0
dev_1883.jpg,dev,OBJECT,OBJECT:무엇,1
dev_1884.jpg,dev,OBJECT,OBJECT:무엇,1
dev_1885.jpg,dev,OBJECT,OBJECT:무엇,1
dev_1886.jpg,dev,UNKNOWN,,0
dev_1887.jpg,dev,COMPOSITE,NUMBER:번호;;OBJECT:무엇,2
dev_1888.jpg,dev,OBJECT,OBJECT:무엇,1
dev_1889.jpg,dev,PRICE,PRICE:얼마,1
dev_1890.jpg,dev,OBJECT,OBJECT:무엇,1
dev_1891.jpg,dev,OBJECT,OBJECT:있(나요|습니까|어),1
dev_1892.jpg,dev,COMPOSITE,TABLE:항목;;OBJECT:무엇,2
dev_1893.jpg,dev,OBJECT,OBJECT:무엇,1
dev_1894.jpg,dev,COMPOSITE,NUMBER:번호;;OBJECT:무엇,2
dev_1895.jpg,dev,PRICE,PRICE:가격,1
dev_1896.jpg,dev,OBJECT,OBJECT:무엇,1
dev_1897.jpg,dev,UNKNOWN,,0
dev_1898.jpg,dev,OBJECT,OBJECT:무엇,1
dev_1899.jpg,dev,OBJECT,OBJECT:무엇,1
dev_1900.jpg,dev,COMPOSITE,NUMBER:번호;;OBJECT:무엇,2
dev_1901.jpg,dev,OBJECT,OBJECT:무엇,1
dev_1902.jpg,dev,OBJECT,OBJECT:무엇,1
dev_1903.jpg,dev,COMPOSITE,"SPELLING:이름.{0,3}(뭐|무엇);;OBJECT:무엇",2
dev_1904.jpg,dev,OBJECT,OBJECT:무엇,1
dev_1905.jpg,dev,OBJECT,OBJECT:있(나요|습니까|어),1
dev_1906.jpg,dev,OBJECT,OBJECT:무엇,1
dev_1907.jpg,dev,COMPOSITE,NUMBER:번호;;OBJECT:무엇;;RELATION:오른쪽,3
dev_1908.jpg,dev,OBJECT,OBJECT:무엇,1
dev_1909.jpg,dev,OBJECT,OBJECT:무엇,1
dev_1910.jpg,dev,COMPOSITE,"SPELLING:이름.{0,3}(뭐|무엇);;OBJECT:무엇",2
dev_1911.jpg,dev,PRICE,PRICE:가격,1
dev_1912.jpg,dev,UNKNOWN,,0
dev_1913.jpg,dev,OBJECT,OBJECT:무엇,1
dev_1914.jpg,dev,OBJECT,OBJECT:무엇,1
dev_1915.jpg,dev,PRICE,PRICE:얼마,1
dev_1916.jpg,dev,COMPOSITE,OBJECT:무엇;;RELATION:왼쪽,2
dev_1917.jpg,dev,OBJECT,OBJECT:무엇,1
dev_1918.jpg,dev,OBJECT,OBJECT:무엇,1
dev_1919.jpg,dev,COMPOSITE,"SPELLING:이름.{0,3}(뭐|무엇);;OBJECT:무엇",2
dev_1920.jpg,dev,OBJECT,OBJECT:무엇,1
dev_1921.jpg,dev,OBJECT,OBJECT:무엇,1
dev_1922.jpg,dev,TIMEDATE,TIMEDATE:언제,1
dev_1923.jpg,dev,OBJECT,OBJECT:무엇,1
dev_1924.jpg,dev,OBJECT,OBJECT:무엇,1
dev_1925.jpg,dev,COMPOSITE,PRICE:가격;;OBJECT:무엇,2
dev_1926.jpg,dev,OBJECT,OBJECT:무엇,1
dev_1927.jpg,dev,COMPOSITE,PRICE:가격;;OBJECT:무엇,2
dev_1928.jpg,dev,OBJECT,OBJECT:무엇,1
dev_1929.jpg,dev,COMPOSITE,NUMBER:번호;;OBJECT:무엇,2
dev_1930.jpg,dev,COMPOSITE,PRICE:가격;;OBJECT:무엇,2
dev_1931.jpg,dev,COMPOSITE,PRICE:가격;;OBJECT:무엇,2
dev_1932.jpg,dev,PRICE,PRICE:가격,1
dev_1933.jpg,dev,COMPOSITE,OBJECT:있(나요|습니까|어);;RELATION:옆에,2
dev_1934.jpg,dev,UNKNOWN,,0
dev_1935.jpg,dev,COMPOSITE,"SPELLING:이름.{0,3}(뭐|무엇);;OBJECT:무엇;;RELATION:아래",3
dev_1936.jpg,dev,COMPOSITE,SPELLING:글자;;OBJECT:무엇;;RELATION:옆에,3
dev_1937.jpg,dev,COMPOSITE,PRICE:가격;;RELATION:오른쪽,2
dev_1938.jpg,dev,PRICE,PRICE:가격,1
dev_1939.jpg,dev,PRICE,PRICE:가격,1
dev_1940.jpg,dev,UNKNOWN,,0
dev_1941.jpg,dev,OBJECT,OBJECT:무엇,1
dev_1942.jpg,dev,OBJECT,OBJECT:무엇,1
dev_1943.jpg,dev,COMPOSITE,"SPELLING:이름.{0,3}(뭐|무엇);;OBJECT:무엇",2
dev_1944.jpg,dev,UNKNOWN,,0
dev_1945.jpg,dev,PRICE,PRICE:얼마,1
dev_1946.jpg,dev,OBJECT,OBJECT:무엇,1
dev_1947.jpg,dev,TIMEDATE,TIMEDATE:언제,1
dev_1948.jpg,dev,OBJECT,OBJECT:무엇,1
dev_1949.jpg,dev,OBJECT,OBJECT:무엇,1
dev_1950.jpg,dev,COMPOSITE,NUMBER:몇\s*개;;OBJECT:있(나요|습니까|어),2
dev_1951.jpg,dev,COMPOSITE,NUMBER:번호;;OBJECT:무엇,2
dev_1952.jpg,dev,COMPOSITE,SPELLING:글자;;OBJECT:무엇;;RELATION:아래,3
dev_1953.jpg,dev,PRICE,PRICE:얼마,1
dev_1954.jpg,dev,OBJECT,OBJECT:무엇,1
dev_1955.jpg,dev,COMPOSITE,NUMBER:번호;;OBJECT:무엇,2
dev_1956.jpg,dev,PRICE,PRICE:가격,1
dev_1957.jpg,dev,OBJECT,OBJECT:무엇,1
dev_1958.jpg,dev,PRICE,PRICE:얼마,1
dev_1959.jpg,dev,OBJECT,OBJECT:무엇,1
dev_1960.jpg,dev,OBJECT,OBJECT:무엇,1
dev_1961.jpg,dev,COMPOSITE,NUMBER:번호;;OBJECT:무엇,2
dev_1962.jpg,dev,OBJECT,OBJECT:무엇,1
dev_1963.jpg,dev,OBJECT,OBJECT:무엇,1
dev_1964.jpg,dev,COMPOSITE,SPELLING:글자;;OBJECT:무엇,2
dev_1965.jpg,dev,COMPOSITE,"SPELLING:이름.{0,3}(뭐|무엇);;OBJECT:무엇",2
dev_1966.jpg,dev,OBJECT,OBJECT:무엇,1
dev_1967.jpg,dev,OBJECT,OBJECT:무엇,1
dev_1968.jpg,dev,COMPOSITE,"SPELLING:이름.{0,3}(뭐|무엇);;OBJECT:무엇",2
dev_1969.jpg,dev,PRICE,PRICE:얼마,1
dev_1970.jpg,dev,PRICE,PRICE:가격,1
dev_1971.jpg,dev,PRICE,PRICE:가격,1
dev_1972.jpg,dev,COMPOSITE,NUMBER:번호;;OBJECT:무엇,2
dev_1973.jpg,dev,COMPOSITE,OBJECT:무엇;;RELATION:옆에,2
dev_1974.jpg,dev,OBJECT,OBJECT:무엇,1
dev_1975.jpg,dev,UNKNOWN,,0
dev_1976.jpg,dev,PRICE,PRICE:얼마,1
dev_1977.jpg,dev,OBJECT,OBJECT:무엇,1
dev_1978.jpg,dev,OBJECT,OBJECT:무엇,1
dev_1979.jpg,dev,OBJECT,OBJECT:있(나요|습니까|어),1
dev_1980.jpg,dev,OBJECT,OBJECT:무엇,1
dev_1981.jpg,dev,COMPOSITE,"SPELLING:이름.{0,3}(뭐|무엇);;OBJECT:무엇",2
dev_1982.jpg,dev,OBJECT,OBJECT:무엇,1
dev_1983.jpg,dev,COMPOSITE,PRICE:얼마;;OBJECT:있(나요|습니까|어),2
dev_1984.jpg,dev,OBJECT,OBJECT:무엇,1
dev_1985.jpg,dev,COMPOSITE,"SPELLING:이름.{0,3}(뭐|무엇);;OBJECT:무엇",2
dev_1986.jpg,dev,UNKNOWN,,0
dev_1987.jpg,dev,OBJECT,OBJECT:무엇,1
dev_1988.jpg,dev,OBJECT,OBJECT:무엇,1
dev_1989.jpg,dev,PRICE,PRICE:가격,1
dev_1990.jpg,dev,OBJECT,OBJECT:무엇,1
dev_1991.jpg,dev,OBJECT,OBJECT:무엇,1
dev_1992.jpg,dev,COMPOSITE,"SPELLING:이름.{0,3}(뭐|무엇);;OBJECT:무엇",2
dev_1993.jpg,dev,UNKNOWN,,0
dev_1994.jpg,dev,OBJECT,OBJECT:무엇,1
dev_1995.jpg,dev,OBJECT,OBJECT:무엇,1
dev_1996.jpg,dev,OBJECT,OBJECT:무엇,1
dev_1997.jpg,dev,OBJECT,OBJECT:무엇,1
dev_1998.jpg,dev,OBJECT,OBJECT:무엇,1
dev_1999.jpg,dev,COMPOSITE,"SPELLING:이름.{0,3}(뭐|무엇);;OBJECT:무엇",2
dev_2000.jpg,dev,UNKNOWN,,0
dev_2001.jpg,dev,COMPOSITE,"SPELLING:이름.{0,3}(뭐|무엇);;OBJECT:무엇",2
dev_2002.jpg,dev,UNKNOWN,,0
dev_2003.jpg,dev,COMPOSITE,PRICE:가격;;RELATION:아래,2
dev_2004.jpg,dev,COMPOSITE,PRICE:가격;;OBJECT:무엇,2
dev_2005.jpg,dev,COMPOSITE,SPELLING:글자;;OBJECT:무엇,2
dev_2006.jpg,dev,UNKNOWN,,0
dev_2007.jpg,dev,COMPOSITE,"SPELLING:이름.{0,3}(뭐|무엇);;OBJECT:무엇",2
dev_2008.jpg,dev,PRICE,PRICE:얼마,1
dev_2009.jpg,dev,PRICE,PRICE:가격,1
dev_2010.jpg,dev,OBJECT,OBJECT:무엇,1
dev_2011.jpg,dev,OBJECT,OBJECT:무엇,1
dev_2012.jpg,dev,PRICE,PRICE:얼마,1
dev_2013.jpg,dev,OBJECT,OBJECT:무엇,1
dev_2014.jpg,dev,PRICE,PRICE:얼마,1
dev_2015.jpg,dev,TIMEDATE,TIMEDATE:언제,1
dev_2016.jpg,dev,OBJECT,OBJECT:무엇,1
dev_2017.jpg,dev,OBJECT,OBJECT:무엇,1
dev_2018.jpg,dev,COMPOSITE,"SPELLING:이름.{0,3}(뭐|무엇);;OBJECT:무엇",2
dev_2019.jpg,dev,COMPOSITE,OBJECT:무엇;;RELATION:왼쪽,2
dev_2020.jpg,dev,COMPOSITE,PRICE:가격;;OBJECT:무엇,2
dev_2021.jpg,dev,OBJECT,OBJECT:있(나요|습니까|어),1
dev_2022.jpg,dev,OBJECT,OBJECT:무엇,1
dev_2023.jpg,dev,OBJECT,OBJECT:있(나요|습니까|어),1
dev_2024.jpg,dev,OBJECT,OBJECT:무엇,1
dev_2025.jpg,dev,COMPOSITE,"SPELLING:이름.{0,3}(뭐|무엇);;OBJECT:무엇",2
dev_2026.jpg,dev,COMPOSITE,NUMBER:번호;;OBJECT:무엇,2
dev_2027.jpg,dev,OBJECT,OBJECT:무엇,1
dev_2028.jpg,dev,UNKNOWN,,0
dev_2029.jpg,dev,OBJECT,OBJECT:무엇,1
dev_2030.jpg,dev,PRICE,PRICE:가격,1
dev_2031.jpg,dev,COMPOSITE,"SPELLING:이름.{0,3}(뭐|무엇);;OBJECT:무엇",2
dev_2032.jpg,dev,OBJECT,OBJECT:무엇,1
dev_2033.jpg,dev,UNKNOWN,,0
dev_2034.jpg,dev,OBJECT,OBJECT:무엇,1
dev_2035.jpg,dev,PRICE,PRICE:얼마,1
dev_2036.jpg,dev,UNKNOWN,,0
dev_2037.jpg,dev,COMPOSITE,TABLE:표에서;;OBJECT:무엇,2
dev_2038.jpg,dev,PRICE,PRICE:얼마,1
dev_2039.jpg,dev,OBJECT,OBJECT:무엇,1
dev_2040.jpg,dev,OBJECT,OBJECT:있(나요|습니까|어),1
dev_2041.jpg,dev,UNKNOWN,,0
dev_2042.jpg,dev,COMPOSITE,PRICE:가격;;OBJECT:무엇,2
dev_2043.jpg,dev,OBJECT,OBJECT:무엇,1
dev_2044.jpg,dev,COMPOSITE,NUMBER:번호;;OBJECT:무엇,2
dev_2045.jpg,dev,COMPOSITE,"SPELLING:이름.{0,3}(뭐|무엇);;OBJECT:무엇",2
dev_2046.jpg,dev,OBJECT,OBJECT:무엇,1
dev_2047.jpg,dev,OBJECT,OBJECT:무엇,1
dev_2048.jpg,dev,OBJECT,OBJECT:무엇,1
dev_2049.jpg,dev,OBJECT,OBJECT:무엇,1
dev_2050.jpg,dev,OBJECT,OBJECT:무엇,1
dev_2051.jpg,dev,UNKNOWN,,0
dev_2052.jpg,dev,OBJECT,OBJECT:무엇,1
dev_2053.jpg,dev,COMPOSITE,NUMBER:번호;;OBJECT:무엇,2
dev_2054.jpg,dev,COMPOSITE,NUMBER:번호;;OBJECT:무엇,2
dev_2055.jpg,dev,OBJECT,OBJECT:무엇,1
dev_2056.jpg,dev,PRICE,PRICE:가격,1
dev_2057.jpg,dev,COMPOSITE,"SPELLING:이름.{0,3}(뭐|무엇);;OBJECT:무엇",2
dev_2058.jpg,dev,OBJECT,OBJECT:무엇,1
dev_2059.jpg,dev,COMPOSITE,LOGO:브랜드;;OBJECT:무엇,2
dev_2060.jpg,dev,OBJECT,OBJECT:무엇,1
dev_2061.jpg,dev,UNKNOWN,,0
dev_2062.jpg,dev,UNKNOWN,,0
dev_2063.jpg,dev,OBJECT,OBJECT:무엇,1
dev_2064.jpg,dev,OBJECT,OBJECT:있(나요|습니까|어),1
dev_2065.jpg,dev,OBJECT,OBJECT:무엇,1
dev_2066.jpg,dev,COMPOSITE,"SPELLING:이름.{0,3}(뭐|무엇);;OBJECT:무엇",2
dev_2067.jpg,dev,COMPOSITE,"SPELLING:이름.{0,3}(뭐|무엇);;OBJECT:무엇",2
dev_2068.jpg,dev,OBJECT,OBJECT:무엇,1
dev_2069.jpg,dev,COMPOSITE,"SPELLING:이름.{0,3}(뭐|무엇);;OBJECT:무엇",2
dev_2070.jpg,dev,OBJECT,OBJECT:있(나요|습니까|어),1
dev_2071.jpg,dev,OBJECT,OBJECT:무엇,1
dev_2072.jpg,dev,UNKNOWN,,0
dev_2073.jpg,dev,COMPOSITE,NUMBER:번호;;OBJECT:무엇,2
dev_2074.jpg,dev,OBJECT,OBJECT:무엇,1
dev_2075.jpg,dev,OBJECT,OBJECT:무엇,1
dev_2076.jpg,dev,COMPOSITE,"SPELLING:이름.{0,3}(뭐|무엇);;OBJECT:무엇;;RELATION:옆에",3
dev_2077.jpg,dev,OBJECT,OBJECT:무엇,1
dev_2078.jpg,dev,COMPOSITE,"SPELLING:이름.{0,3}(뭐|무엇);;OBJECT:무엇",2
dev_2079.jpg,dev,OBJECT,OBJECT:무엇,1
dev_2080.jpg,dev,OBJECT,OBJECT:무엇,1
dev_2081.jpg,dev,OBJECT,OBJECT:무엇,1
dev_2082.jpg,dev,COMPOSITE,SPELLING:글자;;OBJECT:무엇;;RELATION:위에,3
dev_2083.jpg,dev,OBJECT,OBJECT:무엇,1
dev_2084.jpg,dev,OBJECT,OBJECT:무엇,1
dev_2085.jpg,dev,COMPOSITE,NUMBER:번호;;OBJECT:무엇,2
dev_2086.jpg,dev,PRICE,PRICE:가격,1
dev_2087.jpg,dev,COMPOSITE,OBJECT:무엇;;RELATION:왼쪽,2
dev_2088.jpg,dev,COMPOSITE,NUMBER:번호;;OBJECT:무엇,2
dev_2089.jpg,dev,COMPOSITE,"SPELLING:이름.{0,3}(뭐|무엇);;OBJECT:무엇;;RELATION:오른쪽",3
dev_2090.jpg,dev,OBJECT,OBJECT:무엇,1
dev_2091.jpg,dev,OBJECT,OBJECT:무엇,1
dev_2092.jpg,dev,OBJECT,OBJECT:무엇,1
dev_2093.jpg,dev,OBJECT,OBJECT:무엇,1
dev_2094.jpg,dev,OBJECT,OBJECT:무엇,1
dev_2095.jpg,dev,PRICE,PRICE:가격,1
dev_2096.jpg,dev,OBJECT,OBJECT:무엇,1
dev_2097.jpg,dev,COMPOSITE,NUMBER:번호;;OBJECT:무엇,2
dev_2098.jpg,dev,UNKNOWN,,0
dev_2099.jpg,dev,COMPOSITE,"SPELLING:이름.{0,3}(뭐|무엇);;OBJECT:무엇",2
dev_2100.jpg,dev,COMPOSITE,"SPELLING:이름.{0,3}(뭐|무엇);;OBJECT:무엇",2
dev_2101.jpg,dev,PRICE,PRICE:가격,1
dev_2102.jpg,dev,UNKNOWN,,0
dev_2103.jpg,dev,OBJECT,OBJECT:무엇,1
dev_2104.jpg,dev,COMPOSITE,OBJECT:무엇;;RELATION:위에,2
dev_2105.jpg,dev,OBJECT,OBJECT:무엇,1
dev_2106.jpg,dev,COMPOSITE,NUMBER:번호;;OBJECT:무엇,2
dev_2107.jpg,dev,OBJECT,OBJECT:무엇,1
dev_2108.jpg,dev,COMPOSITE,"SPELLING:이름.{0,3}(뭐|무엇);;OBJECT:무엇",2
dev_2109.jpg,dev,OBJECT,OBJECT:무엇,1
dev_2110.jpg,dev,COMPOSITE,SPELLING:글자;;OBJECT:무엇,2
dev_2111.jpg,dev,OBJECT,OBJECT:무엇,1
dev_2112.jpg,dev,UNKNOWN,,0
dev_2113.jpg,dev,PRICE,PRICE:가격,1
dev_2114.jpg,dev,OBJECT,OBJECT:무엇,1
dev_2115.jpg,dev,OBJECT,OBJECT:무엇,1
dev_2116.jpg,dev,OBJECT,OBJECT:있(나요|습니까|어),1
dev_2117.jpg,dev,OBJECT,OBJECT:무엇,1
dev_2118.jpg,dev,UNKNOWN,,0
dev_2119.jpg,dev,OBJECT,OBJECT:무엇,1
dev_2120.jpg,dev,OBJECT,OBJECT:무엇,1
dev_2121.jpg,dev,OBJECT,OBJECT:무엇,1
dev_2122.jpg,dev,OBJECT,OBJECT:무엇,1
dev_2123.jpg,dev,OBJECT,OBJECT:무엇,1
dev_2124.jpg,dev,PRICE,PRICE:가격,1
dev_2125.jpg,dev,OBJECT,OBJECT:무엇,1
dev_2126.jpg,dev,OBJECT,OBJECT:무엇,1
dev_2127.jpg,dev,COMPOSITE,SPELLING:글자;;OBJECT:무엇,2
dev_2128.jpg,dev,COMPOSITE,PRICE:가격;;OBJECT:무엇,2
dev_2129.jpg,dev,OBJECT,OBJECT:무엇,1
dev_2130.jpg,dev,OBJECT,OBJECT:무엇,1
dev_2131.jpg,dev,OBJECT,OBJECT:무엇,1
dev_2132.jpg,dev,COMPOSITE,"SPELLING:이름.{0,3}(뭐|무엇);;OBJECT:무엇",2
dev_2133.jpg,dev,OBJECT,OBJECT:무엇,1
dev_2134.jpg,dev,OBJECT,OBJECT:무엇,1
dev_2135.jpg,dev,OBJECT,OBJECT:무엇,1
dev_2136.jpg,dev,PRICE,PRICE:얼마,1
dev_2137.jpg,dev,OBJECT,OBJECT:무엇,1
dev_2138.jpg,dev,OBJECT,OBJECT:무엇,1
dev_2139.jpg,dev,UNKNOWN,,0
dev_2140.jpg,dev,UNKNOWN,,0
dev_2141.jpg,dev,PRICE,PRICE:얼마,1
dev_2142.jpg,dev,COMPOSITE,OBJECT:무엇;;RELATION:아래,2
dev_2143.jpg,dev,PRICE,PRICE:가격,1
dev_2144.jpg,dev,OBJECT,OBJECT:있(나요|습니까|어),1
dev_2145.jpg,dev,OBJECT,OBJECT:무엇,1
dev_2146.jpg,dev,PRICE,PRICE:얼마,1
dev_2147.jpg,dev,COMPOSITE,OBJECT:무엇;;RELATION:왼쪽,2
dev_2148.jpg,dev,OBJECT,OBJECT:무엇,1
dev_2149.jpg,dev,OBJECT,OBJECT:무엇,1
dev_2150.jpg,dev,COMPOSITE,"SPELLING:이름.{0,3}(뭐|무엇);;OBJECT:무엇",2
dev_2151.jpg,dev,OBJECT,OBJECT:무엇,1
dev_2152.jpg,dev,OBJECT,OBJECT:무엇,1
dev_2153.jpg,dev,COMPOSITE,OBJECT:무엇;;RELATION:위에,2
dev_2154.jpg,dev,PRICE,PRICE:가격,1
dev_2155.jpg,dev,OBJECT,OBJECT:무엇,1
dev_2156.jpg,dev,PRICE,PRICE:가격,1
dev_2157.jpg,dev,OBJECT,OBJECT:무엇,1
dev_2158.jpg,dev,OBJECT,OBJECT:무엇,1
dev_2159.jpg,dev,OBJECT,OBJECT:무엇,1
dev_2160.jpg,dev,COMPOSITE,PRICE:가격;;OBJECT:무엇,2
dev_2161.jpg,dev,COMPOSITE,"SPELLING:이름.{0,3}(뭐|무엇);;OBJECT:무엇",2
dev_2162.jpg,dev,PRICE,PRICE:가격,1
dev_2163.jpg,dev,COMPOSITE,"SPELLING:이름.{0,3}(뭐|무엇);;OBJECT:무엇",2
dev_2164.jpg,dev,COMPOSITE,TIMEDATE:요일;;OBJECT:무엇,2
dev_2165.jpg,dev,COMPOSITE,SPELLING:글자;;OBJECT:무엇,2
dev_2166.jpg,dev,COMPOSITE,OBJECT:무엇;;RELATION:위에,2
dev_2167.jpg,dev,COMPOSITE,"SPELLING:이름.{0,3}(뭐|무엇);;OBJECT:무엇",2
dev_2168.jpg,dev,COMPOSITE,LOGO:브랜드;;OBJECT:무엇,2
dev_2169.jpg,dev,PRICE,PRICE:가격,1
dev_2170.jpg,dev,OBJECT,OBJECT:무엇,1
dev_2171.jpg,dev,UNKNOWN,,0
dev_2172.jpg,dev,OBJECT,OBJECT:무엇,1
dev_2173.jpg,dev,OBJECT,OBJECT:무엇,1
dev_2174.jpg,dev,COMPOSITE,NUMBER:번호;;OBJECT:무엇,2
dev_2175.jpg,dev,COMPOSITE,OBJECT:있(나요|습니까|어);;RELATION:아래,2
dev_2176.jpg,dev,OBJECT,OBJECT:무엇,1
dev_2177.jpg,dev,COMPOSITE,NUMBER:번호;;OBJECT:무엇,2
dev_2178.jpg,dev,OBJECT,OBJECT:무엇,1
dev_2179.jpg,dev,COMPOSITE,TIMEDATE:요일;;OBJECT:무엇,2
dev_2180.jpg,dev,PRICE,PRICE:가격,1
dev_2181.jpg,dev,OBJECT,OBJECT:무엇,1
dev_2182.jpg,dev,UNKNOWN,,0
dev_2183.jpg,dev,OBJECT,OBJECT:무엇,1
dev_2184.jpg,dev,OBJECT,OBJECT:무엇,1
dev_2185.jpg,dev,OBJECT,OBJECT:무엇,1
dev_2186.jpg,dev,OBJECT,OBJECT:무엇,1
dev_2187.jpg,dev,COMPOSITE,"SPELLING:이름.{0,3}(뭐|무엇);;OBJECT:무엇",2
dev_2188.jpg,dev,OBJECT,OBJECT:무엇,1
dev_2189.jpg,dev,COMPOSITE,NUMBER:번호;;OBJECT:무엇,2
dev_2190.jpg,dev,OBJECT,OBJECT:무엇,1
dev_2191.jpg,dev,COMPOSITE,TIMEDATE:기간;;OBJECT:무엇,2
dev_2192.jpg,dev,OBJECT,OBJECT:무엇,1
dev_2193.jpg,dev,COMPOSITE,"SPELLING:이름.{0,3}(뭐|무엇);;OBJECT:무엇;;RELATION:아래",3
dev_2194.jpg,dev,TIMEDATE,TIMEDATE:언제,1
dev_2195.jpg,dev,OBJECT,OBJECT:무엇,1
dev_2196.jpg,dev,COMPOSITE,NUMBER:번호;;OBJECT:무엇,2
dev_2197.jpg,dev,OBJECT,OBJECT:무엇,1
dev_2198.jpg,dev,COMPOSITE,NUMBER:번호;;OBJECT:무엇,2
dev_2199.jpg,dev,COMPOSITE,NUMBER:번호;;OBJECT:무엇,2
dev_2200.jpg,dev,OBJECT,OBJECT:있(나요|습니까|어),1
dev_2201.jpg,dev,OBJECT,OBJECT:무엇,1
dev_2202.jpg,dev,COMPOSITE,SPELLING:글자;;OBJECT:무엇,2
dev_2203.jpg,dev,COMPOSITE,"SPELLING:이름.{0,3}(뭐|무엇);;OBJECT:무엇",2
dev_2204.jpg,dev,OBJECT,OBJECT:무엇,1
dev_2205.jpg,dev,PRICE,PRICE:얼마,1
dev_2206.jpg,dev,OBJECT,OBJECT:무엇,1
dev_2207.jpg,dev,COMPOSITE,OBJECT:무엇;;RELATION:옆에,2
dev_2208.jpg,dev,COMPOSITE,"SPELLING:이름.{0,3}(뭐|무엇);;OBJECT:무엇",2
dev_2209.jpg,dev,COMPOSITE,"SPELLING:이름.{0,3}(뭐|무엇);;LOGO:브랜드;;OBJECT:무엇",3
dev_2210.jpg,dev,OBJECT,OBJECT:무엇,1
dev_2211.jpg,dev,OBJECT,OBJECT:무엇,1
dev_2212.jpg,dev,PRICE,PRICE:가격,1
dev_2213.jpg,dev,PRICE,PRICE:가격,1
dev_2214.jpg,dev,COMPOSITE,"SPELLING:이름.{0,3}(뭐|무엇);;OBJECT:무엇",2
dev_2215.jpg,dev,OBJECT,OBJECT:무엇,1
dev_2216.jpg,dev,PRICE,PRICE:가격,1
dev_2217.jpg,dev,UNKNOWN,,0
dev_2218.jpg,dev,OBJECT,OBJECT:무엇,1
dev_2219.jpg,dev,OBJECT,OBJECT:무엇,1
dev_2220.jpg,dev,PRICE,PRICE:가격,1
dev_2221.jpg,dev,COMPOSITE,"SPELLING:이름.{0,3}(뭐|무엇);;OBJECT:무엇",2
dev_2222.jpg,dev,COMPOSITE,LOGO:브랜드;;OBJECT:무엇,2
dev_2223.jpg,dev,OBJECT,OBJECT:무엇,1
dev_2224.jpg,dev,PRICE,PRICE:얼마,1
dev_2225.jpg,dev,PRICE,PRICE:얼마,1
dev_2226.jpg,dev,OBJECT,OBJECT:무엇,1
dev_2227.jpg,dev,COMPOSITE,OBJECT:있(나요|습니까|어);;RELATION:위에,2
dev_2228.jpg,dev,UNKNOWN,,0
dev_2229.jpg,dev,OBJECT,OBJECT:무엇,1
dev_2230.jpg,dev,COMPOSITE,TIMEDATE:요일;;OBJECT:무엇,2
dev_2231.jpg,dev,OBJECT,OBJECT:무엇,1
dev_2232.jpg,dev,UNKNOWN,,0
dev_2233.jpg,dev,UNKNOWN,,0
dev_2234.jpg,dev,COMPOSITE,"SPELLING:이름.{0,3}(뭐|무엇);;OBJECT:무엇",2
dev_2235.jpg,dev,OBJECT,OBJECT:무엇,1
dev_2236.jpg,dev,OBJECT,OBJECT:있(나요|습니까|어),1
dev_2237.jpg,dev,OBJECT,OBJECT:무엇,1
dev_2238.jpg,dev,COMPOSITE,"SPELLING:이름.{0,3}(뭐|무엇);;OBJECT:무엇",2
dev_2239.jpg,dev,OBJECT,OBJECT:무엇,1
dev_2240.jpg,dev,COMPOSITE,PRICE:얼마;;LOGO:브랜드,2
dev_2241.jpg,dev,OBJECT,OBJECT:무엇,1
dev_2242.jpg,dev,UNKNOWN,,0
dev_2243.jpg,dev,OBJECT,OBJECT:무엇,1
dev_2244.jpg,dev,OBJECT,OBJECT:무엇,1
dev_2245.jpg,dev,OBJECT,OBJECT:있(나요|습니까|어),1
dev_2246.jpg,dev,COMPOSITE,PRICE:가격;;OBJECT:무엇,2
dev_2247.jpg,dev,PRICE,PRICE:얼마,1
dev_2248.jpg,dev,OBJECT,OBJECT:있(나요|습니까|어),1
dev_2249.jpg,dev,OBJECT,OBJECT:무엇,1
dev_2250.jpg,dev,OBJECT,OBJECT:무엇,1
dev_2251.jpg,dev,TIMEDATE,TIMEDATE:기간,1
dev_2252.jpg,dev,COMPOSITE,"SPELLING:이름.{0,3}(뭐|무엇);;OBJECT:무엇",2
dev_2253.jpg,dev,OBJECT,OBJECT:무엇,1
dev_2254.jpg,dev,OBJECT,OBJECT:무엇,1
dev_2255.jpg,dev,COMPOSITE,"SPELLING:이름.{0,3}(뭐|무엇);;OBJECT:무엇",2
dev_2256.jpg,dev,OBJECT,OBJECT:무엇,1
dev_2257.jpg,dev,COMPOSITE,NUMBER:번호;;OBJECT:무엇,2
dev_2258.jpg,dev,PRICE,PRICE:가격,1
dev_2259.jpg,dev,OBJECT,OBJECT:무엇,1
dev_2260.jpg,dev,OBJECT,OBJECT:무엇,1
dev_2261.jpg,dev,OBJECT,OBJECT:무엇,1
dev_2262.jpg,dev,COMPOSITE,NUMBER:번호;;OBJECT:무엇,2
dev_2263.jpg,dev,OBJECT,OBJECT:무엇,1
dev_2264.jpg,dev,UNKNOWN,,0
dev_2265.jpg,dev,OBJECT,OBJECT:무엇,1
dev_2266.jpg,dev,UNKNOWN,,0
dev_2267.jpg,dev,UNKNOWN,,0
dev_2268.jpg,dev,UNKNOWN,,0
dev_2269.jpg,dev,COMPOSITE,"SPELLING:이름.{0,3}(뭐|무엇);;OBJECT:무엇",2
dev_2270.jpg,dev,UNKNOWN,,0
dev_2271.jpg,dev,UNKNOWN,,0
dev_2272.jpg,dev,UNKNOWN,,0
dev_2273.jpg,dev,OBJECT,OBJECT:있(나요|습니까|어),1
dev_2274.jpg,dev,COMPOSITE,PRICE:가격;;OBJECT:무엇,2
dev_2275.jpg,dev,OBJECT,OBJECT:무엇,1
dev_2276.jpg,dev,TIMEDATE,TIMEDATE:몇\s*시,1
dev_2277.jpg,dev,OBJECT,OBJECT:무엇,1
dev_2278.jpg,dev,COMPOSITE,NUMBER:번호;;OBJECT:무엇,2
dev_2279.jpg,dev,PRICE,PRICE:가격,1
dev_2280.jpg,dev,OBJECT,OBJECT:있(나요|습니까|어),1
dev_2281.jpg,dev,OBJECT,OBJECT:무엇,1
dev_2282.jpg,dev,UNKNOWN,,0
dev_2283.jpg,dev,COMPOSITE,SPELLING:글자;;OBJECT:무엇,2
dev_2284.jpg,dev,COMPOSITE,OBJECT:무엇;;RELATION:옆에,2
dev_2285.jpg,dev,OBJECT,OBJECT:무엇,1
dev_2286.jpg,dev,OBJECT,OBJECT:무엇,1
dev_2287.jpg,dev,OBJECT,OBJECT:무엇,1
dev_2288.jpg,dev,OBJECT,OBJECT:무엇,1
dev_2289.jpg,dev,COMPOSITE,TIMEDATE:요일;;OBJECT:무엇,2
dev_2290.jpg,dev,OBJECT,OBJECT:무엇,1
dev_2291.jpg,dev,OBJECT,OBJECT:무엇,1
dev_2292.jpg,dev,COMPOSITE,NUMBER:번호;;OBJECT:무엇,2
dev_2293.jpg,dev,COMPOSITE,SPELLING:글자;;OBJECT:무엇,2
dev_2294.jpg,dev,OBJECT,OBJECT:무엇,1
dev_2295.jpg,dev,OBJECT,OBJECT:무엇,1
dev_2296.jpg,dev,UNKNOWN,,0
dev_2297.jpg,dev,OBJECT,OBJECT:무엇,1
dev_2298.jpg,dev,PRICE,PRICE:가격,1
dev_2299.jpg,dev,COMPOSITE,NUMBER:번호;;OBJECT:무엇,2
dev_2300.jpg,dev,UNKNOWN,,0
dev_2301.jpg,dev,COMPOSITE,OBJECT:무엇;;RELATION:왼쪽,2
dev_2302.jpg,dev,OBJECT,OBJECT:있(나요|습니까|어),1
dev_2303.jpg,dev,OBJECT,OBJECT:무엇,1
dev_2304.jpg,dev,PRICE,PRICE:가격,1
dev_2305.jpg,dev,COMPOSITE,"SPELLING:이름.{0,3}(뭐|무엇);;OBJECT:무엇",2
dev_2306.jpg,dev,OBJECT,OBJECT:무엇,1
dev_2307.jpg,dev,UNKNOWN,,0
dev_2308.jpg,dev,COMPOSITE,"SPELLING:이름.{0,3}(뭐|무엇);;OBJECT:무엇",2
dev_2309.jpg,dev,PRICE,PRICE:얼마,1
dev_2310.jpg,dev,PRICE,PRICE:얼마,1
dev_2311.jpg,dev,TIMEDATE,TIMEDATE:기간,1
dev_2312.jpg,dev,OBJECT,OBJECT:무엇,1
dev_2313.jpg,dev,COMPOSITE,NUMBER:번호;;OBJECT:무엇,2
dev_2314.jpg,dev,COMPOSITE,SPELLING:글자;;OBJECT:무엇,2
dev_2315.jpg,dev,OBJECT,OBJECT:무엇,1
dev_2316.jpg,dev,OBJECT,OBJECT:무엇,1
dev_2317.jpg,dev,COMPOSITE,NUMBER:번호;;OBJECT:무엇,2
dev_2318.jpg,dev,OBJECT,OBJECT:무엇,1
dev_2319.jpg,dev,TIMEDATE,TIMEDATE:언제,1
dev_2320.jpg,dev,NUMBER,NUMBER:몇\s*개,1
dev_2321.jpg,dev,COMPOSITE,"SPELLING:이름.{0,3}(뭐|무엇);;OBJECT:무엇",2
dev_2322.jpg,dev,COMPOSITE,"SPELLING:이름.{0,3}(뭐|무엇);;OBJECT:무엇",2
dev_2323.jpg,dev,UNKNOWN,,0
dev_2324.jpg,dev,OBJECT,OBJECT:무엇,1
dev_2325.jpg,dev,UNKNOWN,,0
dev_2326.jpg,dev,PRICE,PRICE:가격,1
dev_2327.jpg,dev,PRICE,PRICE:가격,1
dev_2328.jpg,dev,OBJECT,OBJECT:무엇,1
dev_2329.jpg,dev,COMPOSITE,LOGO:브랜드;;OBJECT:무엇,2
dev_2330.jpg,dev,COMPOSITE,"SPELLING:이름.{0,3}(뭐|무엇);;OBJECT:무엇",2
dev_2331.jpg,dev,COMPOSITE,SPELLING:글자;;OBJECT:무엇,2
dev_2332.jpg,dev,OBJECT,OBJECT:무엇,1
dev_2333.jpg,dev,OBJECT,OBJECT:무엇,1
dev_2334.jpg,dev,COMPOSITE,NUMBER:번호;;OBJECT:무엇,2
dev_2335.jpg,dev,OBJECT,OBJECT:무엇,1
dev_2336.jpg,dev,OBJECT,OBJECT:무엇,1
dev_2337.jpg,dev,OBJECT,OBJECT:무엇,1
dev_2338.jpg,dev,OBJECT,OBJECT:무엇,1
dev_2339.jpg,dev,COMPOSITE,"SPELLING:이름.{0,3}(뭐|무엇);;OBJECT:무엇",2
dev_2340.jpg,dev,OBJECT,OBJECT:무엇,1
dev_2341.jpg,dev,OBJECT,OBJECT:무엇,1
dev_2342.jpg,dev,OBJECT,OBJECT:무엇,1
dev_2343.jpg,dev,COMPOSITE,PRICE:가격;;NUMBER:번호;;OBJECT:무엇,3
dev_2344.jpg,dev,TIMEDATE,TIMEDATE:언제,1
dev_2345.jpg,dev,OBJECT,OBJECT:무엇,1
dev_2346.jpg,dev,OBJECT,OBJECT:있(나요|습니까|어),1
dev_2347.jpg,dev,COMPOSITE,"SPELLING:이름.{0,3}(뭐|무엇);;OBJECT:무엇",2
dev_2348.jpg,dev,OBJECT,OBJECT:무엇,1
dev_2349.jpg,dev,PRICE,PRICE:얼마,1
dev_2350.jpg,dev,OBJECT,OBJECT:무엇,1
dev_2351.jpg,dev,COMPOSITE,NUMBER:번호;;OBJECT:무엇,2
dev_2352.jpg,dev,OBJECT,OBJECT:무엇,1
dev_2353.jpg,dev,COMPOSITE,PRICE:가격;;RELATION:아래,2
dev_2354.jpg,dev,OBJECT,OBJECT:있(나요|습니까|어),1
dev_2355.jpg,dev,UNKNOWN,,0
dev_2356.jpg,dev,COMPOSITE,OBJECT:무엇;;RELATION:왼쪽,2
dev_2357.jpg,dev,OBJECT,OBJECT:무엇,1
dev_2358.jpg,dev,COMPOSITE,"SPELLING:이름.{0,3}(뭐|무엇);;OBJECT:무엇",2
dev_2359.jpg,dev,OBJECT,OBJECT:있(나요|습니까|어),1
dev_2360.jpg,dev,OBJECT,OBJECT:무엇,1
dev_2361.jpg,dev,OBJECT,OBJECT:무엇,1
dev_2362.jpg,dev,UNKNOWN,,0
dev_2363.jpg,dev,COMPOSITE,SPELLING:글자;;OBJECT:무엇,2
dev_2364.jpg,dev,TIMEDATE,TIMEDATE:기간,1
dev_2365.jpg,dev,OBJECT,OBJECT:있(나요|습니까|어),1
dev_2366.jpg,dev,OBJECT,OBJECT:무엇,1
dev_2367.jpg,dev,OBJECT,OBJECT:무엇,1
dev_2368.jpg,dev,OBJECT,OBJECT:무엇,1
dev_2369.jpg,dev,TIMEDATE,TIMEDATE:몇\s*시,1
dev_2370.jpg,dev,UNKNOWN,,0
dev_2371.jpg,dev,OBJECT,OBJECT:무엇,1
dev_2372.jpg,dev,OBJECT,OBJECT:있(나요|습니까|어),1
dev_2373.jpg,dev,OBJECT,OBJECT:무엇,1
dev_2374.jpg,dev,COMPOSITE,"SPELLING:이름.{0,3}(뭐|무엇);;OBJECT:무엇",2
dev_2375.jpg,dev,TIMEDATE,TIMEDATE:기간,1
dev_2376.jpg,dev,UNKNOWN,,0
dev_2377.jpg,dev,OBJECT,OBJECT:무엇,1
dev_2378.jpg,dev,COMPOSITE,NUMBER:번호;;OBJECT:무엇,2
dev_2379.jpg,dev,OBJECT,OBJECT:있(나요|습니까|어),1
dev_2380.jpg,dev,OBJECT,OBJECT:무엇,1
dev_2381.jpg,dev,OBJECT,OBJECT:있(나요|습니까|어),1
dev_2382.jpg,dev,TIMEDATE,TIMEDATE:언제,1
dev_2383.jpg,dev,COMPOSITE,"SPELLING:이름.{0,3}(뭐|무엇);;OBJECT:무엇",2
dev_2384.jpg,dev,RELATION,RELATION:아래,1
dev_2385.jpg,dev,OBJECT,OBJECT:무엇,1
dev_2386.jpg,dev,OBJECT,OBJECT:무엇,1
dev_2387.jpg,dev,OBJECT,OBJECT:무엇,1
dev_2388.jpg,dev,COMPOSITE,"SPELLING:이름.{0,3}(뭐|무엇);;OBJECT:무엇",2
dev_2389.jpg,dev,OBJECT,OBJECT:무엇,1
dev_2390.jpg,dev,OBJECT,OBJECT:있(나요|습니까|어),1
dev_2391.jpg,dev,OBJECT,OBJECT:무엇,1
dev_2392.jpg,dev,OBJECT,OBJECT:무엇,1
dev_2393.jpg,dev,OBJECT,OBJECT:무엇,1
dev_2394.jpg,dev,OBJECT,OBJECT:무엇,1
dev_2395.jpg,dev,UNKNOWN,,0
dev_2396.jpg,dev,NUMBER,NUMBER:몇\s*명,1
dev_2397.jpg,dev,PRICE,PRICE:가격,1
dev_2398.jpg,dev,OBJECT,OBJECT:무엇,1
dev_2399.jpg,dev,UNKNOWN,,0
dev_2400.jpg,dev,UNKNOWN,,0
dev_2401.jpg,dev,OBJECT,OBJECT:있(나요|습니까|어),1
dev_2402.jpg,dev,OBJECT,OBJECT:무엇,1
dev_2403.jpg,dev,OBJECT,OBJECT:무엇,1
dev_2404.jpg,dev,OBJECT,OBJECT:무엇,1
dev_2405.jpg,dev,COMPOSITE,"SPELLING:이름.{0,3}(뭐|무엇);;OBJECT:무엇",2
dev_2406.jpg,dev,OBJECT,OBJECT:무엇,1
dev_2407.jpg,dev,COMPOSITE,OBJECT:무엇;;RELATION:옆에,2
dev_2408.jpg,dev,TIMEDATE,TIMEDATE:언제,1
dev_2409.jpg,dev,COMPOSITE,"SPELLING:이름.{0,3}(뭐|무엇);;OBJECT:무엇",2
dev_2410.jpg,dev,COMPOSITE,"SPELLING:이름.{0,3}(뭐|무엇);;OBJECT:무엇",2
dev_2411.jpg,dev,COMPOSITE,SPELLING:글자;;OBJECT:무엇,2
dev_2412.jpg,dev,OBJECT,OBJECT:무엇,1
dev_2413.jpg,dev,UNKNOWN,,0
dev_2414.jpg,dev,OBJECT,OBJECT:무엇,1
dev_2415.jpg,dev,OBJECT,OBJECT:무엇,1
dev_2416.jpg,dev,COMPOSITE,OBJECT:있(나요|습니까|어);;RELATION:아래,2
dev_2417.jpg,dev,TIMEDATE,TIMEDATE:언제,1
dev_2418.jpg,dev,COMPOSITE,LOGO:브랜드;;OBJECT:무엇,2
dev_2419.jpg,dev,OBJECT,OBJECT:무엇,1
dev_2420.jpg,dev,COMPOSITE,"SPELLING:이름.{0,3}(뭐|무엇);;OBJECT:무엇",2
dev_2421.jpg,dev,OBJECT,OBJECT:무엇,1
dev_2422.jpg,dev,OBJECT,OBJECT:무엇,1
dev_2423.jpg,dev,COMPOSITE,"SPELLING:이름.{0,3}(뭐|무엇);;OBJECT:무엇",2
dev_2424.jpg,dev,OBJECT,OBJECT:무엇,1
dev_2425.jpg,dev,UNKNOWN,,0
dev_2426.jpg,dev,OBJECT,OBJECT:무엇,1
dev_2427.jpg,dev,OBJECT,OBJECT:무엇,1
dev_2428.jpg,dev,OBJECT,OBJECT:무엇,1
dev_2429.jpg,dev,COMPOSITE,"SPELLING:이름.{0,3}(뭐|무엇);;OBJECT:무엇",2
dev_2430.jpg,dev,OBJECT,OBJECT:있(나요|습니까|어),1
dev_2431.jpg,dev,UNKNOWN,,0
dev_2432.jpg,dev,LOGO,LOGO:브랜드,1
dev_2433.jpg,dev,COMPOSITE,PRICE:가격;;OBJECT:무엇,2
dev_2434.jpg,dev,UNKNOWN,,0
dev_2435.jpg,dev,OBJECT,OBJECT:무엇,1
dev_2436.jpg,dev,OBJECT,OBJECT:무엇,1
dev_2437.jpg,dev,OBJECT,OBJECT:무엇,1
dev_2438.jpg,dev,OBJECT,OBJECT:무엇,1
dev_2439.jpg,dev,PRICE,PRICE:얼마,1
dev_2440.jpg,dev,OBJECT,OBJECT:무엇,1
dev_2441.jpg,dev,OBJECT,OBJECT:무엇,1
dev_2442.jpg,dev,COMPOSITE,SPELLING:글자;;OBJECT:무엇,2
dev_2443.jpg,dev,OBJECT,OBJECT:무엇,1
dev_2444.jpg,dev,OBJECT,OBJECT:무엇,1
dev_2445.jpg,dev,OBJECT,OBJECT:무엇,1
dev_2446.jpg,dev,UNKNOWN,,0
dev_2447.jpg,dev,COMPOSITE,"SPELLING:이름.{0,3}(뭐|무엇);;OBJECT:무엇",2
dev_2448.jpg,dev,OBJECT,OBJECT:무엇,1
dev_2449.jpg,dev,UNKNOWN,,0
dev_2450.jpg,dev,OBJECT,OBJECT:무엇,1
dev_2451.jpg,dev,OBJECT,OBJECT:무엇,1
dev_2452.jpg,dev,OBJECT,OBJECT:무엇,1
dev_2453.jpg,dev,OBJECT,OBJECT:무엇,1
dev_2454.jpg,dev,OBJECT,OBJECT:무엇,1
dev_2455.jpg,dev,COMPOSITE,PRICE:가격;;OBJECT:무엇,2
dev_2456.jpg,dev,OBJECT,OBJECT:무엇,1
dev_2457.jpg,dev,TIMEDATE,TIMEDATE:기간,1
dev_2458.jpg,dev,OBJECT,OBJECT:무엇,1
dev_2459.jpg,dev,COMPOSITE,"SPELLING:이름.{0,3}(뭐|무엇);;OBJECT:무엇",2
dev_2460.jpg,dev,OBJECT,OBJECT:무엇,1
dev_2461.jpg,dev,COMPOSITE,"SPELLING:이름.{0,3}(뭐|무엇);;OBJECT:무엇",2
dev_2462.jpg,dev,OBJECT,OBJECT:무엇,1
dev_2463.jpg,dev,COMPOSITE,NUMBER:번호;;OBJECT:무엇,2
dev_2464.jpg,dev,OBJECT,OBJECT:무엇,1
dev_2465.jpg,dev,OBJECT,OBJECT:무엇,1
dev_2466.jpg,dev,OBJECT,OBJECT:무엇,1
dev_2467.jpg,dev,COMPOSITE,"SPELLING:이름.{0,3}(뭐|무엇);;OBJECT:무엇",2
dev_2468.jpg,dev,COMPOSITE,"SPELLING:이름.{0,3}(뭐|무엇);;OBJECT:무엇",2
dev_2469.jpg,dev,COMPOSITE,TABLE:항목;;OBJECT:무엇,2
dev_2470.jpg,dev,UNKNOWN,,0
dev_2471.jpg,dev,PRICE,PRICE:가격,1
dev_2472.jpg,dev,OBJECT,OBJECT:무엇,1
dev_2473.jpg,dev,OBJECT,OBJECT:무엇,1
dev_2474.jpg,dev,COMPOSITE,NUMBER:번호;;OBJECT:무엇,2
dev_2475.jpg,dev,OBJECT,OBJECT:있(나요|습니까|어),1
dev_2476.jpg,dev,PRICE,PRICE:가격,1
dev_2477.jpg,dev,OBJECT,OBJECT:무엇,1
dev_2478.jpg,dev,COMPOSITE,"SPELLING:이름.{0,3}(뭐|무엇);;OBJECT:무엇",2
dev_2479.jpg,dev,COMPOSITE,OBJECT:무엇;;RELATION:아래,2
dev_2480.jpg,dev,PRICE,PRICE:가격,1
dev_2481.jpg,dev,OBJECT,OBJECT:무엇,1
dev_2482.jpg,dev,OBJECT,OBJECT:무엇,1
dev_2483.jpg,dev,COMPOSITE,OBJECT:무엇;;RELATION:아래,2
dev_2484.jpg,dev,COMPOSITE,OBJECT:무엇;;RELATION:위에,2
dev_2485.jpg,dev,OBJECT,OBJECT:무엇,1
dev_2486.jpg,dev,UNKNOWN,,0
dev_2487.jpg,dev,COMPOSITE,"SPELLING:이름.{0,3}(뭐|무엇);;OBJECT:무엇",2
dev_2488.jpg,dev,COMPOSITE,OBJECT:무엇;;RELATION:위에,2
dev_2489.jpg,dev,UNKNOWN,,0
dev_2490.jpg,dev,OBJECT,OBJECT:무엇,1
dev_2491.jpg,dev,OBJECT,OBJECT:무엇,1
dev_2492.jpg,dev,OBJECT,OBJECT:무엇,1
dev_2493.jpg,dev,OBJECT,OBJECT:무엇,1
dev_2494.jpg,dev,OBJECT,OBJECT:있(나요|습니까|어),1
dev_2495.jpg,dev,OBJECT,OBJECT:무엇,1
dev_2496.jpg,dev,UNKNOWN,,0
dev_2497.jpg,dev,OBJECT,OBJECT:무엇,1
dev_2498.jpg,dev,OBJECT,OBJECT:무엇,1
dev_2499.jpg,dev,TIMEDATE,TIMEDATE:영업\s*시간,1
dev_2500.jpg,dev,PRICE,PRICE:가격,1
dev_2501.jpg,dev,PRICE,PRICE:가격,1
dev_2502.jpg,dev,OBJECT,OBJECT:있(나요|습니까|어),1
dev_2503.jpg,dev,OBJECT,OBJECT:무엇,1
dev_2504.jpg,dev,PRICE,PRICE:가격,1
dev_2505.jpg,dev,UNKNOWN,,0
dev_2506.jpg,dev,OBJECT,OBJECT:무엇,1
dev_2507.jpg,dev,NUMBER,NUMBER:몇\s*개,1
dev_2508.jpg,dev,COMPOSITE,PRICE:가격;;OBJECT:무엇,2
dev_2509.jpg,dev,UNKNOWN,,0
dev_2510.jpg,dev,COMPOSITE,"SPELLING:이름.{0,3}(뭐|무엇);;OBJECT:무엇",2
dev_2511.jpg,dev,COMPOSITE,OBJECT:있(나요|습니까|어);;RELATION:왼쪽,2
dev_2512.jpg,dev,UNKNOWN,,0
dev_2513.jpg,dev,COMPOSITE,NUMBER:번호;;OBJECT:무엇,2
dev_2514.jpg,dev,COMPOSITE,NUMBER:번호;;OBJECT:무엇,2
dev_2515.jpg,dev,COMPOSITE,"SPELLING:이름.{0,3}(뭐|무엇);;OBJECT:무엇",2
dev_2516.jpg,dev,COMPOSITE,"SPELLING:이름.{0,3}(뭐|무엇);;LOGO:브랜드;;OBJECT:무엇",3
dev_2517.jpg,dev,OBJECT,OBJECT:무엇,1
dev_2518.jpg,dev,OBJECT,OBJECT:무엇,1
dev_2519.jpg,dev,PRICE,PRICE:가격,1
dev_2520.jpg,dev,UNKNOWN,,0
dev_2521.jpg,dev,UNKNOWN,,0
dev_2522.jpg,dev,COMPOSITE,SPELLING:글자;;OBJECT:무엇,2
dev_2523.jpg,dev,OBJECT,OBJECT:무엇,1
dev_2524.jpg,dev,OBJECT,OBJECT:무엇,1
dev_2525.jpg,dev,PRICE,PRICE:가격,1
dev_2526.jpg,dev,COMPOSITE,"SPELLING:이름.{0,3}(뭐|무엇);;OBJECT:무엇",2
dev_2527.jpg,dev,PRICE,PRICE:얼마,1
dev_2528.jpg,dev,OBJECT,OBJECT:있(나요|습니까|어),1
dev_2529.jpg,dev,OBJECT,OBJECT:무엇,1
dev_2530.jpg,dev,OBJECT,OBJECT:무엇,1
dev_2531.jpg,dev,UNKNOWN,,0
dev_2532.jpg,dev,UNKNOWN,,0
dev_2533.jpg,dev,COMPOSITE,"SPELLING:이름.{0,3}(뭐|무엇);;OBJECT:무엇",2
dev_2534.jpg,dev,OBJECT,OBJECT:무엇,1
dev_2535.jpg,dev,PRICE,PRICE:가격,1
dev_2536.jpg,dev,TIMEDATE,TIMEDATE:언제,1
dev_2537.jpg,dev,OBJECT,OBJECT:무엇,1
dev_2538.jpg,dev,UNKNOWN,,0
dev_2539.jpg,dev,PRICE,PRICE:가격,1
dev_2540.jpg,dev,OBJECT,OBJECT:무엇,1
dev_2541.jpg,dev,COMPOSITE,OBJECT:무엇;;RELATION:순서,2
dev_2542.jpg,dev,OBJECT,OBJECT:무엇,1
dev_2543.jpg,dev,COMPOSITE,"SPELLING:이름.{0,3}(뭐|무엇);;OBJECT:무엇",2
dev_2544.jpg,dev,UNKNOWN,,0
dev_2545.jpg,dev,OBJECT,OBJECT:무엇,1
dev_2546.jpg,dev,OBJECT,OBJECT:무엇,1
dev_2547.jpg,dev,COMPOSITE,PRICE:가격;;OBJECT:무엇,2
dev_2548.jpg,dev,COMPOSITE,NUMBER:번호;;OBJECT:무엇,2
dev_2549.jpg,dev,OBJECT,OBJECT:있(나요|습니까|어),1
dev_2550.jpg,dev,COMPOSITE,"SPELLING:이름.{0,3}(뭐|무엇);;OBJECT:무엇",2
dev_2551.jpg,dev,PRICE,PRICE:가격,1
dev_2552.jpg,dev,COMPOSITE,NUMBER:번호;;OBJECT:무엇,2
dev_2553.jpg,dev,OBJECT,OBJECT:있(나요|습니까|어),1
dev_2554.jpg,dev,OBJECT,OBJECT:무엇,1
dev_2555.jpg,dev,COMPOSITE,"SPELLING:이름.{0,3}(뭐|무엇);;OBJECT:무엇",2
dev_2556.jpg,dev,OBJECT,OBJECT:무엇,1
dev_2557.jpg,dev,PRICE,PRICE:얼마,1
dev_2558.jpg,dev,PRICE,PRICE:가격,1
dev_2559.jpg,dev,TIMEDATE,TIMEDATE:기간,1
dev_2560.jpg,dev,OBJECT,OBJECT:무엇,1
dev_2561.jpg,dev,COMPOSITE,NUMBER:번호;;OBJECT:무엇,2
dev_2562.jpg,dev,OBJECT,OBJECT:있(나요|습니까|어),1
dev_2563.jpg,dev,PRICE,PRICE:가격,1
dev_2564.jpg,dev,TIMEDATE,TIMEDATE:언제,1
dev_2565.jpg,dev,OBJECT,OBJECT:무엇,1
dev_2566.jpg,dev,PRICE,PRICE:가격,1
dev_2567.jpg,dev,OBJECT,OBJECT:무엇,1
dev_2568.jpg,dev,COMPOSITE,PRICE:얼마;;RELATION:왼쪽,2
dev_2569.jpg,dev,OBJECT,OBJECT:무엇,1
dev_2570.jpg,dev,COMPOSITE,PRICE:가격;;LOGO:브랜드,2
dev_2571.jpg,dev,OBJECT,OBJECT:무엇,1
dev_2572.jpg,dev,OBJECT,OBJECT:무엇,1
dev_2573.jpg,dev,COMPOSITE,"SPELLING:이름.{0,3}(뭐|무엇);;OBJECT:무엇",2
dev_2574.jpg,dev,COMPOSITE,"SPELLING:이름.{0,3}(뭐|무엇);;OBJECT:무엇",2
dev_2575.jpg,dev,OBJECT,OBJECT:무엇,1
dev_2576.jpg,dev,COMPOSITE,"SPELLING:이름.{0,3}(뭐|무엇);;OBJECT:무엇",2
dev_2577.jpg,dev,COMPOSITE,OBJECT:무엇;;RELATION:오른쪽,2
dev_2578.jpg,dev,COMPOSITE,NUMBER:번호;;OBJECT:무엇,2
dev_2579.jpg,dev,UNKNOWN,,0
dev_2580.jpg,dev,OBJECT,OBJECT:무엇,1
dev_2581.jpg,dev,OBJECT,OBJECT:무엇,1
dev_2582.jpg,dev,OBJECT,OBJECT:무엇,1
dev_2583.jpg,dev,PRICE,PRICE:가격,1
dev_2584.jpg,dev,OBJECT,OBJECT:있(나요|습니까|어),1
dev_2585.jpg,dev,PRICE,PRICE:얼마,1
dev_2586.jpg,dev,COMPOSITE,LOGO:브랜드;;OBJECT:무엇,2
dev_2587.jpg,dev,COMPOSITE,SPELLING:글자;;OBJECT:무엇,2
dev_2588.jpg,dev,COMPOSITE,PRICE:가격;;OBJECT:무엇,2
dev_2589.jpg,dev,COMPOSITE,PRICE:가격;;OBJECT:무엇,2
dev_2590.jpg,dev,PRICE,PRICE:얼마,1
dev_2591.jpg,dev,OBJECT,OBJECT:무엇,1
dev_2592.jpg,dev,COMPOSITE,"SPELLING:이름.{0,3}(뭐|무엇);;OBJECT:무엇",2
dev_2593.jpg,dev,OBJECT,OBJECT:무엇,1
dev_2594.jpg,dev,OBJECT,OBJECT:무엇,1
dev_2595.jpg,dev,OBJECT,OBJECT:무엇,1
dev_2596.jpg,dev,PRICE,PRICE:얼마,1
dev_2597.jpg,dev,LOGO,LOGO:브랜드,1
dev_2598.jpg,dev,OBJECT,OBJECT:무엇,1
dev_2599.jpg,dev,OBJECT,OBJECT:무엇,1
dev_2600.jpg,dev,COMPOSITE,"SPELLING:이름.{0,3}(뭐|무엇);;OBJECT:무엇;;RELATION:왼쪽",3
dev_2601.jpg,dev,COMPOSITE,"SPELLING:이름.{0,3}(뭐|무엇);;OBJECT:무엇",2
dev_2602.jpg,dev,COMPOSITE,"SPELLING:이름.{0,3}(뭐|무엇);;OBJECT:무엇",2
dev_2603.jpg,dev,COMPOSITE,"SPELLING:이름.{0,3}(뭐|무엇);;OBJECT:무엇",2
dev_2604.jpg,dev,OBJECT,OBJECT:무엇,1
dev_2605.jpg,dev,COMPOSITE,"SPELLING:이름.{0,3}(뭐|무엇);;OBJECT:무엇",2
dev_2606.jpg,dev,UNKNOWN,,0
dev_2607.jpg,dev,PRICE,PRICE:가격,1
dev_2608.jpg,dev,OBJECT,OBJECT:무엇,1
dev_2609.jpg,dev,OBJECT,OBJECT:무엇,1
dev_2610.jpg,dev,COMPOSITE,SPELLING:글자;;OBJECT:무엇;;RELATION:아래,3
dev_2611.jpg,dev,OBJECT,OBJECT:무엇,1
dev_2612.jpg,dev,TABLE,TABLE:표에서,1
dev_2613.jpg,dev,COMPOSITE,NUMBER:번호;;OBJECT:무엇,2
dev_2614.jpg,dev,COMPOSITE,"SPELLING:이름.{0,3}(뭐|무엇);;LOGO:브랜드;;OBJECT:무엇",3
dev_2615.jpg,dev,UNKNOWN,,0
dev_2616.jpg,dev,PRICE,PRICE:가격,1
dev_2617.jpg,dev,LOGO,LOGO:브랜드,1
dev_2618.jpg,dev,OBJECT,OBJECT:무엇,1
dev_2619.jpg,dev,PRICE,PRICE:가격,1
dev_2620.jpg,dev,COMPOSITE,OBJECT:무엇;;RELATION:위에,2
dev_2621.jpg,dev,RELATION,RELATION:오른쪽,1
dev_2622.jpg,dev,OBJECT,OBJECT:무엇,1
dev_2623.jpg,dev,COMPOSITE,OBJECT:무엇;;RELATION:아래,2
dev_2624.jpg,dev,COMPOSITE,NUMBER:번호;;OBJECT:무엇,2
dev_2625.jpg,dev,COMPOSITE,SPELLING:글자;;OBJECT:무엇,2
dev_2626.jpg,dev,COMPOSITE,"SPELLING:이름.{0,3}(뭐|무엇);;OBJECT:무엇",2
dev_2627.jpg,dev,TIMEDATE,TIMEDATE:날짜,1
dev_2628.jpg,dev,COMPOSITE,NUMBER:번호;;OBJECT:무엇,2
dev_2629.jpg,dev,COMPOSITE,PRICE:가격;;OBJECT:무엇,2
dev_2630.jpg,dev,UNKNOWN,,0
dev_2631.jpg,dev,PRICE,PRICE:얼마,1
dev_2632.jpg,dev,OBJECT,OBJECT:무엇,1
dev_2633.jpg,dev,COMPOSITE,PRICE:가격;;OBJECT:무엇,2
dev_2634.jpg,dev,PRICE,PRICE:가격,1
dev_2635.jpg,dev,COMPOSITE,"SPELLING:이름.{0,3}(뭐|무엇);;OBJECT:무엇;;RELATION:오른쪽",3
dev_2636.jpg,dev,COMPOSITE,OBJECT:무엇;;RELATION:왼쪽,2
dev_2637.jpg,dev,OBJECT,OBJECT:무엇,1
dev_2638.jpg,dev,PRICE,PRICE:가격,1
dev_2639.jpg,dev,OBJECT,OBJECT:무엇,1
dev_2640.jpg,dev,UNKNOWN,,0
dev_2641.jpg,dev,PRICE,PRICE:얼마,1
dev_2642.jpg,dev,OBJECT,OBJECT:무엇,1
dev_2643.jpg,dev,PRICE,PRICE:얼마,1
dev_2644.jpg,dev,NUMBER,NUMBER:몇\s*명,1
dev_2645.jpg,dev,COMPOSITE,"SPELLING:이름.{0,3}(뭐|무엇);;OBJECT:무엇",2
dev_2646.jpg,dev,TIMEDATE,TIMEDATE:언제,1
dev_2647.jpg,dev,UNKNOWN,,0
dev_2648.jpg,dev,OBJECT,OBJECT:무엇,1
dev_2649.jpg,dev,PRICE,PRICE:얼마,1
dev_2650.jpg,dev,OBJECT,OBJECT:무엇,1
dev_2651.jpg,dev,COMPOSITE,"SPELLING:이름.{0,3}(뭐|무엇);;OBJECT:무엇",2
dev_2652.jpg,dev,OBJECT,OBJECT:무엇,1
dev_2653.jpg,dev,OBJECT,OBJECT:있(나요|습니까|어),1
dev_2654.jpg,dev,COMPOSITE,PRICE:가격;;OBJECT:무엇,2
dev_2655.jpg,dev,COMPOSITE,TABLE:항목;;OBJECT:무엇;;RELATION:옆에,3
dev_2656.jpg,dev,TIMEDATE,TIMEDATE:몇\s*시,1
dev_2657.jpg,dev,OBJECT,OBJECT:무엇,1
dev_2658.jpg,dev,OBJECT,OBJECT:무엇,1
dev_2659.jpg,dev,OBJECT,OBJECT:무엇,1
dev_2660.jpg,dev,TIMEDATE,TIMEDATE:날짜,1
dev_2661.jpg,dev,OBJECT,OBJECT:무엇,1
dev_2662.jpg,dev,COMPOSITE,OBJECT:있(나요|습니까|어);;RELATION:왼쪽,2
dev_2663.jpg,dev,PRICE,PRICE:가격,1
dev_2664.jpg,dev,COMPOSITE,OBJECT:무엇;;RELATION:오른쪽,2
dev_2665.jpg,dev,OBJECT,OBJECT:있(나요|습니까|어),1
dev_2666.jpg,dev,PRICE,PRICE:가격,1
dev_2667.jpg,dev,PRICE,PRICE:얼마,1
dev_2668.jpg,dev,COMPOSITE,OBJECT:무엇;;RELATION:위에,2
dev_2669.jpg,dev,OBJECT,OBJECT:무엇,1
dev_2670.jpg,dev,COMPOSITE,"SPELLING:이름.{0,3}(뭐|무엇);;OBJECT:무엇",2
dev_2671.jpg,dev,PRICE,PRICE:가격,1
dev_2672.jpg,dev,OBJECT,OBJECT:무엇,1
dev_2673.jpg,dev,COMPOSITE,"SPELLING:이름.{0,3}(뭐|무엇);;OBJECT:무엇",2
dev_2674.jpg,dev,OBJECT,OBJECT:무엇,1
dev_2675.jpg,dev,PRICE,PRICE:얼마,1
dev_2676.jpg,dev,OBJECT,OBJECT:무엇,1
dev_2677.jpg,dev,PRICE,PRICE:가격,1
dev_2678.jpg,dev,OBJECT,OBJECT:무엇,1
dev_2679.jpg,dev,OBJECT,OBJECT:무엇,1
dev_2680.jpg,dev,PRICE,PRICE:가격,1
dev_2681.jpg,dev,PRICE,PRICE:가격,1
dev_2682.jpg,dev,COMPOSITE,TABLE:항목;;OBJECT:무엇,2
dev_2683.jpg,dev,OBJECT,OBJECT:무엇,1
test_0001.jpg,test,COMPOSITE,NUMBER:번호;;OBJECT:무엇,2
test_0002.jpg,test,OBJECT,OBJECT:무엇,1
test_0003.jpg,test,UNKNOWN,,0
test_0004.jpg,test,UNKNOWN,,0
test_0005.jpg,test,UNKNOWN,,0
test_0006.jpg,test,OBJECT,OBJECT:무엇,1
test_0007.jpg,test,COMPOSITE,"SPELLING:이름.{0,3}(뭐|무엇);;OBJECT:무엇",2
test_0008.jpg,test,OBJECT,OBJECT:무엇,1
test_0009.jpg,test,OBJECT,OBJECT:무엇,1
test_0010.jpg,test,COMPOSITE,"SPELLING:이름.{0,3}(뭐|무엇);;OBJECT:무엇",2
test_0011.jpg,test,TIMEDATE,TIMEDATE:언제,1
test_0012.jpg,test,PRICE,PRICE:얼마,1
test_0013.jpg,test,UNKNOWN,,0
test_0014.jpg,test,COMPOSITE,OBJECT:무엇;;RELATION:아래,2
test_0015.jpg,test,OBJECT,OBJECT:무엇,1
test_0016.jpg,test,COMPOSITE,"SPELLING:이름.{0,3}(뭐|무엇);;OBJECT:무엇",2
test_0017.jpg,test,PRICE,PRICE:가격,1
test_0018.jpg,test,COMPOSITE,"SPELLING:이름.{0,3}(뭐|무엇);;OBJECT:무엇",2
test_0019.jpg,test,OBJECT,OBJECT:무엇,1
test_0020.jpg,test,TIMEDATE,TIMEDATE:날짜,1
test_0021.jpg,test,COMPOSITE,"SPELLING:이름.{0,3}(뭐|무엇);;OBJECT:무엇",2
test_0022.jpg,test,PRICE,PRICE:가격,1
test_0023.jpg,test,TIMEDATE,TIMEDATE:언제,1
test_0024.jpg,test,PRICE,PRICE:가격,1
test_0025.jpg,test,OBJECT,OBJECT:무엇,1
test_0026.jpg,test,OBJECT,OBJECT:무엇,1
test_0027.jpg,test,COMPOSITE,"SPELLING:이름.{0,3}(뭐|무엇);;OBJECT:무엇",2
test_0028.jpg,test,OBJECT,OBJECT:무엇,1
test_0029.jpg,test,COMPOSITE,NUMBER:번호;;OBJECT:무엇,2
test_0030.jpg,test,UNKNOWN,,0
test_0031.jpg,test,COMPOSITE,"SPELLING:이름.{0,3}(뭐|무엇);;OBJECT:무엇",2
test_0032.jpg,test,OBJECT,OBJECT:무엇,1
test_0033.jpg,test,UNKNOWN,,0
test_0034.jpg,test,OBJECT,OBJECT:무엇,1
test_0035.jpg,test,COMPOSITE,"SPELLING:이름.{0,3}(뭐|무엇);;OBJECT:무엇",2
test_0036.jpg,test,COMPOSITE,SPELLING:글자;;OBJECT:무엇,2
test_0037.jpg,test,COMPOSITE,PRICE:가격;;OBJECT:무엇,2
test_0038.jpg,test,OBJECT,OBJECT:무엇,1
test_0039.jpg,test,UNKNOWN,,0
test_0040.jpg,test,COMPOSITE,"SPELLING:이름.{0,3}(뭐|무엇);;OBJECT:무엇",2
test_0041.jpg,test,PRICE,PRICE:얼마,1
test_0042.jpg,test,PRICE,PRICE:가격,1
test_0043.jpg,test,COMPOSITE,"SPELLING:이름.{0,3}(뭐|무엇);;OBJECT:무엇",2
test_0044.jpg,test,OBJECT,OBJECT:무엇,1
test_0045.jpg,test,COMPOSITE,SPELLING:글자;;OBJECT:무엇,2
test_0046.jpg,test,OBJECT,OBJECT:있(나요|습니까|어),1
test_0047.jpg,test,OBJECT,OBJECT:무엇,1
test_0048.jpg,test,OBJECT,OBJECT:있(나요|습니까|어),1
test_0049.jpg,test,PRICE,PRICE:얼마,1
test_0050.jpg,test,COMPOSITE,SPELLING:글자;;OBJECT:무엇,2
test_0051.jpg,test,OBJECT,OBJECT:무엇,1
test_0052.jpg,test,OBJECT,OBJECT:무엇,1
test_0053.jpg,test,OBJECT,OBJECT:무엇,1
test_0054.jpg,test,COMPOSITE,"SPELLING:이름.{0,3}(뭐|무엇);;OBJECT:무엇",2
test_0055.jpg,test,COMPOSITE,"SPELLING:이름.{0,3}(뭐|무엇);;OBJECT:무엇",2
test_0056.jpg,test,COMPOSITE,"SPELLING:이름.{0,3}(뭐|무엇);;OBJECT:무엇",2
test_0057.jpg,test,PRICE,PRICE:얼마,1
test_0058.jpg,test,OBJECT,OBJECT:무엇,1
test_0059.jpg,test,PRICE,PRICE:가격,1
test_0060.jpg,test,COMPOSITE,"SPELLING:이름.{0,3}(뭐|무엇);;OBJECT:무엇",2
test_0061.jpg,test,UNKNOWN,,0
test_0062.jpg,test,OBJECT,OBJECT:무엇,1
test_0063.jpg,test,PRICE,PRICE:가격,1
test_0064.jpg,test,OBJECT,OBJECT:무엇,1
test_0065.jpg,test,UNKNOWN,,0
test_0066.jpg,test,TIMEDATE,TIMEDATE:기간,1
test_0067.jpg,test,COMPOSITE,"SPELLING:이름.{0,3}(뭐|무엇);;OBJECT:무엇",2
test_0068.jpg,test,UNKNOWN,,0
test_0069.jpg,test,OBJECT,OBJECT:무엇,1
test_0070.jpg,test,OBJECT,OBJECT:무엇,1
test_0071.jpg,test,COMPOSITE,"SPELLING:이름.{0,3}(뭐|무엇);;OBJECT:무엇",2
test_0072.jpg,test,COMPOSITE,TIMEDATE:영업\s*시간;;OBJECT:있(나요|습니까|어),2
test_0073.jpg,test,OBJECT,OBJECT:무엇,1
test_0074.jpg,test,UNKNOWN,,0
test_0075.jpg,test,COMPOSITE,"SPELLING:이름.{0,3}(뭐|무엇);;OBJECT:무엇",2
test_0076.jpg,test,UNKNOWN,,0
test_0077.jpg,test,OBJECT,OBJECT:무엇,1
test_0078.jpg,test,COMPOSITE,"SPELLING:이름.{0,3}(뭐|무엇);;LOGO:브랜드;;OBJECT:무엇",3
test_0079.jpg,test,OBJECT,OBJECT:무엇,1
test_0080.jpg,test,COMPOSITE,SPELLING:글자;;OBJECT:무엇,2
test_0081.jpg,test,OBJECT,OBJECT:무엇,1
test_0082.jpg,test,COMPOSITE,"SPELLING:이름.{0,3}(뭐|무엇);;OBJECT:무엇",2
test_0083.jpg,test,PRICE,PRICE:가격,1
test_0084.jpg,test,OBJECT,OBJECT:무엇,1
test_0085.jpg,test,OBJECT,OBJECT:무엇,1
test_0086.jpg,test,COMPOSITE,"SPELLING:이름.{0,3}(뭐|무엇);;OBJECT:무엇",2
test_0087.jpg,test,OBJECT,OBJECT:무엇,1
test_0088.jpg,test,PRICE,PRICE:가격,1
test_0089.jpg,test,UNKNOWN,,0
test_0090.jpg,test,OBJECT,OBJECT:있(나요|습니까|어),1
test_0091.jpg,test,UNKNOWN,,0
test_0092.jpg,test,COMPOSITE,PRICE:가격;;OBJECT:있(나요|습니까|어),2
test_0093.jpg,test,OBJECT,OBJECT:무엇,1
test_0094.jpg,test,PRICE,PRICE:가격,1
test_0095.jpg,test,OBJECT,OBJECT:무엇,1
test_0096.jpg,test,OBJECT,OBJECT:무엇,1
test_0097.jpg,test,PRICE,PRICE:가격,1
test_0098.jpg,test,UNKNOWN,,0
test_0099.jpg,test,COMPOSITE,"SPELLING:이름.{0,3}(뭐|무엇);;OBJECT:무엇",2
test_0100.jpg,test,COMPOSITE,"SPELLING:이름.{0,3}(뭐|무엇);;OBJECT:무엇",2
test_0101.jpg,test,COMPOSITE,SPELLING:글자;;OBJECT:무엇,2
test_0102.jpg,test,OBJECT,OBJECT:있(나요|습니까|어),1
test_0103.jpg,test,OBJECT,OBJECT:무엇,1
test_0104.jpg,test,COMPOSITE,OBJECT:무엇;;RELATION:왼쪽,2
test_0105.jpg,test,OBJECT,OBJECT:무엇,1
test_0106.jpg,test,OBJECT,OBJECT:무엇,1
test_0107.jpg,test,COMPOSITE,"SPELLING:이름.{0,3}(뭐|무엇);;LOGO:브랜드;;OBJECT:무엇",3
test_0108.jpg,test,COMPOSITE,"SPELLING:이름.{0,3}(뭐|무엇);;OBJECT:무엇",2
test_0109.jpg,test,TIMEDATE,TIMEDATE:영업\s*시간,1
test_0110.jpg,test,OBJECT,OBJECT:무엇,1
test_0111.jpg,test,OBJECT,OBJECT:무엇,1
test_0112.jpg,test,OBJECT,OBJECT:무엇,1
test_0113.jpg,test,PRICE,PRICE:가격,1
test_0114.jpg,test,OBJECT,OBJECT:무엇,1
test_0115.jpg,test,UNKNOWN,,0
test_0116.jpg,test,OBJECT,OBJECT:무엇,1
test_0117.jpg,test,OBJECT,OBJECT:무엇,1
test_0118.jpg,test,OBJECT,OBJECT:무엇,1
test_0119.jpg,test,OBJECT,OBJECT:무엇,1
test_0120.jpg,test,COMPOSITE,SPELLING:글자;;OBJECT:무엇,2
test_0121.jpg,test,OBJECT,OBJECT:무엇,1
test_0122.jpg,test,PRICE,PRICE:가격,1
test_0123.jpg,test,UNKNOWN,,0
test_0124.jpg,test,OBJECT,OBJECT:있(나요|습니까|어),1
test_0125.jpg,test,UNKNOWN,,0
test_0126.jpg,test,COMPOSITE,"SPELLING:이름.{0,3}(뭐|무엇);;OBJECT:무엇",2
test_0127.jpg,test,COMPOSITE,SPELLING:글자;;OBJECT:무엇,2
test_0128.jpg,test,COMPOSITE,NUMBER:번호;;OBJECT:무엇,2
test_0129.jpg,test,PRICE,PRICE:얼마,1
test_0130.jpg,test,TIMEDATE,TIMEDATE:언제,1
test_0131.jpg,test,COMPOSITE,OBJECT:무엇;;RELATION:아래,2
test_0132.jpg,test,COMPOSITE,NUMBER:번호;;OBJECT:무엇,2
test_0133.jpg,test,COMPOSITE,OBJECT:무엇;;RELATION:위에,2
test_0134.jpg,test,OBJECT,OBJECT:무엇,1
test_0135.jpg,test,OBJECT,OBJECT:무엇,1
test_0136.jpg,test,PRICE,PRICE:가격,1
test_0137.jpg,test,OBJECT,OBJECT:무엇,1
test_0138.jpg,test,OBJECT,OBJECT:무엇,1
test_0139.jpg,test,UNKNOWN,,0
test_0140.jpg,test,OBJECT,OBJECT:무엇,1
test_0141.jpg,test,OBJECT,OBJECT:무엇,1
test_0142.jpg,test,COMPOSITE,NUMBER:번호;;OBJECT:무엇,2
test_0143.jpg,test,OBJECT,OBJECT:무엇,1
test_0144.jpg,test,OBJECT,OBJECT:무엇,1
test_0145.jpg,test,OBJECT,OBJECT:무엇,1
test_0146.jpg,test,COMPOSITE,"SPELLING:이름.{0,3}(뭐|무엇);;OBJECT:무엇",2
test_0147.jpg,test,OBJECT,OBJECT:무엇,1
test_0148.jpg,test,PRICE,PRICE:가격,1
test_0149.jpg,test,OBJECT,OBJECT:무엇,1
test_0150.jpg,test,COMPOSITE,NUMBER:번호;;OBJECT:있(나요|습니까|어),2
test_0151.jpg,test,OBJECT,OBJECT:무엇,1
test_0152.jpg,test,OBJECT,OBJECT:무엇,1
test_0153.jpg,test,PRICE,PRICE:가격,1
test_0154.jpg,test,COMPOSITE,"SPELLING:이름.{0,3}(뭐|무엇);;OBJECT:무엇",2
test_0155.jpg,test,UNKNOWN,,0
test_0156.jpg,test,OBJECT,OBJECT:무엇,1
test_0157.jpg,test,OBJECT,OBJECT:무엇,1
test_0158.jpg,test,OBJECT,OBJECT:무엇,1
test_0159.jpg,test,OBJECT,OBJECT:무엇,1
test_0160.jpg,test,OBJECT,OBJECT:무엇,1
test_0161.jpg,test,OBJECT,OBJECT:있(나요|습니까|어),1
test_0162.jpg,test,TIMEDATE,TIMEDATE:언제,1
test_0163.jpg,test,UNKNOWN,,0
test_0164.jpg,test,OBJECT,OBJECT:무엇,1
test_0165.jpg,test,OBJECT,OBJECT:무엇,1
test_0166.jpg,test,OBJECT,OBJECT:무엇,1
test_0167.jpg,test,COMPOSITE,"SPELLING:이름.{0,3}(뭐|무엇);;LOGO:브랜드;;OBJECT:무엇",3
test_0168.jpg,test,UNKNOWN,,0
test_0169.jpg,test,OBJECT,OBJECT:무엇,1
test_0170.jpg,test,PRICE,PRICE:가격,1
test_0171.jpg,test,PRICE,PRICE:가격,1
test_0172.jpg,test,OBJECT,OBJECT:무엇,1
test_0173.jpg,test,OBJECT,OBJECT:무엇,1
test_0174.jpg,test,UNKNOWN,,0
test_0175.jpg,test,OBJECT,OBJECT:무엇,1
test_0176.jpg,test,OBJECT,OBJECT:무엇,1
test_0177.jpg,test,OBJECT,OBJECT:있(나요|습니까|어),1
test_0178.jpg,test,COMPOSITE,PRICE:얼마;;OBJECT:있(나요|습니까|어),2
test_0179.jpg,test,OBJECT,OBJECT:무엇,1
test_0180.jpg,test,OBJECT,OBJECT:무엇,1
test_0181.jpg,test,OBJECT,OBJECT:무엇,1
test_0182.jpg,test,COMPOSITE,SPELLING:글자;;OBJECT:무엇;;RELATION:위에,3
test_0183.jpg,test,COMPOSITE,"SPELLING:이름.{0,3}(뭐|무엇);;OBJECT:무엇",2
test_0184.jpg,test,COMPOSITE,"SPELLING:이름.{0,3}(뭐|무엇);;OBJECT:무엇",2
test_0185.jpg,test,COMPOSITE,"SPELLING:이름.{0,3}(뭐|무엇);;OBJECT:무엇",2
test_0186.jpg,test,OBJECT,OBJECT:무엇,1
test_0187.jpg,test,PRICE,PRICE:가격,1
test_0188.jpg,test,OBJECT,OBJECT:무엇,1
test_0189.jpg,test,COMPOSITE,NUMBER:번호;;OBJECT:무엇,2
test_0190.jpg,test,PRICE,PRICE:가격,1
test_0191.jpg,test,OBJECT,OBJECT:무엇,1
test_0192.jpg,test,COMPOSITE,TABLE:표에서;;OBJECT:무엇,2
test_0193.jpg,test,OBJECT,OBJECT:무엇,1
test_0194.jpg,test,OBJECT,OBJECT:무엇,1
test_0195.jpg,test,UNKNOWN,,0
test_0196.jpg,test,COMPOSITE,"SPELLING:이름.{0,3}(뭐|무엇);;OBJECT:무엇",2
test_0197.jpg,test,COMPOSITE,"SPELLING:이름.{0,3}(뭐|무엇);;OBJECT:무엇",2
test_0198.jpg,test,TIMEDATE,TIMEDATE:언제,1
test_0199.jpg,test,COMPOSITE,"SPELLING:이름.{0,3}(뭐|무엇);;OBJECT:무엇",2
test_0200.jpg,test,OBJECT,OBJECT:무엇,1
test_0201.jpg,test,COMPOSITE,"SPELLING:이름.{0,3}(뭐|무엇);;OBJECT:무엇",2
test_0202.jpg,test,PRICE,PRICE:가격,1
test_0203.jpg,test,PRICE,PRICE:가격,1
test_0204.jpg,test,PRICE,PRICE:가격,1
test_0205.jpg,test,OBJECT,OBJECT:무엇,1
test_0206.jpg,test,OBJECT,OBJECT:무엇,1
test_0207.jpg,test,COMPOSITE,"SPELLING:이름.{0,3}(뭐|무엇);;OBJECT:무엇",2
test_0208.jpg,test,PRICE,PRICE:가격,1
test_0209.jpg,test,COMPOSITE,"SPELLING:이름.{0,3}(뭐|무엇);;OBJECT:무엇",2
test_0210.jpg,test,PRICE,PRICE:가격,1
test_0211.jpg,test,COMPOSITE,"SPELLING:이름.{0,3}(뭐|무엇);;OBJECT:무엇",2
test_0212.jpg,test,OBJECT,OBJECT:무엇,1
test_0213.jpg,test,OBJECT,OBJECT:무엇,1
test_0214.jpg,test,OBJECT,OBJECT:무엇,1
test_0215.jpg,test,OBJECT,OBJECT:무엇,1
test_0216.jpg,test,OBJECT,OBJECT:있(나요|습니까|어),1
test_0217.jpg,test,COMPOSITE,"SPELLING:이름.{0,3}(뭐|무엇);;OBJECT:무엇",2
test_0218.jpg,test,OBJECT,OBJECT:무엇,1
test_0219.jpg,test,COMPOSITE,"SPELLING:이름.{0,3}(뭐|무엇);;OBJECT:무엇",2
test_0220.jpg,test,OBJECT,OBJECT:무엇,1
test_0221.jpg,test,LOGO,LOGO:브랜드,1
test_0222.jpg,test,OBJECT,OBJECT:있(나요|습니까|어),1
test_0223.jpg,test,PRICE,PRICE:가격,1
test_0224.jpg,test,COMPOSITE,OBJECT:무엇;;RELATION:아래,2
test_0225.jpg,test,COMPOSITE,"SPELLING:이름.{0,3}(뭐|무엇);;OBJECT:무엇",2
test_0226.jpg,test,OBJECT,OBJECT:무엇,1
test_0227.jpg,test,OBJECT,OBJECT:무엇,1
test_0228.jpg,test,UNKNOWN,,0
test_0229.jpg,test,COMPOSITE,PRICE:가격;;OBJECT:무엇,2
test_0230.jpg,test,COMPOSITE,OBJECT:무엇;;RELATION:위에,2
test_0231.jpg,test,COMPOSITE,"SPELLING:이름.{0,3}(뭐|무엇);;OBJECT:무엇",2
test_0232.jpg,test,COMPOSITE,"SPELLING:이름.{0,3}(뭐|무엇);;OBJECT:무엇",2
test_0233.jpg,test,OBJECT,OBJECT:무엇,1
test_0234.jpg,test,OBJECT,OBJECT:무엇,1
test_0235.jpg,test,COMPOSITE,"SPELLING:이름.{0,3}(뭐|무엇);;OBJECT:무엇",2
test_0236.jpg,test,OBJECT,OBJECT:무엇,1
test_0237.jpg,test,PRICE,PRICE:가격,1
test_0238.jpg,test,PRICE,PRICE:얼마,1
test_0239.jpg,test,TIMEDATE,TIMEDATE:언제,1
test_0240.jpg,test,PRICE,PRICE:얼마,1
test_0241.jpg,test,PRICE,PRICE:가격,1
test_0242.jpg,test,COMPOSITE,NUMBER:번호;;OBJECT:무엇,2
test_0243.jpg,test,OBJECT,OBJECT:있(나요|습니까|어),1
test_0244.jpg,test,OBJECT,OBJECT:무엇,1
test_0245.jpg,test,COMPOSITE,"SPELLING:이름.{0,3}(뭐|무엇);;OBJECT:무엇",2
test_0246.jpg,test,OBJECT,OBJECT:무엇,1
test_0247.jpg,test,COMPOSITE,"SPELLING:이름.{0,3}(뭐|무엇);;OBJECT:무엇",2
test_0248.jpg,test,OBJECT,OBJECT:무엇,1
test_0249.jpg,test,TIMEDATE,TIMEDATE:기간,1
test_0250.jpg,test,PRICE,PRICE:가격,1
test_0251.jpg,test,PRICE,PRICE:얼마,1
test_0252.jpg,test,COMPOSITE,PRICE:얼마;;OBJECT:있(나요|습니까|어),2
test_0253.jpg,test,UNKNOWN,,0
test_0254.jpg,test,COMPOSITE,"SPELLING:이름.{0,3}(뭐|무엇);;OBJECT:무엇",2
test_0255.jpg,test,UNKNOWN,,0
test_0256.jpg,test,OBJECT,OBJECT:무엇,1
test_0257.jpg,test,OBJECT,OBJECT:무엇,1
test_0258.jpg,test,OBJECT,OBJECT:있(나요|습니까|어),1
test_0259.jpg,test,PRICE,PRICE:가격,1
test_0260.jpg,test,OBJECT,OBJECT:무엇,1
test_0261.jpg,test,OBJECT,OBJECT:무엇,1
test_0262.jpg,test,COMPOSITE,"SPELLING:이름.{0,3}(뭐|무엇);;OBJECT:무엇",2
test_0263.jpg,test,OBJECT,OBJECT:무엇,1
test_0264.jpg,test,OBJECT,OBJECT:무엇,1
test_0265.jpg,test,OBJECT,OBJECT:무엇,1
test_0266.jpg,test,OBJECT,OBJECT:무엇,1
test_0267.jpg,test,COMPOSITE,"SPELLING:이름.{0,3}(뭐|무엇);;OBJECT:무엇",2
test_0268.jpg,test,PRICE,PRICE:얼마,1
test_0269.jpg,test,COMPOSITE,"SPELLING:이름.{0,3}(뭐|무엇);;OBJECT:무엇",2
test_0270.jpg,test,COMPOSITE,"SPELLING:이름.{0,3}(뭐|무엇);;OBJECT:무엇",2
test_0271.jpg,test,COMPOSITE,OBJECT:무엇;;RELATION:왼쪽,2
test_0272.jpg,test,COMPOSITE,"SPELLING:이름.{0,3}(뭐|무엇);;OBJECT:무엇",2
test_0273.jpg,test,PRICE,PRICE:가격,1
test_0274.jpg,test,OBJECT,OBJECT:무엇,1
test_0275.jpg,test,OBJECT,OBJECT:무엇,1
test_0276.jpg,test,OBJECT,OBJECT:있(나요|습니까|어),1
test_0277.jpg,test,OBJECT,OBJECT:무엇,1
test_0278.jpg,test,OBJECT,OBJECT:무엇,1
test_0279.jpg,test,PRICE,PRICE:가격,1
test_0280.jpg,test,UNKNOWN,,0
test_0281.jpg,test,COMPOSITE,OBJECT:무엇;;RELATION:왼쪽,2
test_0282.jpg,test,COMPOSITE,"SPELLING:이름.{0,3}(뭐|무엇);;OBJECT:무엇",2
test_0283.jpg,test,COMPOSITE,"SPELLING:이름.{0,3}(뭐|무엇);;OBJECT:무엇",2
test_0284.jpg,test,UNKNOWN,,0
test_0285.jpg,test,OBJECT,OBJECT:무엇,1
test_0286.jpg,test,COMPOSITE,LOGO:브랜드;;OBJECT:무엇,2
test_0287.jpg,test,OBJECT,OBJECT:무엇,1
test_0288.jpg,test,OBJECT,OBJECT:무엇,1
test_0289.jpg,test,TIMEDATE,TIMEDATE:영업\s*시간,1
test_0290.jpg,test,COMPOSITE,"SPELLING:이름.{0,3}(뭐|무엇);;OBJECT:무엇",2
test_0291.jpg,test,TIMEDATE,TIMEDATE:언제,1
test_0292.jpg,test,OBJECT,OBJECT:무엇,1
test_0293.jpg,test,COMPOSITE,"SPELLING:이름.{0,3}(뭐|무엇);;LOGO:브랜드;;OBJECT:무엇",3
test_0294.jpg,test,OBJECT,OBJECT:무엇,1
test_0295.jpg,test,COMPOSITE,"SPELLING:이름.{0,3}(뭐|무엇);;OBJECT:무엇",2
test_0296.jpg,test,PRICE,PRICE:얼마,1
test_0297.jpg,test,COMPOSITE,NUMBER:번호;;OBJECT:무엇,2
test_0298.jpg,test,UNKNOWN,,0
test_0299.jpg,test,OBJECT,OBJECT:무엇,1
test_0300.jpg,test,COMPOSITE,SPELLING:글자;;OBJECT:무엇,2
test_0301.jpg,test,OBJECT,OBJECT:무엇,1
test_0302.jpg,test,OBJECT,OBJECT:있(나요|습니까|어),1
test_0303.jpg,test,OBJECT,OBJECT:무엇,1
test_0304.jpg,test,UNKNOWN,,0
test_0305.jpg,test,COMPOSITE,LOGO:브랜드;;OBJECT:무엇,2
test_0306.jpg,test,OBJECT,OBJECT:있(나요|습니까|어),1
test_0307.jpg,test,OBJECT,OBJECT:무엇,1
test_0308.jpg,test,PRICE,PRICE:얼마,1
test_0309.jpg,test,OBJECT,OBJECT:무엇,1
test_0310.jpg,test,OBJECT,OBJECT:무엇,1
test_0311.jpg,test,OBJECT,OBJECT:무엇,1
test_0312.jpg,test,SPELLING,SPELLING:글자,1
test_0313.jpg,test,OBJECT,OBJECT:무엇,1
test_0314.jpg,test,UNKNOWN,,0
test_0315.jpg,test,COMPOSITE,"SPELLING:이름.{0,3}(뭐|무엇);;OBJECT:무엇",2
test_0316.jpg,test,COMPOSITE,PRICE:가격;;OBJECT:무엇,2
test_0317.jpg,test,PRICE,PRICE:가격,1
test_0318.jpg,test,OBJECT,OBJECT:무엇,1
test_0319.jpg,test,OBJECT,OBJECT:있(나요|습니까|어),1
test_0320.jpg,test,COMPOSITE,"SPELLING:이름.{0,3}(뭐|무엇);;OBJECT:무엇",2
test_0321.jpg,test,OBJECT,OBJECT:무엇,1
test_0322.jpg,test,OBJECT,OBJECT:있(나요|습니까|어),1
test_0323.jpg,test,PRICE,PRICE:가격,1
test_0324.jpg,test,OBJECT,OBJECT:무엇,1
test_0325.jpg,test,OBJECT,OBJECT:무엇,1
test_0326.jpg,test,COMPOSITE,NUMBER:번호;;OBJECT:무엇,2
test_0327.jpg,test,COMPOSITE,"SPELLING:이름.{0,3}(뭐|무엇);;OBJECT:무엇",2
test_0328.jpg,test,COMPOSITE,"SPELLING:이름.{0,3}(뭐|무엇);;LOGO:브랜드;;OBJECT:무엇",3
test_0329.jpg,test,OBJECT,OBJECT:무엇,1
test_0330.jpg,test,OBJECT,OBJECT:무엇,1
test_0331.jpg,test,COMPOSITE,"SPELLING:이름.{0,3}(뭐|무엇);;OBJECT:무엇",2
test_0332.jpg,test,PRICE,PRICE:가격,1
test_0333.jpg,test,OBJECT,OBJECT:무엇,1
test_0334.jpg,test,OBJECT,OBJECT:무엇,1
test_0335.jpg,test,UNKNOWN,,0
test_0336.jpg,test,COMPOSITE,"SPELLING:이름.{0,3}(뭐|무엇);;OBJECT:무엇",2
test_0337.jpg,test,COMPOSITE,NUMBER:번호;;OBJECT:무엇,2
test_0338.jpg,test,UNKNOWN,,0
test_0339.jpg,test,PRICE,PRICE:가격,1
test_0340.jpg,test,OBJECT,OBJECT:무엇,1
test_0341.jpg,test,PRICE,PRICE:가격,1
test_0342.jpg,test,COMPOSITE,NUMBER:번호;;OBJECT:무엇,2
test_0343.jpg,test,OBJECT,OBJECT:무엇,1
test_0344.jpg,test,OBJECT,OBJECT:무엇,1
test_0345.jpg,test,OBJECT,OBJECT:무엇,1
test_0346.jpg,test,PRICE,PRICE:얼마,1
test_0347.jpg,test,PRICE,PRICE:가격,1
test_0348.jpg,test,OBJECT,OBJECT:무엇,1
test_0349.jpg,test,UNKNOWN,,0
test_0350.jpg,test,PRICE,PRICE:얼마,1
test_0351.jpg,test,COMPOSITE,"SPELLING:이름.{0,3}(뭐|무엇);;OBJECT:무엇",2
test_0352.jpg,test,UNKNOWN,,0
test_0353.jpg,test,OBJECT,OBJECT:무엇,1
test_0354.jpg,test,PRICE,PRICE:얼마,1
test_0355.jpg,test,UNKNOWN,,0
test_0356.jpg,test,COMPOSITE,"SPELLING:이름.{0,3}(뭐|무엇);;OBJECT:무엇",2
test_0357.jpg,test,UNKNOWN,,0
test_0358.jpg,test,COMPOSITE,"SPELLING:이름.{0,3}(뭐|무엇);;OBJECT:무엇",2
test_0359.jpg,test,COMPOSITE,"SPELLING:이름.{0,3}(뭐|무엇);;OBJECT:무엇",2
test_0360.jpg,test,OBJECT,OBJECT:무엇,1
test_0361.jpg,test,OBJECT,OBJECT:무엇,1
test_0362.jpg,test,COMPOSITE,NUMBER:번호;;OBJECT:무엇,2
test_0363.jpg,test,COMPOSITE,"SPELLING:이름.{0,3}(뭐|무엇);;OBJECT:무엇",2
test_0364.jpg,test,OBJECT,OBJECT:무엇,1
test_0365.jpg,test,COMPOSITE,SPELLING:글자;;OBJECT:있(나요|습니까|어),2
test_0366.jpg,test,COMPOSITE,"SPELLING:이름.{0,3}(뭐|무엇);;OBJECT:무엇",2
test_0367.jpg,test,OBJECT,OBJECT:무엇,1
test_0368.jpg,test,TIMEDATE,TIMEDATE:날짜,1
test_0369.jpg,test,COMPOSITE,OBJECT:무엇;;RELATION:옆에,2
test_0370.jpg,test,TIMEDATE,TIMEDATE:언제,1
test_0371.jpg,test,COMPOSITE,"SPELLING:이름.{0,3}(뭐|무엇);;OBJECT:무엇",2
test_0372.jpg,test,OBJECT,OBJECT:무엇,1
test_0373.jpg,test,OBJECT,OBJECT:무엇,1
test_0374.jpg,test,OBJECT,OBJECT:무엇,1
test_0375.jpg,test,COMPOSITE,TIMEDATE:요일;;OBJECT:무엇,2
test_0376.jpg,test,COMPOSITE,"SPELLING:이름.{0,3}(뭐|무엇);;OBJECT:무엇",2
test_0377.jpg,test,OBJECT,OBJECT:있(나요|습니까|어),1
test_0378.jpg,test,OBJECT,OBJECT:무엇,1
test_0379.jpg,test,OBJECT,OBJECT:무엇,1
test_0380.jpg,test,OBJECT,OBJECT:있(나요|습니까|어),1
test_0381.jpg,test,COMPOSITE,PRICE:가격;;OBJECT:무엇,2
test_0382.jpg,test,COMPOSITE,NUMBER:번호;;OBJECT:무엇,2
test_0383.jpg,test,OBJECT,OBJECT:무엇,1
test_0384.jpg,test,COMPOSITE,"SPELLING:이름.{0,3}(뭐|무엇);;OBJECT:무엇",2
test_0385.jpg,test,OBJECT,OBJECT:무엇,1
test_0386.jpg,test,OBJECT,OBJECT:무엇,1
test_0387.jpg,test,UNKNOWN,,0
test_0388.jpg,test,COMPOSITE,"SPELLING:이름.{0,3}(뭐|무엇);;OBJECT:무엇",2
test_0389.jpg,test,COMPOSITE,SPELLING:글자;;OBJECT:무엇,2
test_0390.jpg,test,OBJECT,OBJECT:무엇,1
test_0391.jpg,test,COMPOSITE,"SPELLING:이름.{0,3}(뭐|무엇);;OBJECT:무엇",2
test_0392.jpg,test,PRICE,PRICE:얼마,1
test_0393.jpg,test,OBJECT,OBJECT:무엇,1
test_0394.jpg,test,OBJECT,OBJECT:무엇,1
test_0395.jpg,test,COMPOSITE,LOGO:브랜드;;OBJECT:무엇,2
test_0396.jpg,test,COMPOSITE,"SPELLING:이름.{0,3}(뭐|무엇);;OBJECT:무엇",2
test_0397.jpg,test,OBJECT,OBJECT:무엇,1
test_0398.jpg,test,COMPOSITE,"SPELLING:이름.{0,3}(뭐|무엇);;OBJECT:무엇",2
test_0399.jpg,test,OBJECT,OBJECT:무엇,1
test_0400.jpg,test,OBJECT,OBJECT:무엇,1
test_0401.jpg,test,COMPOSITE,"SPELLING:이름.{0,3}(뭐|무엇);;OBJECT:무엇",2
test_0402.jpg,test,OBJECT,OBJECT:무엇,1
test_0403.jpg,test,UNKNOWN,,0
test_0404.jpg,test,PRICE,PRICE:가격,1
test_0405.jpg,test,OBJECT,OBJECT:무엇,1
test_0406.jpg,test,OBJECT,OBJECT:무엇,1
test_0407.jpg,test,OBJECT,OBJECT:무엇,1
test_0408.jpg,test,OBJECT,OBJECT:무엇,1
test_0409.jpg,test,OBJECT,OBJECT:무엇,1
test_0410.jpg,test,OBJECT,OBJECT:무엇,1
test_0411.jpg,test,OBJECT,OBJECT:무엇,1
test_0412.jpg,test,OBJECT,OBJECT:있(나요|습니까|어),1
test_0413.jpg,test,OBJECT,OBJECT:무엇,1
test_0414.jpg,test,COMPOSITE,"SPELLING:이름.{0,3}(뭐|무엇);;OBJECT:무엇",2
test_0415.jpg,test,TIMEDATE,TIMEDATE:언제,1
test_0416.jpg,test,OBJECT,OBJECT:무엇,1
test_0417.jpg,test,OBJECT,OBJECT:무엇,1
test_0418.jpg,test,COMPOSITE,"SPELLING:이름.{0,3}(뭐|무엇);;LOGO:브랜드;;OBJECT:무엇",3
test_0419.jpg,test,OBJECT,OBJECT:무엇,1
test_0420.jpg,test,UNKNOWN,,0
test_0421.jpg,test,COMPOSITE,NUMBER:번호;;OBJECT:무엇,2
test_0422.jpg,test,COMPOSITE,"SPELLING:이름.{0,3}(뭐|무엇);;OBJECT:무엇",2
test_0423.jpg,test,OBJECT,OBJECT:무엇,1
test_0424.jpg,test,COMPOSITE,"SPELLING:이름.{0,3}(뭐|무엇);;OBJECT:무엇",2
test_0425.jpg,test,PRICE,PRICE:가격,1
test_0426.jpg,test,OBJECT,OBJECT:무엇,1
test_0427.jpg,test,OBJECT,OBJECT:무엇,1
test_0428.jpg,test,COMPOSITE,"SPELLING:이름.{0,3}(뭐|무엇);;OBJECT:무엇",2
test_0429.jpg,test,OBJECT,OBJECT:무엇,1
test_0430.jpg,test,COMPOSITE,NUMBER:번호;;OBJECT:무엇,2
test_0431.jpg,test,OBJECT,OBJECT:무엇,1
test_0432.jpg,test,OBJECT,OBJECT:무엇,1
test_0433.jpg,test,COMPOSITE,"SPELLING:이름.{0,3}(뭐|무엇);;OBJECT:무엇",2
test_0434.jpg,test,OBJECT,OBJECT:무엇,1
test_0435.jpg,test,COMPOSITE,"SPELLING:이름.{0,3}(뭐|무엇);;OBJECT:무엇",2
test_0436.jpg,test,PRICE,PRICE:가격,1
test_0437.jpg,test,OBJECT,OBJECT:무엇,1
test_0438.jpg,test,PRICE,PRICE:얼마,1
test_0439.jpg,test,COMPOSITE,NUMBER:번호;;OBJECT:무엇,2
test_0440.jpg,test,OBJECT,OBJECT:무엇,1
test_0441.jpg,test,UNKNOWN,,0
test_0442.jpg,test,UNKNOWN,,0
test_0443.jpg,test,UNKNOWN,,0
test_0444.jpg,test,NUMBER,NUMBER:몇\s*명,1
test_0445.jpg,test,COMPOSITE,"SPELLING:이름.{0,3}(뭐|무엇);;OBJECT:무엇",2
test_0446.jpg,test,COMPOSITE,"SPELLING:이름.{0,3}(뭐|무엇);;OBJECT:무엇",2
test_0447.jpg,test,OBJECT,OBJECT:무엇,1
test_0448.jpg,test,COMPOSITE,TIMEDATE:몇\s*시;;OBJECT:있(나요|습니까|어),2
test_0449.jpg,test,COMPOSITE,NUMBER:번호;;OBJECT:무엇,2
test_0450.jpg,test,OBJECT,OBJECT:무엇,1
test_0451.jpg,test,UNKNOWN,,0
test_0452.jpg,test,UNKNOWN,,0
test_0453.jpg,test,COMPOSITE,"SPELLING:이름.{0,3}(뭐|무엇);;OBJECT:무엇",2
test_0454.jpg,test,OBJECT,OBJECT:무엇,1
test_0455.jpg,test,UNKNOWN,,0
test_0456.jpg,test,COMPOSITE,PRICE:얼마;;OBJECT:있(나요|습니까|어),2
test_0457.jpg,test,OBJECT,OBJECT:무엇,1
test_0458.jpg,test,PRICE,PRICE:가격,1
test_0459.jpg,test,COMPOSITE,"SPELLING:이름.{0,3}(뭐|무엇);;NUMBER:번호;;OBJECT:무엇",3
test_0460.jpg,test,UNKNOWN,,0
test_0461.jpg,test,COMPOSITE,NUMBER:번호;;OBJECT:무엇,2
test_0462.jpg,test,OBJECT,OBJECT:무엇,1
test_0463.jpg,test,PRICE,PRICE:얼마,1
test_0464.jpg,test,OBJECT,OBJECT:무엇,1
test_0465.jpg,test,PRICE,PRICE:얼마,1
test_0466.jpg,test,COMPOSITE,OBJECT:무엇;;RELATION:위에,2
test_0467.jpg,test,COMPOSITE,"SPELLING:이름.{0,3}(뭐|무엇);;OBJECT:무엇",2
test_0468.jpg,test,TIMEDATE,TIMEDATE:언제,1
test_0469.jpg,test,UNKNOWN,,0
test_0470.jpg,test,COMPOSITE,"SPELLING:이름.{0,3}(뭐|무엇);;OBJECT:무엇",2
test_0471.jpg,test,COMPOSITE,"SPELLING:이름.{0,3}(뭐|무엇);;OBJECT:무엇",2
test_0472.jpg,test,TIMEDATE,TIMEDATE:언제,1
test_0473.jpg,test,PRICE,PRICE:가격,1
test_0474.jpg,test,PRICE,PRICE:얼마,1
test_0475.jpg,test,COMPOSITE,NUMBER:번호;;OBJECT:무엇,2
test_0476.jpg,test,COMPOSITE,"SPELLING:이름.{0,3}(뭐|무엇);;OBJECT:무엇",2
test_0477.jpg,test,OBJECT,OBJECT:무엇,1
test_0478.jpg,test,OBJECT,OBJECT:무엇,1
test_0479.jpg,test,OBJECT,OBJECT:있(나요|습니까|어),1
test_0480.jpg,test,OBJECT,OBJECT:무엇,1
test_0481.jpg,test,COMPOSITE,OBJECT:무엇;;RELATION:왼쪽,2
test_0482.jpg,test,COMPOSITE,"SPELLING:이름.{0,3}(뭐|무엇);;OBJECT:무엇",2
test_0483.jpg,test,COMPOSITE,OBJECT:무엇;;RELATION:위에,2
test_0484.jpg,test,PRICE,PRICE:가격,1
test_0485.jpg,test,PRICE,PRICE:얼마,1
test_0486.jpg,test,OBJECT,OBJECT:무엇,1
test_0487.jpg,test,COMPOSITE,"SPELLING:이름.{0,3}(뭐|무엇);;OBJECT:무엇",2
test_0488.jpg,test,OBJECT,OBJECT:무엇,1
test_0489.jpg,test,OBJECT,OBJECT:무엇,1
test_0490.jpg,test,OBJECT,OBJECT:무엇,1
test_0491.jpg,test,PRICE,PRICE:얼마,1
test_0492.jpg,test,OBJECT,OBJECT:무엇,1
test_0493.jpg,test,OBJECT,OBJECT:무엇,1
test_0494.jpg,test,PRICE,PRICE:얼마,1
test_0495.jpg,test,OBJECT,OBJECT:무엇,1
test_0496.jpg,test,TIMEDATE,TIMEDATE:영업\s*시간,1
test_0497.jpg,test,OBJECT,OBJECT:무엇,1
test_0498.jpg,test,TIMEDATE,TIMEDATE:언제,1
test_0499.jpg,test,COMPOSITE,NUMBER:몇\s*개;;OBJECT:있(나요|습니까|어),2
test_0500.jpg,test,COMPOSITE,PRICE:가격;;TIMEDATE:기간,2
test_0501.jpg,test,UNKNOWN,,0
test_0502.jpg,test,OBJECT,OBJECT:무엇,1
test_0503.jpg,test,OBJECT,OBJECT:있(나요|습니까|어),1
test_0504.jpg,test,PRICE,PRICE:가격,1
test_0505.jpg,test,UNKNOWN,,0
test_0506.jpg,test,OBJECT,OBJECT:무엇,1
test_0507.jpg,test,OBJECT,OBJECT:무엇,1
test_0508.jpg,test,PRICE,PRICE:가격,1
test_0509.jpg,test,UNKNOWN,,0
test_0510.jpg,test,UNKNOWN,,0
test_0511.jpg,test,COMPOSITE,"SPELLING:이름.{0,3}(뭐|무엇);;OBJECT:무엇",2
test_0512.jpg,test,COMPOSITE,"SPELLING:이름.{0,3}(뭐|무엇);;OBJECT:무엇",2
test_0513.jpg,test,OBJECT,OBJECT:무엇,1
test_0514.jpg,test,COMPOSITE,"SPELLING:이름.{0,3}(뭐|무엇);;OBJECT:무엇",2
test_0515.jpg,test,OBJECT,OBJECT:있(나요|습니까|어),1
test_0516.jpg,test,OBJECT,OBJECT:무엇,1
test_0517.jpg,test,COMPOSITE,"SPELLING:이름.{0,3}(뭐|무엇);;LOGO:브랜드;;OBJECT:무엇",3
test_0518.jpg,test,OBJECT,OBJECT:무엇,1
test_0519.jpg,test,PRICE,PRICE:가격,1
test_0520.jpg,test,COMPOSITE,NUMBER:번호;;OBJECT:무엇,2
test_0521.jpg,test,COMPOSITE,PRICE:가격;;NUMBER:몇\s*명,2
test_0522.jpg,test,OBJECT,OBJECT:무엇,1
test_0523.jpg,test,OBJECT,OBJECT:무엇,1
test_0524.jpg,test,COMPOSITE,"SPELLING:이름.{0,3}(뭐|무엇);;OBJECT:무엇",2
test_0525.jpg,test,OBJECT,OBJECT:무엇,1
test_0526.jpg,test,COMPOSITE,"SPELLING:이름.{0,3}(뭐|무엇);;OBJECT:무엇",2
test_0527.jpg,test,COMPOSITE,"SPELLING:이름.{0,3}(뭐|무엇);;OBJECT:무엇",2
test_0528.jpg,test,OBJECT,OBJECT:무엇,1
test_0529.jpg,test,COMPOSITE,"SPELLING:이름.{0,3}(뭐|무엇);;OBJECT:무엇",2
test_0530.jpg,test,OBJECT,OBJECT:무엇,1
test_0531.jpg,test,OBJECT,OBJECT:무엇,1
test_0532.jpg,test,OBJECT,OBJECT:있(나요|습니까|어),1
test_0533.jpg,test,COMPOSITE,"SPELLING:이름.{0,3}(뭐|무엇);;OBJECT:무엇",2
test_0534.jpg,test,UNKNOWN,,0
test_0535.jpg,test,OBJECT,OBJECT:무엇,1
test_0536.jpg,test,COMPOSITE,"SPELLING:이름.{0,3}(뭐|무엇);;OBJECT:무엇",2
test_0537.jpg,test,OBJECT,OBJECT:무엇,1
test_0538.jpg,test,PRICE,PRICE:가격,1
test_0539.jpg,test,COMPOSITE,"SPELLING:이름.{0,3}(뭐|무엇);;OBJECT:무엇",2
test_0540.jpg,test,OBJECT,OBJECT:무엇,1
test_0541.jpg,test,OBJECT,OBJECT:무엇,1
test_0542.jpg,test,OBJECT,OBJECT:무엇,1
test_0543.jpg,test,PRICE,PRICE:가격,1
test_0544.jpg,test,OBJECT,OBJECT:무엇,1
test_0545.jpg,test,COMPOSITE,TABLE:항목;;OBJECT:무엇,2
test_0546.jpg,test,PRICE,PRICE:가격,1
test_0547.jpg,test,PRICE,PRICE:얼마,1
test_0548.jpg,test,COMPOSITE,"SPELLING:이름.{0,3}(뭐|무엇);;OBJECT:무엇",2
test_0549.jpg,test,COMPOSITE,"SPELLING:이름.{0,3}(뭐|무엇);;OBJECT:무엇",2
test_0550.jpg,test,COMPOSITE,"SPELLING:이름.{0,3}(뭐|무엇);;OBJECT:무엇",2
test_0551.jpg,test,COMPOSITE,"SPELLING:이름.{0,3}(뭐|무엇);;OBJECT:무엇",2
test_0552.jpg,test,OBJECT,OBJECT:무엇,1
test_0553.jpg,test,PRICE,PRICE:가격,1
test_0554.jpg,test,COMPOSITE,SPELLING:글자;;OBJECT:무엇,2
test_0555.jpg,test,OBJECT,OBJECT:무엇,1
test_0556.jpg,test,OBJECT,OBJECT:무엇,1
test_0557.jpg,test,OBJECT,OBJECT:무엇,1
test_0558.jpg,test,OBJECT,OBJECT:무엇,1
test_0559.jpg,test,COMPOSITE,OBJECT:무엇;;RELATION:아래,2
test_0560.jpg,test,OBJECT,OBJECT:무엇,1
test_0561.jpg,test,COMPOSITE,"SPELLING:이름.{0,3}(뭐|무엇);;OBJECT:무엇",2
test_0562.jpg,test,COMPOSITE,OBJECT:무엇;;RELATION:왼쪽,2
test_0563.jpg,test,COMPOSITE,"SPELLING:이름.{0,3}(뭐|무엇);;OBJECT:무엇",2
test_0564.jpg,test,UNKNOWN,,0
test_0565.jpg,test,COMPOSITE,PRICE:얼마;;OBJECT:있(나요|습니까|어),2
test_0566.jpg,test,UNKNOWN,,0
test_0567.jpg,test,COMPOSITE,"SPELLING:이름.{0,3}(뭐|무엇);;OBJECT:무엇",2
test_0568.jpg,test,COMPOSITE,"SPELLING:이름.{0,3}(뭐|무엇);;OBJECT:무엇",2
test_0569.jpg,test,COMPOSITE,LOGO:브랜드;;OBJECT:무엇,2
test_0570.jpg,test,OBJECT,OBJECT:무엇,1
test_0571.jpg,test,COMPOSITE,PRICE:얼마;;OBJECT:있(나요|습니까|어),2
test_0572.jpg,test,OBJECT,OBJECT:무엇,1
test_0573.jpg,test,UNKNOWN,,0
test_0574.jpg,test,OBJECT,OBJECT:무엇,1
test_0575.jpg,test,TIMEDATE,TIMEDATE:언제,1
test_0576.jpg,test,PRICE,PRICE:얼마,1
test_0577.jpg,test,OBJECT,OBJECT:무엇,1
test_0578.jpg,test,OBJECT,OBJECT:있(나요|습니까|어),1
test_0579.jpg,test,PRICE,PRICE:가격,1
test_0580.jpg,test,PRICE,PRICE:가격,1
test_0581.jpg,test,OBJECT,OBJECT:무엇,1
test_0582.jpg,test,OBJECT,OBJECT:무엇,1
test_0583.jpg,test,UNKNOWN,,0
test_0584.jpg,test,OBJECT,OBJECT:무엇,1
test_0585.jpg,test,COMPOSITE,LOGO:브랜드;;OBJECT:무엇,2
test_0586.jpg,test,OBJECT,OBJECT:있(나요|습니까|어),1
test_0587.jpg,test,OBJECT,OBJECT:무엇,1
test_0588.jpg,test,UNKNOWN,,0
test_0589.jpg,test,OBJECT,OBJECT:무엇,1
test_0590.jpg,test,OBJECT,OBJECT:있(나요|습니까|어),1
test_0591.jpg,test,OBJECT,OBJECT:무엇,1
test_0592.jpg,test,PRICE,PRICE:가격,1
test_0593.jpg,test,OBJECT,OBJECT:무엇,1
test_0594.jpg,test,COMPOSITE,"SPELLING:이름.{0,3}(뭐|무엇);;OBJECT:무엇",2
test_0595.jpg,test,OBJECT,OBJECT:무엇,1
test_0596.jpg,test,PRICE,PRICE:가격,1
test_0597.jpg,test,OBJECT,OBJECT:있(나요|습니까|어),1
test_0598.jpg,test,COMPOSITE,NUMBER:번호;;OBJECT:무엇,2
test_0599.jpg,test,OBJECT,OBJECT:무엇,1
test_0600.jpg,test,PRICE,PRICE:가격,1
test_0601.jpg,test,OBJECT,OBJECT:무엇,1
test_0602.jpg,test,COMPOSITE,"TIMEDATE:요일;;SPELLING:이름.{0,3}(뭐|무엇);;OBJECT:무엇",3
test_0603.jpg,test,UNKNOWN,,0
test_0604.jpg,test,COMPOSITE,"SPELLING:이름.{0,3}(뭐|무엇);;OBJECT:무엇",2
test_0605.jpg,test,OBJECT,OBJECT:무엇,1
test_0606.jpg,test,UNKNOWN,,0
test_0607.jpg,test,OBJECT,OBJECT:있(나요|습니까|어),1
test_0608.jpg,test,PRICE,PRICE:가격,1
test_0609.jpg,test,PRICE,PRICE:얼마,1
test_0610.jpg,test,COMPOSITE,NUMBER:번호;;OBJECT:무엇,2
test_0611.jpg,test,OBJECT,OBJECT:무엇,1
test_0612.jpg,test,OBJECT,OBJECT:있(나요|습니까|어),1
test_0613.jpg,test,OBJECT,OBJECT:있(나요|습니까|어),1
test_0614.jpg,test,COMPOSITE,OBJECT:무엇;;RELATION:왼쪽,2
test_0615.jpg,test,COMPOSITE,PRICE:얼마;;OBJECT:있(나요|습니까|어),2
test_0616.jpg,test,OBJECT,OBJECT:무엇,1
test_0617.jpg,test,OBJECT,OBJECT:무엇,1
test_0618.jpg,test,OBJECT,OBJECT:무엇,1
test_0619.jpg,test,OBJECT,OBJECT:무엇,1
test_0620.jpg,test,OBJECT,OBJECT:무엇,1
test_0621.jpg,test,OBJECT,OBJECT:무엇,1
test_0622.jpg,test,OBJECT,OBJECT:무엇,1
test_0623.jpg,test,OBJECT,OBJECT:무엇,1
test_0624.jpg,test,COMPOSITE,"SPELLING:이름.{0,3}(뭐|무엇);;OBJECT:무엇",2
test_0625.jpg,test,COMPOSITE,"SPELLING:이름.{0,3}(뭐|무엇);;OBJECT:무엇",2
test_0626.jpg,test,COMPOSITE,"SPELLING:이름.{0,3}(뭐|무엇);;OBJECT:무엇",2
test_0627.jpg,test,COMPOSITE,"SPELLING:이름.{0,3}(뭐|무엇);;OBJECT:무엇",2
test_0628.jpg,test,OBJECT,OBJECT:무엇,1
test_0629.jpg,test,OBJECT,OBJECT:무엇,1
test_0630.jpg,test,COMPOSITE,PRICE:가격;;OBJECT:무엇,2
test_0631.jpg,test,COMPOSITE,"SPELLING:이름.{0,3}(뭐|무엇);;OBJECT:무엇",2
test_0632.jpg,test,COMPOSITE,"SPELLING:이름.{0,3}(뭐|무엇);;OBJECT:무엇",2
test_0633.jpg,test,PRICE,PRICE:가격,1
test_0634.jpg,test,OBJECT,OBJECT:무엇,1
test_0635.jpg,test,COMPOSITE,"SPELLING:이름.{0,3}(뭐|무엇);;OBJECT:무엇",2
test_0636.jpg,test,PRICE,PRICE:얼마,1
test_0637.jpg,test,COMPOSITE,"SPELLING:이름.{0,3}(뭐|무엇);;OBJECT:무엇",2
test_0638.jpg,test,UNKNOWN,,0
test_0639.jpg,test,COMPOSITE,"SPELLING:이름.{0,3}(뭐|무엇);;OBJECT:무엇",2
test_0640.jpg,test,OBJECT,OBJECT:무엇,1
test_0641.jpg,test,PRICE,PRICE:얼마,1
test_0642.jpg,test,OBJECT,OBJECT:무엇,1
test_0643.jpg,test,COMPOSITE,NUMBER:번호;;OBJECT:무엇,2
test_0644.jpg,test,PRICE,PRICE:얼마,1
test_0645.jpg,test,OBJECT,OBJECT:있(나요|습니까|어),1
test_0646.jpg,test,COMPOSITE,"SPELLING:이름.{0,3}(뭐|무엇);;OBJECT:무엇",2
test_0647.jpg,test,UNKNOWN,,0
test_0648.jpg,test,OBJECT,OBJECT:무엇,1
test_0649.jpg,test,COMPOSITE,OBJECT:무엇;;RELATION:옆에,2
test_0650.jpg,test,PRICE,PRICE:가격,1
test_0651.jpg,test,COMPOSITE,"SPELLING:이름.{0,3}(뭐|무엇);;OBJECT:무엇",2
test_0652.jpg,test,OBJECT,OBJECT:무엇,1
test_0653.jpg,test,PRICE,PRICE:얼마,1
test_0654.jpg,test,COMPOSITE,"SPELLING:이름.{0,3}(뭐|무엇);;OBJECT:무엇",2
test_0655.jpg,test,NUMBER,NUMBER:몇\s*개,1
test_0656.jpg,test,OBJECT,OBJECT:무엇,1
test_0657.jpg,test,TIMEDATE,TIMEDATE:언제,1
test_0658.jpg,test,PRICE,PRICE:얼마,1
test_0659.jpg,test,OBJECT,OBJECT:무엇,1
test_0660.jpg,test,TIMEDATE,TIMEDATE:기간,1
test_0661.jpg,test,OBJECT,OBJECT:무엇,1
test_0662.jpg,test,COMPOSITE,NUMBER:번호;;OBJECT:무엇,2
test_0663.jpg,test,OBJECT,OBJECT:무엇,1
test_0664.jpg,test,OBJECT,OBJECT:무엇,1
test_0665.jpg,test,OBJECT,OBJECT:무엇,1
test_0666.jpg,test,OBJECT,OBJECT:무엇,1
test_0667.jpg,test,COMPOSITE,OBJECT:무엇;;RELATION:위에,2
test_0668.jpg,test,OBJECT,OBJECT:무엇,1
test_0669.jpg,test,OBJECT,OBJECT:무엇,1
test_0670.jpg,test,COMPOSITE,"SPELLING:이름.{0,3}(뭐|무엇);;OBJECT:무엇",2
test_0671.jpg,test,COMPOSITE,"SPELLING:이름.{0,3}(뭐|무엇);;OBJECT:무엇",2
test_0672.jpg,test,COMPOSITE,NUMBER:번호;;OBJECT:무엇,2
test_0673.jpg,test,COMPOSITE,"SPELLING:이름.{0,3}(뭐|무엇);;OBJECT:무엇",2
test_0674.jpg,test,COMPOSITE,"SPELLING:이름.{0,3}(뭐|무엇);;NUMBER:번호;;OBJECT:무엇",3
test_0675.jpg,test,COMPOSITE,"SPELLING:이름.{0,3}(뭐|무엇);;OBJECT:무엇",2
test_0676.jpg,test,OBJECT,OBJECT:무엇,1
test_0677.jpg,test,UNKNOWN,,0
test_0678.jpg,test,OBJECT,OBJECT:무엇,1
test_0679.jpg,test,PRICE,PRICE:얼마,1
test_0680.jpg,test,UNKNOWN,,0
test_0681.jpg,test,OBJECT,OBJECT:무엇,1
test_0682.jpg,test,OBJECT,OBJECT:무엇,1
test_0683.jpg,test,PRICE,PRICE:가격,1
test_0684.jpg,test,OBJECT,OBJECT:무엇,1
test_0685.jpg,test,COMPOSITE,"SPELLING:이름.{0,3}(뭐|무엇);;OBJECT:무엇",2
test_0686.jpg,test,OBJECT,OBJECT:무엇,1
test_0687.jpg,test,OBJECT,OBJECT:무엇,1
test_0688.jpg,test,COMPOSITE,OBJECT:무엇;;RELATION:옆에,2
test_0689.jpg,test,OBJECT,OBJECT:무엇,1
test_0690.jpg,test,UNKNOWN,,0
test_0691.jpg,test,PRICE,PRICE:가격,1
test_0692.jpg,test,OBJECT,OBJECT:무엇,1
test_0693.jpg,test,COMPOSITE,"SPELLING:이름.{0,3}(뭐|무엇);;OBJECT:무엇",2
test_0694.jpg,test,OBJECT,OBJECT:무엇,1
test_0695.jpg,test,PRICE,PRICE:얼마,1
test_0696.jpg,test,COMPOSITE,"SPELLING:이름.{0,3}(뭐|무엇);;OBJECT:무엇",2
test_0697.jpg,test,COMPOSITE,"SPELLING:이름.{0,3}(뭐|무엇);;OBJECT:무엇",2
test_0698.jpg,test,OBJECT,OBJECT:무엇,1
test_0699.jpg,test,OBJECT,OBJECT:무엇,1
test_0700.jpg,test,PRICE,PRICE:가격,1
test_0701.jpg,test,COMPOSITE,"SPELLING:이름.{0,3}(뭐|무엇);;OBJECT:무엇",2
test_0702.jpg,test,UNKNOWN,,0
test_0703.jpg,test,PRICE,PRICE:가격,1
test_0704.jpg,test,COMPOSITE,PRICE:가격;;OBJECT:무엇,2
test_0705.jpg,test,OBJECT,OBJECT:무엇,1
test_0706.jpg,test,COMPOSITE,NUMBER:번호;;OBJECT:무엇,2
test_0707.jpg,test,OBJECT,OBJECT:무엇,1
test_0708.jpg,test,OBJECT,OBJECT:무엇,1
test_0709.jpg,test,COMPOSITE,"SPELLING:이름.{0,3}(뭐|무엇);;OBJECT:무엇",2
test_0710.jpg,test,COMPOSITE,SPELLING:글자;;OBJECT:무엇,2
test_0711.jpg,test,OBJECT,OBJECT:무엇,1
test_0712.jpg,test,OBJECT,OBJECT:무엇,1
test_0713.jpg,test,OBJECT,OBJECT:무엇,1
test_0714.jpg,test,OBJECT,OBJECT:무엇,1
test_0715.jpg,test,COMPOSITE,"SPELLING:이름.{0,3}(뭐|무엇);;OBJECT:무엇",2
test_0716.jpg,test,OBJECT,OBJECT:무엇,1
test_0717.jpg,test,OBJECT,OBJECT:무엇,1
test_0718.jpg,test,COMPOSITE,TIMEDATE:영업\s*시간;;OBJECT:있(나요|습니까|어),2
test_0719.jpg,test,OBJECT,OBJECT:무엇,1
test_0720.jpg,test,UNKNOWN,,0
test_0721.jpg,test,COMPOSITE,"SPELLING:이름.{0,3}(뭐|무엇);;OBJECT:무엇",2
test_0722.jpg,test,OBJECT,OBJECT:무엇,1
test_0723.jpg,test,OBJECT,OBJECT:무엇,1
test_0724.jpg,test,OBJECT,OBJECT:무엇,1
test_0725.jpg,test,TIMEDATE,TIMEDATE:언제,1
test_0726.jpg,test,OBJECT,OBJECT:무엇,1
test_0727.jpg,test,OBJECT,OBJECT:무엇,1
test_0728.jpg,test,UNKNOWN,,0
test_0729.jpg,test,PRICE,PRICE:얼마,1
test_0730.jpg,test,COMPOSITE,"SPELLING:이름.{0,3}(뭐|무엇);;OBJECT:무엇",2
test_0731.jpg,test,COMPOSITE,OBJECT:무엇;;RELATION:위에,2
test_0732.jpg,test,UNKNOWN,,0
test_0733.jpg,test,COMPOSITE,"SPELLING:이름.{0,3}(뭐|무엇);;OBJECT:무엇",2
test_0734.jpg,test,COMPOSITE,OBJECT:무엇;;RELATION:위에,2
test_0735.jpg,test,COMPOSITE,PRICE:가격;;OBJECT:무엇,2
test_0736.jpg,test,OBJECT,OBJECT:무엇,1
test_0737.jpg,test,OBJECT,OBJECT:무엇,1
test_0738.jpg,test,COMPOSITE,"SPELLING:이름.{0,3}(뭐|무엇);;OBJECT:무엇",2
test_0739.jpg,test,OBJECT,OBJECT:무엇,1
test_0740.jpg,test,UNKNOWN,,0
test_0741.jpg,test,COMPOSITE,"SPELLING:이름.{0,3}(뭐|무엇);;LOGO:브랜드;;OBJECT:무엇",3
test_0742.jpg,test,UNKNOWN,,0
test_0743.jpg,test,COMPOSITE,LOGO:브랜드;;OBJECT:무엇,2
test_0744.jpg,test,OBJECT,OBJECT:무엇,1
test_0745.jpg,test,COMPOSITE,"SPELLING:이름.{0,3}(뭐|무엇);;OBJECT:무엇",2
test_0746.jpg,test,OBJECT,OBJECT:무엇,1
test_0747.jpg,test,PRICE,PRICE:가격,1
test_0748.jpg,test,OBJECT,OBJECT:무엇,1
test_0749.jpg,test,COMPOSITE,"SPELLING:이름.{0,3}(뭐|무엇);;OBJECT:무엇",2
test_0750.jpg,test,COMPOSITE,"SPELLING:이름.{0,3}(뭐|무엇);;OBJECT:무엇",2
test_0751.jpg,test,COMPOSITE,"SPELLING:이름.{0,3}(뭐|무엇);;LOGO:브랜드;;OBJECT:무엇",3
test_0752.jpg,test,OBJECT,OBJECT:무엇,1
test_0753.jpg,test,OBJECT,OBJECT:무엇,1
test_0754.jpg,test,OBJECT,OBJECT:무엇,1
test_0755.jpg,test,UNKNOWN,,0
test_0756.jpg,test,COMPOSITE,OBJECT:무엇;;RELATION:옆에,2
test_0757.jpg,test,NUMBER,NUMBER:몇\s*명,1
test_0758.jpg,test,OBJECT,OBJECT:무엇,1
test_0759.jpg,test,OBJECT,OBJECT:무엇,1
test_0760.jpg,test,COMPOSITE,"SPELLING:이름.{0,3}(뭐|무엇);;OBJECT:무엇",2
test_0761.jpg,test,PRICE,PRICE:가격,1
test_0762.jpg,test,OBJECT,OBJECT:무엇,1
test_0763.jpg,test,COMPOSITE,"SPELLING:이름.{0,3}(뭐|무엇);;OBJECT:무엇",2
test_0764.jpg,test,COMPOSITE,NUMBER:번호;;OBJECT:무엇,2
test_0765.jpg,test,UNKNOWN,,0
test_0766.jpg,test,OBJECT,OBJECT:무엇,1
test_0767.jpg,test,OBJECT,OBJECT:무엇,1
test_0768.jpg,test,OBJECT,OBJECT:무엇,1
test_0769.jpg,test,OBJECT,OBJECT:무엇,1
test_0770.jpg,test,PRICE,PRICE:얼마,1
test_0771.jpg,test,COMPOSITE,LOGO:브랜드;;OBJECT:무엇,2
test_0772.jpg,test,OBJECT,OBJECT:무엇,1
test_0773.jpg,test,OBJECT,OBJECT:무엇,1
test_0774.jpg,test,OBJECT,OBJECT:무엇,1
test_0775.jpg,test,OBJECT,OBJECT:무엇,1
test_0776.jpg,test,OBJECT,OBJECT:있(나요|습니까|어),1
test_0777.jpg,test,UNKNOWN,,0
test_0778.jpg,test,UNKNOWN,,0
test_0779.jpg,test,COMPOSITE,"SPELLING:이름.{0,3}(뭐|무엇);;OBJECT:무엇",2
test_0780.jpg,test,OBJECT,OBJECT:무엇,1
test_0781.jpg,test,OBJECT,OBJECT:무엇,1
test_0782.jpg,test,COMPOSITE,OBJECT:있(나요|습니까|어);;RELATION:위에,2
test_0783.jpg,test,PRICE,PRICE:가격,1
test_0784.jpg,test,OBJECT,OBJECT:무엇,1
test_0785.jpg,test,OBJECT,OBJECT:무엇,1
test_0786.jpg,test,PRICE,PRICE:얼마,1
test_0787.jpg,test,OBJECT,OBJECT:무엇,1
test_0788.jpg,test,OBJECT,OBJECT:무엇,1
test_0789.jpg,test,OBJECT,OBJECT:무엇,1
test_0790.jpg,test,COMPOSITE,SPELLING:글자;;OBJECT:무엇,2
test_0791.jpg,test,COMPOSITE,"SPELLING:이름.{0,3}(뭐|무엇);;OBJECT:무엇",2
test_0792.jpg,test,OBJECT,OBJECT:무엇,1
test_0793.jpg,test,COMPOSITE,"SPELLING:이름.{0,3}(뭐|무엇);;OBJECT:무엇",2
test_0794.jpg,test,PRICE,PRICE:얼마,1
test_0795.jpg,test,OBJECT,OBJECT:무엇,1
test_0796.jpg,test,COMPOSITE,TABLE:항목;;OBJECT:무엇;;RELATION:왼쪽,3
test_0797.jpg,test,COMPOSITE,"SPELLING:이름.{0,3}(뭐|무엇);;OBJECT:무엇",2
test_0798.jpg,test,PRICE,PRICE:얼마,1
test_0799.jpg,test,COMPOSITE,PRICE:가격;;OBJECT:무엇,2
test_0800.jpg,test,PRICE,PRICE:가격,1
test_0801.jpg,test,COMPOSITE,"SPELLING:이름.{0,3}(뭐|무엇);;OBJECT:무엇",2
test_0802.jpg,test,COMPOSITE,"SPELLING:이름.{0,3}(뭐|무엇);;OBJECT:무엇",2
test_0803.jpg,test,COMPOSITE,"SPELLING:이름.{0,3}(뭐|무엇);;LOGO:브랜드;;OBJECT:무엇",3
test_0804.jpg,test,OBJECT,OBJECT:무엇,1
test_0805.jpg,test,COMPOSITE,"SPELLING:이름.{0,3}(뭐|무엇);;OBJECT:무엇",2
test_0806.jpg,test,PRICE,PRICE:가격,1
test_0807.jpg,test,OBJECT,OBJECT:있(나요|습니까|어),1
test_0808.jpg,test,OBJECT,OBJECT:무엇,1
test_0809.jpg,test,OBJECT,OBJECT:무엇,1
test_0810.jpg,test,PRICE,PRICE:가격,1
test_0811.jpg,test,PRICE,PRICE:가격,1
test_0812.jpg,test,COMPOSITE,"SPELLING:이름.{0,3}(뭐|무엇);;OBJECT:무엇",2
test_0813.jpg,test,OBJECT,OBJECT:무엇,1
test_0814.jpg,test,OBJECT,OBJECT:있(나요|습니까|어),1
test_0815.jpg,test,PRICE,PRICE:가격,1
test_0816.jpg,test,OBJECT,OBJECT:무엇,1
test_0817.jpg,test,TIMEDATE,TIMEDATE:몇\s*시,1
test_0818.jpg,test,OBJECT,OBJECT:무엇,1
test_0819.jpg,test,OBJECT,OBJECT:무엇,1
test_0820.jpg,test,COMPOSITE,"SPELLING:이름.{0,3}(뭐|무엇);;OBJECT:무엇",2
test_0821.jpg,test,COMPOSITE,"SPELLING:이름.{0,3}(뭐|무엇);;OBJECT:무엇",2
test_0822.jpg,test,PRICE,PRICE:얼마,1
test_0823.jpg,test,COMPOSITE,"SPELLING:이름.{0,3}(뭐|무엇);;OBJECT:무엇",2
test_0824.jpg,test,PRICE,PRICE:얼마,1
test_0825.jpg,test,COMPOSITE,"SPELLING:이름.{0,3}(뭐|무엇);;OBJECT:무엇",2
test_0826.jpg,test,OBJECT,OBJECT:무엇,1
test_0827.jpg,test,OBJECT,OBJECT:무엇,1
test_0828.jpg,test,PRICE,PRICE:얼마,1
test_0829.jpg,test,COMPOSITE,"SPELLING:이름.{0,3}(뭐|무엇);;OBJECT:무엇",2
test_0830.jpg,test,COMPOSITE,OBJECT:무엇;;RELATION:왼쪽,2
test_0831.jpg,test,COMPOSITE,"SPELLING:이름.{0,3}(뭐|무엇);;LOGO:브랜드;;OBJECT:무엇",3
test_0832.jpg,test,COMPOSITE,OBJECT:무엇;;RELATION:옆에,2
test_0833.jpg,test,COMPOSITE,"SPELLING:이름.{0,3}(뭐|무엇);;OBJECT:무엇",2
test_0834.jpg,test,PRICE,PRICE:가격,1
test_0835.jpg,test,UNKNOWN,,0
test_0836.jpg,test,COMPOSITE,"SPELLING:이름.{0,3}(뭐|무엇);;OBJECT:무엇",2
test_0837.jpg,test,TIMEDATE,TIMEDATE:언제,1
test_0838.jpg,test,COMPOSITE,"SPELLING:이름.{0,3}(뭐|무엇);;OBJECT:무엇;;RELATION:왼쪽",3
test_0839.jpg,test,OBJECT,OBJECT:무엇,1
test_0840.jpg,test,OBJECT,OBJECT:무엇,1
test_0841.jpg,test,COMPOSITE,NUMBER:번호;;OBJECT:무엇,2
test_0842.jpg,test,OBJECT,OBJECT:무엇,1
test_0843.jpg,test,COMPOSITE,"SPELLING:이름.{0,3}(뭐|무엇);;OBJECT:무엇",2
test_0844.jpg,test,NUMBER,NUMBER:몇\s*개,1
test_0845.jpg,test,COMPOSITE,"SPELLING:이름.{0,3}(뭐|무엇);;OBJECT:무엇",2
test_0846.jpg,test,OBJECT,OBJECT:무엇,1
test_0847.jpg,test,PRICE,PRICE:가격,1
test_0848.jpg,test,COMPOSITE,NUMBER:번호;;OBJECT:무엇,2
test_0849.jpg,test,TIMEDATE,TIMEDATE:언제,1
test_0850.jpg,test,OBJECT,OBJECT:무엇,1
test_0851.jpg,test,NUMBER,NUMBER:몇\s*개,1
test_0852.jpg,test,PRICE,PRICE:얼마,1
test_0853.jpg,test,OBJECT,OBJECT:무엇,1
test_0854.jpg,test,COMPOSITE,NUMBER:번호;;OBJECT:무엇,2
test_0855.jpg,test,OBJECT,OBJECT:무엇,1
test_0856.jpg,test,PRICE,PRICE:얼마,1
test_0857.jpg,test,OBJECT,OBJECT:무엇,1
test_0858.jpg,test,OBJECT,OBJECT:무엇,1
test_0859.jpg,test,PRICE,PRICE:얼마,1
test_0860.jpg,test,OBJECT,OBJECT:무엇,1
test_0861.jpg,test,OBJECT,OBJECT:무엇,1
test_0862.jpg,test,OBJECT,OBJECT:무엇,1
test_0863.jpg,test,OBJECT,OBJECT:있(나요|습니까|어),1
test_0864.jpg,test,COMPOSITE,OBJECT:무엇;;RELATION:위에,2
test_0865.jpg,test,OBJECT,OBJECT:무엇,1
test_0866.jpg,test,OBJECT,OBJECT:무엇,1
test_0867.jpg,test,COMPOSITE,OBJECT:무엇;;RELATION:아래,2
test_0868.jpg,test,OBJECT,OBJECT:무엇,1
test_0869.jpg,test,COMPOSITE,PRICE:가격;;OBJECT:무엇,2
test_0870.jpg,test,COMPOSITE,"SPELLING:이름.{0,3}(뭐|무엇);;OBJECT:무엇",2
test_0871.jpg,test,OBJECT,OBJECT:무엇,1
test_0872.jpg,test,COMPOSITE,"SPELLING:이름.{0,3}(뭐|무엇);;OBJECT:무엇",2
test_0873.jpg,test,COMPOSITE,NUMBER:번호;;OBJECT:무엇,2
test_0874.jpg,test,COMPOSITE,"SPELLING:이름.{0,3}(뭐|무엇);;OBJECT:무엇",2
test_0875.jpg,test,OBJECT,OBJECT:무엇,1
test_0876.jpg,test,COMPOSITE,OBJECT:무엇;;RELATION:위에,2
test_0877.jpg,test,OBJECT,OBJECT:무엇,1
test_0878.jpg,test,OBJECT,OBJECT:무엇,1
test_0879.jpg,test,OBJECT,OBJECT:무엇,1
test_0880.jpg,test,OBJECT,OBJECT:있(나요|습니까|어),1
test_0881.jpg,test,OBJECT,OBJECT:무엇,1
test_0882.jpg,test,COMPOSITE,"SPELLING:이름.{0,3}(뭐|무엇);;OBJECT:무엇",2
test_0883.jpg,test,UNKNOWN,,0
test_0884.jpg,test,UNKNOWN,,0
test_0885.jpg,test,OBJECT,OBJECT:무엇,1
test_0886.jpg,test,OBJECT,OBJECT:무엇,1
test_0887.jpg,test,PRICE,PRICE:가격,1
test_0888.jpg,test,OBJECT,OBJECT:무엇,1
test_0889.jpg,test,COMPOSITE,"SPELLING:이름.{0,3}(뭐|무엇);;OBJECT:무엇",2
test_0890.jpg,test,UNKNOWN,,0
test_0891.jpg,test,PRICE,PRICE:얼마,1
test_0892.jpg,test,PRICE,PRICE:가격,1
test_0893.jpg,test,UNKNOWN,,0
test_0894.jpg,test,OBJECT,OBJECT:무엇,1
test_0895.jpg,test,COMPOSITE,SPELLING:글자;;OBJECT:무엇,2
test_0896.jpg,test,COMPOSITE,"SPELLING:이름.{0,3}(뭐|무엇);;LOGO:브랜드;;OBJECT:무엇",3
test_0897.jpg,test,COMPOSITE,SPELLING:글자;;OBJECT:무엇,2
test_0898.jpg,test,COMPOSITE,SPELLING:글자;;OBJECT:무엇,2
test_0899.jpg,test,UNKNOWN,,0
test_0900.jpg,test,COMPOSITE,PRICE:가격;;OBJECT:무엇,2
test_0901.jpg,test,COMPOSITE,NUMBER:번호;;OBJECT:무엇,2
test_0902.jpg,test,PRICE,PRICE:가격,1
test_0903.jpg,test,COMPOSITE,"SPELLING:이름.{0,3}(뭐|무엇);;OBJECT:무엇",2
test_0904.jpg,test,TIMEDATE,TIMEDATE:언제,1
test_0905.jpg,test,COMPOSITE,OBJECT:있(나요|습니까|어);;RELATION:아래,2
test_0906.jpg,test,OBJECT,OBJECT:무엇,1
test_0907.jpg,test,COMPOSITE,"SPELLING:이름.{0,3}(뭐|무엇);;OBJECT:무엇",2
test_0908.jpg,test,COMPOSITE,SPELLING:글자;;OBJECT:무엇,2
test_0909.jpg,test,OBJECT,OBJECT:무엇,1
test_0910.jpg,test,PRICE,PRICE:가격,1
test_0911.jpg,test,OBJECT,OBJECT:무엇,1
test_0912.jpg,test,OBJECT,OBJECT:무엇,1
test_0913.jpg,test,COMPOSITE,NUMBER:번호;;OBJECT:무엇,2
test_0914.jpg,test,OBJECT,OBJECT:있(나요|습니까|어),1
test_0915.jpg,test,OBJECT,OBJECT:무엇,1
test_0916.jpg,test,COMPOSITE,OBJECT:무엇;;RELATION:왼쪽,2
test_0917.jpg,test,PRICE,PRICE:가격,1
test_0918.jpg,test,COMPOSITE,NUMBER:번호;;OBJECT:무엇,2
test_0919.jpg,test,UNKNOWN,,0
test_0920.jpg,test,OBJECT,OBJECT:무엇,1
test_0921.jpg,test,OBJECT,OBJECT:무엇,1
test_0922.jpg,test,PRICE,PRICE:얼마,1
test_0923.jpg,test,COMPOSITE,"SPELLING:이름.{0,3}(뭐|무엇);;OBJECT:무엇",2
test_0924.jpg,test,OBJECT,OBJECT:무엇,1
test_0925.jpg,test,COMPOSITE,"SPELLING:이름.{0,3}(뭐|무엇);;OBJECT:무엇",2
test_0926.jpg,test,OBJECT,OBJECT:무엇,1
test_0927.jpg,test,PRICE,PRICE:얼마,1
test_0928.jpg,test,COMPOSITE,"SPELLING:이름.{0,3}(뭐|무엇);;OBJECT:무엇",2
test_0929.jpg,test,COMPOSITE,LOGO:브랜드;;OBJECT:무엇,2
test_0930.jpg,test,OBJECT,OBJECT:무엇,1
test_0931.jpg,test,OBJECT,OBJECT:무엇,1
test_0932.jpg,test,OBJECT,OBJECT:무엇,1
test_0933.jpg,test,OBJECT,OBJECT:무엇,1
test_0934.jpg,test,UNKNOWN,,0
test_0935.jpg,test,PRICE,PRICE:얼마,1
test_0936.jpg,test,OBJECT,OBJECT:무엇,1
test_0937.jpg,test,OBJECT,OBJECT:무엇,1
test_0938.jpg,test,COMPOSITE,"SPELLING:이름.{0,3}(뭐|무엇);;OBJECT:무엇",2
test_0939.jpg,test,OBJECT,OBJECT:있(나요|습니까|어),1
test_0940.jpg,test,COMPOSITE,NUMBER:번호;;OBJECT:무엇,2
test_0941.jpg,test,OBJECT,OBJECT:무엇,1
test_0942.jpg,test,COMPOSITE,"SPELLING:이름.{0,3}(뭐|무엇);;OBJECT:무엇",2
test_0943.jpg,test,OBJECT,OBJECT:무엇,1
test_0944.jpg,test,COMPOSITE,"SPELLING:이름.{0,3}(뭐|무엇);;OBJECT:무엇",2
test_0945.jpg,test,COMPOSITE,OBJECT:무엇;;RELATION:위에,2
test_0946.jpg,test,UNKNOWN,,0
test_0947.jpg,test,COMPOSITE,NUMBER:번호;;OBJECT:무엇,2
test_0948.jpg,test,COMPOSITE,NUMBER:번호;;OBJECT:무엇,2
test_0949.jpg,test,COMPOSITE,"SPELLING:이름.{0,3}(뭐|무엇);;LOGO:브랜드;;OBJECT:무엇",3
test_0950.jpg,test,OBJECT,OBJECT:무엇,1
test_0951.jpg,test,COMPOSITE,"SPELLING:이름.{0,3}(뭐|무엇);;OBJECT:무엇",2
test_0952.jpg,test,COMPOSITE,NUMBER:번호;;OBJECT:무엇,2
test_0953.jpg,test,UNKNOWN,,0
test_0954.jpg,test,COMPOSITE,"SPELLING:이름.{0,3}(뭐|무엇);;OBJECT:무엇",2
test_0955.jpg,test,OBJECT,OBJECT:무엇,1
test_0956.jpg,test,OBJECT,OBJECT:무엇,1
test_0957.jpg,test,TIMEDATE,TIMEDATE:언제,1
test_0958.jpg,test,COMPOSITE,"SPELLING:이름.{0,3}(뭐|무엇);;OBJECT:무엇",2
test_0959.jpg,test,OBJECT,OBJECT:무엇,1
test_0960.jpg,test,COMPOSITE,SPELLING:글자;;OBJECT:무엇,2
test_0961.jpg,test,OBJECT,OBJECT:무엇,1
test_0962.jpg,test,COMPOSITE,"SPELLING:이름.{0,3}(뭐|무엇);;LOGO:브랜드;;OBJECT:무엇",3
test_0963.jpg,test,UNKNOWN,,0
test_0964.jpg,test,COMPOSITE,"SPELLING:이름.{0,3}(뭐|무엇);;OBJECT:무엇",2
test_0965.jpg,test,COMPOSITE,"SPELLING:이름.{0,3}(뭐|무엇);;LOGO:브랜드;;OBJECT:무엇",3
test_0966.jpg,test,OBJECT,OBJECT:무엇,1
test_0967.jpg,test,COMPOSITE,"SPELLING:이름.{0,3}(뭐|무엇);;OBJECT:무엇",2
test_0968.jpg,test,PRICE,PRICE:얼마,1
test_0969.jpg,test,OBJECT,OBJECT:무엇,1
test_0970.jpg,test,PRICE,PRICE:얼마,1
test_0971.jpg,test,COMPOSITE,"SPELLING:이름.{0,3}(뭐|무엇);;OBJECT:무엇",2
test_0972.jpg,test,OBJECT,OBJECT:무엇,1
test_0973.jpg,test,OBJECT,OBJECT:무엇,1
test_0974.jpg,test,TIMEDATE,TIMEDATE:언제,1
test_0975.jpg,test,UNKNOWN,,0
test_0976.jpg,test,COMPOSITE,"SPELLING:이름.{0,3}(뭐|무엇);;OBJECT:무엇",2
test_0977.jpg,test,OBJECT,OBJECT:무엇,1
test_0978.jpg,test,UNKNOWN,,0
test_0979.jpg,test,COMPOSITE,OBJECT:무엇;;RELATION:왼쪽,2
test_0980.jpg,test,PRICE,PRICE:얼마,1
test_0981.jpg,test,OBJECT,OBJECT:무엇,1
test_0982.jpg,test,UNKNOWN,,0
test_0983.jpg,test,OBJECT,OBJECT:무엇,1
test_0984.jpg,test,COMPOSITE,OBJECT:무엇;;RELATION:위에,2
test_0985.jpg,test,COMPOSITE,"SPELLING:이름.{0,3}(뭐|무엇);;OBJECT:무엇",2
test_0986.jpg,test,OBJECT,OBJECT:무엇,1
test_0987.jpg,test,COMPOSITE,"SPELLING:이름.{0,3}(뭐|무엇);;OBJECT:무엇",2
test_0988.jpg,test,OBJECT,OBJECT:무엇,1
test_0989.jpg,test,OBJECT,OBJECT:무엇,1
test_0990.jpg,test,PRICE,PRICE:얼마,1
test_0991.jpg,test,PRICE,PRICE:가격,1
test_0992.jpg,test,PRICE,PRICE:얼마,1
test_0993.jpg,test,COMPOSITE,"SPELLING:이름.{0,3}(뭐|무엇);;OBJECT:무엇",2
test_0994.jpg,test,OBJECT,OBJECT:무엇,1
test_0995.jpg,test,OBJECT,OBJECT:무엇,1
test_0996.jpg,test,OBJECT,OBJECT:무엇,1
test_0997.jpg,test,OBJECT,OBJECT:무엇,1
test_0998.jpg,test,UNKNOWN,,0
test_0999.jpg,test,UNKNOWN,,0
test_1000.jpg,test,OBJECT,OBJECT:무엇,1
test_1001.jpg,test,PRICE,PRICE:얼마,1
test_1002.jpg,test,OBJECT,OBJECT:무엇,1
test_1003.jpg,test,OBJECT,OBJECT:무엇,1
test_1004.jpg,test,OBJECT,OBJECT:무엇,1
test_1005.jpg,test,UNKNOWN,,0
test_1006.jpg,test,OBJECT,OBJECT:무엇,1
test_1007.jpg,test,PRICE,PRICE:가격,1
test_1008.jpg,test,UNKNOWN,,0
test_1009.jpg,test,UNKNOWN,,0
test_1010.jpg,test,OBJECT,OBJECT:무엇,1
test_1011.jpg,test,COMPOSITE,"SPELLING:이름.{0,3}(뭐|무엇);;OBJECT:무엇",2
test_1012.jpg,test,COMPOSITE,"SPELLING:이름.{0,3}(뭐|무엇);;OBJECT:무엇",2
test_1013.jpg,test,OBJECT,OBJECT:무엇,1
test_1014.jpg,test,PRICE,PRICE:얼마,1
test_1015.jpg,test,UNKNOWN,,0
test_1016.jpg,test,UNKNOWN,,0
test_1017.jpg,test,OBJECT,OBJECT:무엇,1
test_1018.jpg,test,PRICE,PRICE:가격,1
test_1019.jpg,test,COMPOSITE,NUMBER:번호;;OBJECT:있(나요|습니까|어),2
test_1020.jpg,test,COMPOSITE,NUMBER:몇\s*명;;OBJECT:있(나요|습니까|어),2
test_1021.jpg,test,COMPOSITE,PRICE:가격;;OBJECT:무엇,2
test_1022.jpg,test,OBJECT,OBJECT:무엇,1
test_1023.jpg,test,COMPOSITE,LOGO:브랜드;;OBJECT:무엇,2
test_1024.jpg,test,COMPOSITE,"SPELLING:이름.{0,3}(뭐|무엇);;OBJECT:무엇",2
test_1025.jpg,test,PRICE,PRICE:가격,1
test_1026.jpg,test,TIMEDATE,TIMEDATE:언제,1
test_1027.jpg,test,UNKNOWN,,0
test_1028.jpg,test,PRICE,PRICE:가격,1
test_1029.jpg,test,COMPOSITE,SPELLING:글자;;OBJECT:무엇;;RELATION:왼쪽,3
test_1030.jpg,test,TIMEDATE,TIMEDATE:기간,1
test_1031.jpg,test,OBJECT,OBJECT:무엇,1
test_1032.jpg,test,OBJECT,OBJECT:무엇,1
test_1033.jpg,test,COMPOSITE,NUMBER:번호;;OBJECT:무엇,2
test_1034.jpg,test,COMPOSITE,"SPELLING:이름.{0,3}(뭐|무엇);;OBJECT:무엇",2
test_1035.jpg,test,OBJECT,OBJECT:무엇,1
test_1036.jpg,test,OBJECT,OBJECT:무엇,1
test_1037.jpg,test,UNKNOWN,,0
test_1038.jpg,test,OBJECT,OBJECT:무엇,1
test_1039.jpg,test,COMPOSITE,"SPELLING:이름.{0,3}(뭐|무엇);;OBJECT:무엇",2
test_1040.jpg,test,COMPOSITE,"SPELLING:이름.{0,3}(뭐|무엇);;OBJECT:무엇",2
test_1041.jpg,test,OBJECT,OBJECT:무엇,1
test_1042.jpg,test,COMPOSITE,"SPELLING:이름.{0,3}(뭐|무엇);;LOGO:브랜드;;OBJECT:무엇",3
test_1043.jpg,test,OBJECT,OBJECT:무엇,1
test_1044.jpg,test,COMPOSITE,PRICE:가격;;OBJECT:무엇,2
test_1045.jpg,test,COMPOSITE,NUMBER:번호;;OBJECT:무엇,2
test_1046.jpg,test,COMPOSITE,TABLE:항목;;OBJECT:무엇,2
test_1047.jpg,test,COMPOSITE,"SPELLING:이름.{0,3}(뭐|무엇);;OBJECT:무엇",2
test_1048.jpg,test,COMPOSITE,LOGO:로고;;OBJECT:무엇,2
test_1049.jpg,test,OBJECT,OBJECT:무엇,1
test_1050.jpg,test,OBJECT,OBJECT:무엇,1
test_1051.jpg,test,COMPOSITE,OBJECT:무엇;;RELATION:옆에,2
test_1052.jpg,test,COMPOSITE,"SPELLING:이름.{0,3}(뭐|무엇);;OBJECT:무엇",2
test_1053.jpg,test,OBJECT,OBJECT:무엇,1
test_1054.jpg,test,COMPOSITE,PRICE:가격;;OBJECT:무엇,2
test_1055.jpg,test,OBJECT,OBJECT:무엇,1
test_1056.jpg,test,PRICE,PRICE:가격,1
test_1057.jpg,test,COMPOSITE,"SPELLING:이름.{0,3}(뭐|무엇);;OBJECT:무엇",2
test_1058.jpg,test,COMPOSITE,TABLE:항목;;OBJECT:무엇,2
test_1059.jpg,test,COMPOSITE,"SPELLING:이름.{0,3}(뭐|무엇);;OBJECT:무엇",2
test_1060.jpg,test,UNKNOWN,,0
test_1061.jpg,test,PRICE,PRICE:가격,1
test_1062.jpg,test,OBJECT,OBJECT:무엇,1
test_1063.jpg,test,OBJECT,OBJECT:무엇,1
test_1064.jpg,test,OBJECT,OBJECT:무엇,1
test_1065.jpg,test,OBJECT,OBJECT:무엇,1
test_1066.jpg,test,TIMEDATE,TIMEDATE:언제,1
test_1067.jpg,test,PRICE,PRICE:가격,1
test_1068.jpg,test,OBJECT,OBJECT:무엇,1
test_1069.jpg,test,TIMEDATE,TIMEDATE:날짜,1
test_1070.jpg,test,COMPOSITE,OBJECT:무엇;;RELATION:위에,2
test_1071.jpg,test,UNKNOWN,,0
test_1072.jpg,test,OBJECT,OBJECT:무엇,1
test_1073.jpg,test,OBJECT,OBJECT:무엇,1
test_1074.jpg,test,OBJECT,OBJECT:무엇,1
test_1075.jpg,test,COMPOSITE,"SPELLING:이름.{0,3}(뭐|무엇);;OBJECT:무엇",2
test_1076.jpg,test,UNKNOWN,,0
test_1077.jpg,test,OBJECT,OBJECT:무엇,1
test_1078.jpg,test,COMPOSITE,NUMBER:번호;;OBJECT:무엇,2
test_1079.jpg,test,OBJECT,OBJECT:무엇,1
test_1080.jpg,test,UNKNOWN,,0
test_1081.jpg,test,PRICE,PRICE:얼마,1
test_1082.jpg,test,OBJECT,OBJECT:무엇,1
test_1083.jpg,test,OBJECT,OBJECT:무엇,1
test_1084.jpg,test,OBJECT,OBJECT:무엇,1
test_1085.jpg,test,COMPOSITE,"SPELLING:이름.{0,3}(뭐|무엇);;OBJECT:무엇",2
test_1086.jpg,test,OBJECT,OBJECT:무엇,1
test_1087.jpg,test,UNKNOWN,,0
test_1088.jpg,test,COMPOSITE,"SPELLING:이름.{0,3}(뭐|무엇);;OBJECT:무엇",2
test_1089.jpg,test,OBJECT,OBJECT:무엇,1
test_1090.jpg,test,COMPOSITE,"SPELLING:이름.{0,3}(뭐|무엇);;OBJECT:무엇",2
test_1091.jpg,test,COMPOSITE,OBJECT:무엇;;RELATION:아래,2
test_1092.jpg,test,TIMEDATE,TIMEDATE:언제,1
test_1093.jpg,test,PRICE,PRICE:가격,1
test_1094.jpg,test,TIMEDATE,TIMEDATE:몇\s*시,1
test_1095.jpg,test,OBJECT,OBJECT:무엇,1
test_1096.jpg,test,COMPOSITE,OBJECT:무엇;;RELATION:아래,2
test_1097.jpg,test,COMPOSITE,"SPELLING:이름.{0,3}(뭐|무엇);;OBJECT:무엇",2
test_1098.jpg,test,COMPOSITE,"SPELLING:이름.{0,3}(뭐|무엇);;OBJECT:무엇",2
test_1099.jpg,test,OBJECT,OBJECT:무엇,1
test_1100.jpg,test,COMPOSITE,"SPELLING:이름.{0,3}(뭐|무엇);;OBJECT:무엇",2
test_1101.jpg,test,OBJECT,OBJECT:무엇,1
test_1102.jpg,test,COMPOSITE,"SPELLING:이름.{0,3}(뭐|무엇);;OBJECT:무엇",2
test_1103.jpg,test,COMPOSITE,"SPELLING:이름.{0,3}(뭐|무엇);;OBJECT:무엇",2
test_1104.jpg,test,COMPOSITE,"SPELLING:이름.{0,3}(뭐|무엇);;OBJECT:무엇",2
test_1105.jpg,test,OBJECT,OBJECT:무엇,1
test_1106.jpg,test,OBJECT,OBJECT:무엇,1
test_1107.jpg,test,OBJECT,OBJECT:무엇,1
test_1108.jpg,test,COMPOSITE,OBJECT:무엇;;RELATION:오른쪽,2
test_1109.jpg,test,COMPOSITE,"SPELLING:이름.{0,3}(뭐|무엇);;OBJECT:무엇",2
test_1110.jpg,test,COMPOSITE,"SPELLING:이름.{0,3}(뭐|무엇);;OBJECT:무엇",2
test_1111.jpg,test,OBJECT,OBJECT:무엇,1
test_1112.jpg,test,OBJECT,OBJECT:무엇,1
test_1113.jpg,test,OBJECT,OBJECT:무엇,1
test_1114.jpg,test,OBJECT,OBJECT:무엇,1
test_1115.jpg,test,OBJECT,OBJECT:무엇,1
test_1116.jpg,test,OBJECT,OBJECT:무엇,1
test_1117.jpg,test,OBJECT,OBJECT:무엇,1
test_1118.jpg,test,OBJECT,OBJECT:무엇,1
test_1119.jpg,test,OBJECT,OBJECT:있(나요|습니까|어),1
test_1120.jpg,test,UNKNOWN,,0
test_1121.jpg,test,OBJECT,OBJECT:무엇,1
test_1122.jpg,test,PRICE,PRICE:얼마,1
test_1123.jpg,test,COMPOSITE,"SPELLING:이름.{0,3}(뭐|무엇);;OBJECT:무엇",2
test_1124.jpg,test,UNKNOWN,,0
test_1125.jpg,test,UNKNOWN,,0
test_1126.jpg,test,OBJECT,OBJECT:무엇,1
test_1127.jpg,test,OBJECT,OBJECT:무엇,1
test_1128.jpg,test,COMPOSITE,NUMBER:번호;;OBJECT:무엇,2
test_1129.jpg,test,COMPOSITE,"SPELLING:이름.{0,3}(뭐|무엇);;OBJECT:무엇",2
test_1130.jpg,test,COMPOSITE,"SPELLING:이름.{0,3}(뭐|무엇);;OBJECT:무엇",2
test_1131.jpg,test,OBJECT,OBJECT:무엇,1
test_1132.jpg,test,UNKNOWN,,0
test_1133.jpg,test,OBJECT,OBJECT:무엇,1
test_1134.jpg,test,PRICE,PRICE:얼마,1
test_1135.jpg,test,OBJECT,OBJECT:무엇,1
test_1136.jpg,test,COMPOSITE,"SPELLING:이름.{0,3}(뭐|무엇);;OBJECT:무엇",2
test_1137.jpg,test,OBJECT,OBJECT:무엇,1
test_1138.jpg,test,OBJECT,OBJECT:무엇,1
test_1139.jpg,test,COMPOSITE,"SPELLING:이름.{0,3}(뭐|무엇);;OBJECT:무엇",2
test_1140.jpg,test,COMPOSITE,NUMBER:번호;;OBJECT:무엇,2
test_1141.jpg,test,OBJECT,OBJECT:무엇,1
test_1142.jpg,test,OBJECT,OBJECT:무엇,1
test_1143.jpg,test,OBJECT,OBJECT:무엇,1
test_1144.jpg,test,OBJECT,OBJECT:무엇,1
test_1145.jpg,test,OBJECT,OBJECT:무엇,1
test_1146.jpg,test,COMPOSITE,"SPELLING:이름.{0,3}(뭐|무엇);;LOGO:브랜드;;OBJECT:무엇",3
test_1147.jpg,test,OBJECT,OBJECT:무엇,1
test_1148.jpg,test,OBJECT,OBJECT:무엇,1
test_1149.jpg,test,COMPOSITE,SPELLING:글자;;OBJECT:무엇,2
test_1150.jpg,test,OBJECT,OBJECT:무엇,1
test_1151.jpg,test,OBJECT,OBJECT:무엇,1
test_1152.jpg,test,COMPOSITE,OBJECT:무엇;;RELATION:오른쪽,2
test_1153.jpg,test,OBJECT,OBJECT:무엇,1
test_1154.jpg,test,OBJECT,OBJECT:무엇,1
test_1155.jpg,test,COMPOSITE,"SPELLING:이름.{0,3}(뭐|무엇);;OBJECT:무엇",2
test_1156.jpg,test,COMPOSITE,NUMBER:번호;;OBJECT:무엇,2
test_1157.jpg,test,PRICE,PRICE:가격,1
test_1158.jpg,test,OBJECT,OBJECT:무엇,1
test_1159.jpg,test,COMPOSITE,"SPELLING:이름.{0,3}(뭐|무엇);;OBJECT:무엇",2
test_1160.jpg,test,OBJECT,OBJECT:무엇,1
test_1161.jpg,test,OBJECT,OBJECT:무엇,1
test_1162.jpg,test,COMPOSITE,"SPELLING:이름.{0,3}(뭐|무엇);;LOGO:브랜드;;OBJECT:무엇",3
test_1163.jpg,test,COMPOSITE,"SPELLING:이름.{0,3}(뭐|무엇);;OBJECT:무엇",2
test_1164.jpg,test,TIMEDATE,TIMEDATE:몇\s*시,1
test_1165.jpg,test,UNKNOWN,,0
test_1166.jpg,test,UNKNOWN,,0
test_1167.jpg,test,COMPOSITE,"SPELLING:이름.{0,3}(뭐|무엇);;OBJECT:무엇",2
test_1168.jpg,test,PRICE,PRICE:가격,1
test_1169.jpg,test,PRICE,PRICE:얼마,1
test_1170.jpg,test,OBJECT,OBJECT:무엇,1
test_1171.jpg,test,OBJECT,OBJECT:무엇,1
test_1172.jpg,test,OBJECT,OBJECT:무엇,1
test_1173.jpg,test,PRICE,PRICE:얼마,1
test_1174.jpg,test,PRICE,PRICE:가격,1
test_1175.jpg,test,OBJECT,OBJECT:무엇,1
test_1176.jpg,test,OBJECT,OBJECT:무엇,1
test_1177.jpg,test,COMPOSITE,"SPELLING:이름.{0,3}(뭐|무엇);;OBJECT:무엇",2
test_1178.jpg,test,OBJECT,OBJECT:무엇,1
test_1179.jpg,test,TIMEDATE,TIMEDATE:언제,1
test_1180.jpg,test,COMPOSITE,"SPELLING:이름.{0,3}(뭐|무엇);;OBJECT:무엇",2
test_1181.jpg,test,OBJECT,OBJECT:무엇,1
test_1182.jpg,test,OBJECT,OBJECT:무엇,1
test_1183.jpg,test,OBJECT,OBJECT:무엇,1
test_1184.jpg,test,COMPOSITE,SPELLING:글자;;OBJECT:무엇,2
test_1185.jpg,test,PRICE,PRICE:얼마,1
test_1186.jpg,test,OBJECT,OBJECT:무엇,1
test_1187.jpg,test,UNKNOWN,,0
test_1188.jpg,test,OBJECT,OBJECT:있(나요|습니까|어),1
test_1189.jpg,test,COMPOSITE,NUMBER:번호;;OBJECT:무엇,2
test_1190.jpg,test,OBJECT,OBJECT:무엇,1
test_1191.jpg,test,COMPOSITE,NUMBER:번호;;OBJECT:무엇,2
test_1192.jpg,test,PRICE,PRICE:얼마,1
test_1193.jpg,test,OBJECT,OBJECT:무엇,1
test_1194.jpg,test,COMPOSITE,SPELLING:글자;;OBJECT:무엇,2
test_1195.jpg,test,OBJECT,OBJECT:무엇,1
test_1196.jpg,test,OBJECT,OBJECT:무엇,1
test_1197.jpg,test,TIMEDATE,TIMEDATE:기간,1
test_1198.jpg,test,COMPOSITE,"SPELLING:이름.{0,3}(뭐|무엇);;OBJECT:무엇",2
test_1199.jpg,test,COMPOSITE,"SPELLING:이름.{0,3}(뭐|무엇);;OBJECT:무엇",2
test_1200.jpg,test,OBJECT,OBJECT:무엇,1
test_1201.jpg,test,UNKNOWN,,0
test_1202.jpg,test,OBJECT,OBJECT:무엇,1
test_1203.jpg,test,COMPOSITE,"SPELLING:이름.{0,3}(뭐|무엇);;OBJECT:무엇",2
test_1204.jpg,test,OBJECT,OBJECT:무엇,1
test_1205.jpg,test,COMPOSITE,NUMBER:번호;;OBJECT:무엇,2
test_1206.jpg,test,OBJECT,OBJECT:무엇,1
test_1207.jpg,test,OBJECT,OBJECT:무엇,1
test_1208.jpg,test,OBJECT,OBJECT:무엇,1
test_1209.jpg,test,OBJECT,OBJECT:무엇,1
test_1210.jpg,test,COMPOSITE,OBJECT:무엇;;RELATION:위에,2
test_1211.jpg,test,COMPOSITE,SPELLING:글자;;OBJECT:무엇,2
test_1212.jpg,test,COMPOSITE,"SPELLING:이름.{0,3}(뭐|무엇);;OBJECT:무엇",2
test_1213.jpg,test,COMPOSITE,"SPELLING:이름.{0,3}(뭐|무엇);;OBJECT:무엇",2
test_1214.jpg,test,COMPOSITE,"SPELLING:이름.{0,3}(뭐|무엇);;OBJECT:무엇",2
test_1215.jpg,test,OBJECT,OBJECT:무엇,1
test_1216.jpg,test,OBJECT,OBJECT:무엇,1
test_1217.jpg,test,OBJECT,OBJECT:무엇,1
test_1218.jpg,test,TIMEDATE,TIMEDATE:날짜,1
test_1219.jpg,test,OBJECT,OBJECT:무엇,1
test_1220.jpg,test,COMPOSITE,"SPELLING:이름.{0,3}(뭐|무엇);;OBJECT:무엇",2
test_1221.jpg,test,COMPOSITE,NUMBER:번호;;OBJECT:있(나요|습니까|어),2
test_1222.jpg,test,PRICE,PRICE:가격,1
test_1223.jpg,test,COMPOSITE,PRICE:가격;;OBJECT:무엇;;RELATION:아래,3
test_1224.jpg,test,OBJECT,OBJECT:있(나요|습니까|어),1
test_1225.jpg,test,UNKNOWN,,0
test_1226.jpg,test,UNKNOWN,,0
test_1227.jpg,test,OBJECT,OBJECT:있(나요|습니까|어),1
test_1228.jpg,test,PRICE,PRICE:가격,1
test_1229.jpg,test,OBJECT,OBJECT:무엇,1
test_1230.jpg,test,OBJECT,OBJECT:무엇,1
test_1231.jpg,test,OBJECT,OBJECT:무엇,1
test_1232.jpg,test,COMPOSITE,PRICE:가격;;OBJECT:무엇,2
test_1233.jpg,test,OBJECT,OBJECT:무엇,1
test_1234.jpg,test,UNKNOWN,,0
test_1235.jpg,test,COMPOSITE,"SPELLING:이름.{0,3}(뭐|무엇);;OBJECT:무엇",2
test_1236.jpg,test,OBJECT,OBJECT:무엇,1
test_1237.jpg,test,UNKNOWN,,0
test_1238.jpg,test,OBJECT,OBJECT:무엇,1
test_1239.jpg,test,COMPOSITE,TABLE:항목;;OBJECT:무엇,2
test_1240.jpg,test,NUMBER,NUMBER:몇\s*개,1
test_1241.jpg,test,OBJECT,OBJECT:무엇,1
test_1242.jpg,test,COMPOSITE,"SPELLING:이름.{0,3}(뭐|무엇);;OBJECT:무엇",2
test_1243.jpg,test,OBJECT,OBJECT:무엇,1
test_1244.jpg,test,OBJECT,OBJECT:무엇,1
test_1245.jpg,test,OBJECT,OBJECT:무엇,1
test_1246.jpg,test,COMPOSITE,"SPELLING:이름.{0,3}(뭐|무엇);;LOGO:브랜드;;OBJECT:무엇",3
test_1247.jpg,test,COMPOSITE,OBJECT:무엇;;RELATION:왼쪽,2
test_1248.jpg,test,OBJECT,OBJECT:무엇,1
test_1249.jpg,test,COMPOSITE,NUMBER:번호;;OBJECT:있(나요|습니까|어),2
test_1250.jpg,test,PRICE,PRICE:가격,1
test_1251.jpg,test,OBJECT,OBJECT:무엇,1
test_1252.jpg,test,PRICE,PRICE:가격,1
test_1253.jpg,test,OBJECT,OBJECT:무엇,1
test_1254.jpg,test,COMPOSITE,"SPELLING:이름.{0,3}(뭐|무엇);;OBJECT:무엇",2
test_1255.jpg,test,COMPOSITE,"SPELLING:이름.{0,3}(뭐|무엇);;OBJECT:무엇",2
test_1256.jpg,test,COMPOSITE,"SPELLING:이름.{0,3}(뭐|무엇);;OBJECT:무엇",2
test_1257.jpg,test,OBJECT,OBJECT:무엇,1
test_1258.jpg,test,OBJECT,OBJECT:무엇,1
test_1259.jpg,test,OBJECT,OBJECT:무엇,1
test_1260.jpg,test,UNKNOWN,,0
test_1261.jpg,test,OBJECT,OBJECT:무엇,1
test_1262.jpg,test,PRICE,PRICE:가격,1
test_1263.jpg,test,PRICE,PRICE:얼마,1
test_1264.jpg,test,OBJECT,OBJECT:무엇,1
test_1265.jpg,test,COMPOSITE,"SPELLING:이름.{0,3}(뭐|무엇);;OBJECT:무엇",2
test_1266.jpg,test,COMPOSITE,NUMBER:번호;;OBJECT:무엇,2
test_1267.jpg,test,OBJECT,OBJECT:무엇,1
test_1268.jpg,test,OBJECT,OBJECT:있(나요|습니까|어),1
test_1269.jpg,test,UNKNOWN,,0
test_1270.jpg,test,COMPOSITE,"SPELLING:이름.{0,3}(뭐|무엇);;OBJECT:무엇",2
test_1271.jpg,test,COMPOSITE,"SPELLING:이름.{0,3}(뭐|무엇);;OBJECT:무엇",2
test_1272.jpg,test,PRICE,PRICE:가격,1
test_1273.jpg,test,OBJECT,OBJECT:있(나요|습니까|어),1
test_1274.jpg,test,TIMEDATE,TIMEDATE:기간,1
test_1275.jpg,test,PRICE,PRICE:가격,1
test_1276.jpg,test,OBJECT,OBJECT:무엇,1
test_1277.jpg,test,OBJECT,OBJECT:무엇,1
test_1278.jpg,test,COMPOSITE,"SPELLING:이름.{0,3}(뭐|무엇);;LOGO:브랜드;;OBJECT:무엇",3
test_1279.jpg,test,OBJECT,OBJECT:무엇,1
test_1280.jpg,test,COMPOSITE,"SPELLING:이름.{0,3}(뭐|무엇);;OBJECT:무엇",2
test_1281.jpg,test,COMPOSITE,"SPELLING:이름.{0,3}(뭐|무엇);;OBJECT:무엇",2
test_1282.jpg,test,UNKNOWN,,0
test_1283.jpg,test,OBJECT,OBJECT:무엇,1
test_1284.jpg,test,COMPOSITE,OBJECT:무엇;;RELATION:아래,2
test_1285.jpg,test,COMPOSITE,"SPELLING:이름.{0,3}(뭐|무엇);;OBJECT:무엇",2
test_1286.jpg,test,UNKNOWN,,0
test_1287.jpg,test,OBJECT,OBJECT:무엇,1
test_1288.jpg,test,PRICE,PRICE:가격,1
test_1289.jpg,test,OBJECT,OBJECT:무엇,1
test_1290.jpg,test,UNKNOWN,,0
test_1291.jpg,test,UNKNOWN,,0
test_1292.jpg,test,OBJECT,OBJECT:무엇,1
test_1293.jpg,test,OBJECT,OBJECT:무엇,1
test_1294.jpg,test,SPELLING,SPELLING:글자,1
test_1295.jpg,test,COMPOSITE,"SPELLING:이름.{0,3}(뭐|무엇);;LOGO:브랜드;;OBJECT:무엇",3
test_1296.jpg,test,OBJECT,OBJECT:무엇,1
test_1297.jpg,test,COMPOSITE,"SPELLING:이름.{0,3}(뭐|무엇);;OBJECT:무엇;;RELATION:왼쪽",3
test_1298.jpg,test,OBJECT,OBJECT:무엇,1
test_1299.jpg,test,OBJECT,OBJECT:있(나요|습니까|어),1
test_1300.jpg,test,OBJECT,OBJECT:무엇,1
test_1301.jpg,test,COMPOSITE,"SPELLING:이름.{0,3}(뭐|무엇);;OBJECT:무엇",2
test_1302.jpg,test,COMPOSITE,OBJECT:있(나요|습니까|어);;RELATION:왼쪽,2
test_1303.jpg,test,OBJECT,OBJECT:무엇,1
test_1304.jpg,test,COMPOSITE,OBJECT:무엇;;RELATION:오른쪽,2
test_1305.jpg,test,COMPOSITE,"SPELLING:이름.{0,3}(뭐|무엇);;OBJECT:무엇",2
test_1306.jpg,test,OBJECT,OBJECT:무엇,1
test_1307.jpg,test,COMPOSITE,"SPELLING:이름.{0,3}(뭐|무엇);;OBJECT:무엇",2
test_1308.jpg,test,UNKNOWN,,0
test_1309.jpg,test,PRICE,PRICE:가격,1
test_1310.jpg,test,COMPOSITE,"SPELLING:이름.{0,3}(뭐|무엇);;OBJECT:무엇",2
test_1311.jpg,test,OBJECT,OBJECT:물건,1
test_1312.jpg,test,OBJECT,OBJECT:무엇,1
test_1313.jpg,test,PRICE,PRICE:얼마,1
test_1314.jpg,test,COMPOSITE,"SPELLING:이름.{0,3}(뭐|무엇);;LOGO:브랜드;;OBJECT:무엇",3
test_1315.jpg,test,COMPOSITE,"SPELLING:이름.{0,3}(뭐|무엇);;OBJECT:무엇",2
test_1316.jpg,test,OBJECT,OBJECT:무엇,1
test_1317.jpg,test,OBJECT,OBJECT:무엇,1
test_1318.jpg,test,OBJECT,OBJECT:무엇,1
test_1319.jpg,test,PRICE,PRICE:가격,1
test_1320.jpg,test,OBJECT,OBJECT:무엇,1
test_1321.jpg,test,OBJECT,OBJECT:무엇,1
test_1322.jpg,test,COMPOSITE,"SPELLING:이름.{0,3}(뭐|무엇);;OBJECT:무엇",2
test_1323.jpg,test,COMPOSITE,"SPELLING:이름.{0,3}(뭐|무엇);;OBJECT:무엇",2
test_1324.jpg,test,OBJECT,OBJECT:무엇,1
test_1325.jpg,test,OBJECT,OBJECT:있(나요|습니까|어),1
test_1326.jpg,test,OBJECT,OBJECT:무엇,1
test_1327.jpg,test,PRICE,PRICE:얼마,1
test_1328.jpg,test,PRICE,PRICE:가격,1
test_1329.jpg,test,OBJECT,OBJECT:있(나요|습니까|어),1
test_1330.jpg,test,COMPOSITE,NUMBER:번호;;OBJECT:무엇,2
test_1331.jpg,test,PRICE,PRICE:가격,1
test_1332.jpg,test,COMPOSITE,"SPELLING:이름.{0,3}(뭐|무엇);;OBJECT:무엇",2
test_1333.jpg,test,PRICE,PRICE:가격,1
test_1334.jpg,test,COMPOSITE,NUMBER:번호;;OBJECT:무엇,2
test_1335.jpg,test,RELATION,RELATION:오른쪽,1
test_1336.jpg,test,COMPOSITE,"SPELLING:이름.{0,3}(뭐|무엇);;OBJECT:무엇",2
test_1337.jpg,test,OBJECT,OBJECT:무엇,1
test_1338.jpg,test,OBJECT,OBJECT:무엇,1
test_1339.jpg,test,OBJECT,OBJECT:무엇,1
test_1340.jpg,test,PRICE,PRICE:가격,1
test_1341.jpg,test,OBJECT,OBJECT:무엇,1
test_1342.jpg,test,COMPOSITE,"SPELLING:이름.{0,3}(뭐|무엇);;OBJECT:무엇",2
test_1343.jpg,test,COMPOSITE,OBJECT:무엇;;RELATION:옆에,2
test_1344.jpg,test,COMPOSITE,OBJECT:물건;;RELATION:왼쪽,2
test_1345.jpg,test,COMPOSITE,SPELLING:글자;;OBJECT:무엇,2
test_1346.jpg,test,COMPOSITE,"SPELLING:이름.{0,3}(뭐|무엇);;LOGO:브랜드;;OBJECT:무엇",3
test_1347.jpg,test,OBJECT,OBJECT:무엇,1
test_1348.jpg,test,OBJECT,OBJECT:무엇,1
test_1349.jpg,test,OBJECT,OBJECT:무엇,1
test_1350.jpg,test,COMPOSITE,"SPELLING:이름.{0,3}(뭐|무엇);;OBJECT:무엇",2
test_1351.jpg,test,PRICE,PRICE:가격,1
test_1352.jpg,test,COMPOSITE,TABLE:항목;;OBJECT:무엇,2
test_1353.jpg,test,OBJECT,OBJECT:무엇,1
test_1354.jpg,test,COMPOSITE,"SPELLING:이름.{0,3}(뭐|무엇);;OBJECT:무엇",2
test_1355.jpg,test,COMPOSITE,SPELLING:글자;;OBJECT:무엇,2
test_1356.jpg,test,OBJECT,OBJECT:무엇,1
test_1357.jpg,test,TIMEDATE,TIMEDATE:날짜,1
test_1358.jpg,test,OBJECT,OBJECT:무엇,1
test_1359.jpg,test,COMPOSITE,"SPELLING:이름.{0,3}(뭐|무엇);;OBJECT:무엇",2
test_1360.jpg,test,OBJECT,OBJECT:무엇,1
test_1361.jpg,test,OBJECT,OBJECT:무엇,1
test_1362.jpg,test,COMPOSITE,"SPELLING:이름.{0,3}(뭐|무엇);;OBJECT:무엇",2
test_1363.jpg,test,PRICE,PRICE:얼마,1
test_1364.jpg,test,TIMEDATE,TIMEDATE:언제,1
test_1365.jpg,test,OBJECT,OBJECT:무엇,1
test_1366.jpg,test,COMPOSITE,SPELLING:글자;;OBJECT:무엇;;RELATION:위에,3
test_1367.jpg,test,OBJECT,OBJECT:무엇,1
test_1368.jpg,test,UNKNOWN,,0
test_1369.jpg,test,COMPOSITE,NUMBER:번호;;OBJECT:무엇,2
test_1370.jpg,test,OBJECT,OBJECT:무엇,1
test_1371.jpg,test,PRICE,PRICE:가격,1
test_1372.jpg,test,OBJECT,OBJECT:무엇,1
test_1373.jpg,test,OBJECT,OBJECT:있(나요|습니까|어),1
test_1374.jpg,test,OBJECT,OBJECT:무엇,1
test_1375.jpg,test,NUMBER,NUMBER:몇\s*개,1
test_1376.jpg,test,OBJECT,OBJECT:무엇,1
test_1377.jpg,test,COMPOSITE,"SPELLING:이름.{0,3}(뭐|무엇);;OBJECT:무엇",2
test_1378.jpg,test,OBJECT,OBJECT:무엇,1
test_1379.jpg,test,COMPOSITE,NUMBER:번호;;OBJECT:무엇,2
test_1380.jpg,test,UNKNOWN,,0
test_1381.jpg,test,PRICE,PRICE:얼마,1
test_1382.jpg,test,OBJECT,OBJECT:무엇,1
test_1383.jpg,test,COMPOSITE,NUMBER:번호;;OBJECT:무엇,2
test_1384.jpg,test,OBJECT,OBJECT:무엇,1
test_1385.jpg,test,UNKNOWN,,0
test_1386.jpg,test,COMPOSITE,NUMBER:번호;;OBJECT:무엇,2
test_1387.jpg,test,COMPOSITE,LOGO:브랜드;;OBJECT:무엇,2
test_1388.jpg,test,PRICE,PRICE:얼마,1
test_1389.jpg,test,PRICE,PRICE:가격,1
test_1390.jpg,test,COMPOSITE,"SPELLING:이름.{0,3}(뭐|무엇);;OBJECT:무엇",2
test_1391.jpg,test,OBJECT,OBJECT:무엇,1
test_1392.jpg,test,OBJECT,OBJECT:무엇,1
test_1393.jpg,test,UNKNOWN,,0
test_1394.jpg,test,OBJECT,OBJECT:있(나요|습니까|어),1
test_1395.jpg,test,COMPOSITE,NUMBER:번호;;OBJECT:무엇,2
test_1396.jpg,test,COMPOSITE,NUMBER:번호;;OBJECT:무엇,2
test_1397.jpg,test,OBJECT,OBJECT:무엇,1
test_1398.jpg,test,COMPOSITE,SPELLING:글자;;OBJECT:무엇,2
test_1399.jpg,test,OBJECT,OBJECT:무엇,1
test_1400.jpg,test,PRICE,PRICE:가격,1
test_1401.jpg,test,OBJECT,OBJECT:무엇,1
test_1402.jpg,test,NUMBER,NUMBER:번호,1
test_1403.jpg,test,COMPOSITE,"SPELLING:이름.{0,3}(뭐|무엇);;OBJECT:무엇;;RELATION:오른쪽",3
test_1404.jpg,test,OBJECT,OBJECT:무엇,1
test_1405.jpg,test,OBJECT,OBJECT:무엇,1
test_1406.jpg,test,COMPOSITE,"SPELLING:이름.{0,3}(뭐|무엇);;OBJECT:무엇",2
test_1407.jpg,test,OBJECT,OBJECT:무엇,1
test_1408.jpg,test,COMPOSITE,SPELLING:글자;;OBJECT:무엇;;RELATION:위에,3
test_1409.jpg,test,COMPOSITE,"SPELLING:이름.{0,3}(뭐|무엇);;OBJECT:무엇",2
test_1410.jpg,test,COMPOSITE,NUMBER:번호;;OBJECT:무엇,2
test_1411.jpg,test,COMPOSITE,NUMBER:번호;;OBJECT:무엇,2
test_1412.jpg,test,COMPOSITE,"SPELLING:이름.{0,3}(뭐|무엇);;OBJECT:무엇",2
test_1413.jpg,test,COMPOSITE,"SPELLING:이름.{0,3}(뭐|무엇);;OBJECT:무엇",2
test_1414.jpg,test,OBJECT,OBJECT:무엇,1
test_1415.jpg,test,OBJECT,OBJECT:무엇,1
test_1416.jpg,test,UNKNOWN,,0
test_1417.jpg,test,COMPOSITE,"SPELLING:이름.{0,3}(뭐|무엇);;OBJECT:무엇",2
test_1418.jpg,test,OBJECT,OBJECT:무엇,1
test_1419.jpg,test,COMPOSITE,"SPELLING:이름.{0,3}(뭐|무엇);;OBJECT:무엇",2
test_1420.jpg,test,COMPOSITE,"SPELLING:이름.{0,3}(뭐|무엇);;OBJECT:무엇",2
test_1421.jpg,test,COMPOSITE,"SPELLING:이름.{0,3}(뭐|무엇);;OBJECT:무엇",2
test_1422.jpg,test,PRICE,PRICE:가격,1
test_1423.jpg,test,OBJECT,OBJECT:무엇,1
test_1424.jpg,test,COMPOSITE,"SPELLING:이름.{0,3}(뭐|무엇);;LOGO:브랜드;;OBJECT:무엇",3
test_1425.jpg,test,UNKNOWN,,0
test_1426.jpg,test,OBJECT,OBJECT:무엇,1
test_1427.jpg,test,OBJECT,OBJECT:무엇,1
test_1428.jpg,test,PRICE,PRICE:얼마,1
test_1429.jpg,test,COMPOSITE,"SPELLING:이름.{0,3}(뭐|무엇);;OBJECT:무엇",2
test_1430.jpg,test,OBJECT,OBJECT:있(나요|습니까|어),1
test_1431.jpg,test,OBJECT,OBJECT:무엇,1
test_1432.jpg,test,COMPOSITE,LOGO:브랜드;;OBJECT:무엇,2
test_1433.jpg,test,OBJECT,OBJECT:무엇,1
test_1434.jpg,test,OBJECT,OBJECT:무엇,1
test_1435.jpg,test,COMPOSITE,"SPELLING:이름.{0,3}(뭐|무엇);;OBJECT:무엇",2
test_1436.jpg,test,OBJECT,OBJECT:무엇,1
test_1437.jpg,test,COMPOSITE,"SPELLING:이름.{0,3}(뭐|무엇);;OBJECT:무엇",2
test_1438.jpg,test,OBJECT,OBJECT:무엇,1
test_1439.jpg,test,COMPOSITE,NUMBER:번호;;OBJECT:무엇,2
test_1440.jpg,test,PRICE,PRICE:가격,1
test_1441.jpg,test,OBJECT,OBJECT:무엇,1
test_1442.jpg,test,PRICE,PRICE:가격,1
test_1443.jpg,test,COMPOSITE,"SPELLING:이름.{0,3}(뭐|무엇);;OBJECT:무엇",2
test_1444.jpg,test,COMPOSITE,"SPELLING:이름.{0,3}(뭐|무엇);;OBJECT:무엇",2
test_1445.jpg,test,COMPOSITE,LOGO:브랜드;;OBJECT:무엇,2
test_1446.jpg,test,COMPOSITE,"SPELLING:이름.{0,3}(뭐|무엇);;LOGO:브랜드;;OBJECT:무엇",3
test_1447.jpg,test,OBJECT,OBJECT:무엇,1
test_1448.jpg,test,OBJECT,OBJECT:무엇,1
test_1449.jpg,test,OBJECT,OBJECT:무엇,1
test_1450.jpg,test,UNKNOWN,,0
test_1451.jpg,test,OBJECT,OBJECT:무엇,1
test_1452.jpg,test,OBJECT,OBJECT:무엇,1
test_1453.jpg,test,OBJECT,OBJECT:무엇,1
test_1454.jpg,test,COMPOSITE,"SPELLING:이름.{0,3}(뭐|무엇);;OBJECT:무엇",2
test_1455.jpg,test,COMPOSITE,"SPELLING:이름.{0,3}(뭐|무엇);;OBJECT:무엇",2
test_1456.jpg,test,OBJECT,OBJECT:무엇,1
test_1457.jpg,test,UNKNOWN,,0
test_1458.jpg,test,OBJECT,OBJECT:무엇,1
test_1459.jpg,test,COMPOSITE,"SPELLING:이름.{0,3}(뭐|무엇);;OBJECT:무엇",2
test_1460.jpg,test,PRICE,PRICE:얼마,1
test_1461.jpg,test,OBJECT,OBJECT:있(나요|습니까|어),1
test_1462.jpg,test,OBJECT,OBJECT:무엇,1
test_1463.jpg,test,TIMEDATE,TIMEDATE:언제,1
test_1464.jpg,test,UNKNOWN,,0
test_1465.jpg,test,COMPOSITE,"SPELLING:이름.{0,3}(뭐|무엇);;OBJECT:무엇",2
test_1466.jpg,test,OBJECT,OBJECT:무엇,1
test_1467.jpg,test,PRICE,PRICE:가격,1
test_1468.jpg,test,PRICE,PRICE:얼마,1
test_1469.jpg,test,OBJECT,OBJECT:무엇,1
test_1470.jpg,test,OBJECT,OBJECT:무엇,1
test_1471.jpg,test,OBJECT,OBJECT:무엇,1
test_1472.jpg,test,OBJECT,OBJECT:무엇,1
test_1473.jpg,test,OBJECT,OBJECT:무엇,1
test_1474.jpg,test,OBJECT,OBJECT:무엇,1
test_1475.jpg,test,OBJECT,OBJECT:무엇,1
test_1476.jpg,test,OBJECT,OBJECT:무엇,1
test_1477.jpg,test,OBJECT,OBJECT:무엇,1
test_1478.jpg,test,OBJECT,OBJECT:무엇,1
test_1479.jpg,test,OBJECT,OBJECT:무엇,1
test_1480.jpg,test,COMPOSITE,PRICE:가격;;OBJECT:무엇,2
test_1481.jpg,test,COMPOSITE,"SPELLING:이름.{0,3}(뭐|무엇);;OBJECT:무엇",2
test_1482.jpg,test,OBJECT,OBJECT:무엇,1
test_1483.jpg,test,OBJECT,OBJECT:있(나요|습니까|어),1
test_1484.jpg,test,OBJECT,OBJECT:무엇,1
test_1485.jpg,test,UNKNOWN,,0
test_1486.jpg,test,PRICE,PRICE:가격,1
test_1487.jpg,test,UNKNOWN,,0
test_1488.jpg,test,COMPOSITE,NUMBER:번호;;OBJECT:무엇,2
test_1489.jpg,test,TIMEDATE,TIMEDATE:언제,1
test_1490.jpg,test,OBJECT,OBJECT:무엇,1
test_1491.jpg,test,OBJECT,OBJECT:있(나요|습니까|어),1
test_1492.jpg,test,TIMEDATE,TIMEDATE:언제,1
test_1493.jpg,test,COMPOSITE,"SPELLING:이름.{0,3}(뭐|무엇);;OBJECT:무엇",2
test_1494.jpg,test,COMPOSITE,"SPELLING:이름.{0,3}(뭐|무엇);;OBJECT:무엇",2
test_1495.jpg,test,UNKNOWN,,0
test_1496.jpg,test,COMPOSITE,"SPELLING:이름.{0,3}(뭐|무엇);;OBJECT:무엇",2
test_1497.jpg,test,COMPOSITE,"SPELLING:이름.{0,3}(뭐|무엇);;OBJECT:무엇;;RELATION:위에",3
test_1498.jpg,test,OBJECT,OBJECT:무엇,1
test_1499.jpg,test,OBJECT,OBJECT:무엇,1
test_1500.jpg,test,OBJECT,OBJECT:무엇,1
test_1501.jpg,test,PRICE,PRICE:얼마,1
test_1502.jpg,test,OBJECT,OBJECT:무엇,1
test_1503.jpg,test,OBJECT,OBJECT:무엇,1
test_1504.jpg,test,UNKNOWN,,0
test_1505.jpg,test,COMPOSITE,"SPELLING:이름.{0,3}(뭐|무엇);;OBJECT:무엇",2
test_1506.jpg,test,OBJECT,OBJECT:무엇,1
test_1507.jpg,test,PRICE,PRICE:얼마,1
test_1508.jpg,test,OBJECT,OBJECT:있(나요|습니까|어),1
test_1509.jpg,test,COMPOSITE,SPELLING:글자;;OBJECT:무엇,2
test_1510.jpg,test,OBJECT,OBJECT:무엇,1
test_1511.jpg,test,OBJECT,OBJECT:무엇,1
test_1512.jpg,test,OBJECT,OBJECT:무엇,1
test_1513.jpg,test,COMPOSITE,"SPELLING:이름.{0,3}(뭐|무엇);;OBJECT:무엇",2
test_1514.jpg,test,COMPOSITE,"SPELLING:이름.{0,3}(뭐|무엇);;OBJECT:무엇",2
test_1515.jpg,test,OBJECT,OBJECT:있(나요|습니까|어),1
test_1516.jpg,test,PRICE,PRICE:가격,1
test_1517.jpg,test,OBJECT,OBJECT:무엇,1
test_1518.jpg,test,PRICE,PRICE:얼마,1
test_1519.jpg,test,TIMEDATE,TIMEDATE:언제,1
test_1520.jpg,test,OBJECT,OBJECT:무엇,1
test_1521.jpg,test,OBJECT,OBJECT:무엇,1
test_1522.jpg,test,OBJECT,OBJECT:무엇,1
test_1523.jpg,test,COMPOSITE,SPELLING:글자;;OBJECT:무엇,2
test_1524.jpg,test,OBJECT,OBJECT:무엇,1
test_1525.jpg,test,OBJECT,OBJECT:무엇,1
test_1526.jpg,test,OBJECT,OBJECT:무엇,1
test_1527.jpg,test,COMPOSITE,SPELLING:글자;;OBJECT:무엇,2
test_1528.jpg,test,COMPOSITE,"SPELLING:이름.{0,3}(뭐|무엇);;OBJECT:무엇",2
test_1529.jpg,test,OBJECT,OBJECT:무엇,1
test_1530.jpg,test,OBJECT,OBJECT:무엇,1
test_1531.jpg,test,OBJECT,OBJECT:무엇,1
test_1532.jpg,test,COMPOSITE,NUMBER:번호;;OBJECT:무엇,2
test_1533.jpg,test,OBJECT,OBJECT:무엇,1
test_1534.jpg,test,PRICE,PRICE:얼마,1
test_1535.jpg,test,COMPOSITE,"SPELLING:이름.{0,3}(뭐|무엇);;OBJECT:무엇",2
test_1536.jpg,test,COMPOSITE,"SPELLING:이름.{0,3}(뭐|무엇);;LOGO:브랜드;;OBJECT:무엇",3
test_1537.jpg,test,UNKNOWN,,0
test_1538.jpg,test,OBJECT,OBJECT:무엇,1
test_1539.jpg,test,UNKNOWN,,0
test_1540.jpg,test,PRICE,PRICE:얼마,1
test_1541.jpg,test,OBJECT,OBJECT:무엇,1
test_1542.jpg,test,NUMBER,NUMBER:번호,1
test_1543.jpg,test,COMPOSITE,SPELLING:글자;;OBJECT:무엇,2
test_1544.jpg,test,COMPOSITE,"SPELLING:이름.{0,3}(뭐|무엇);;OBJECT:무엇",2
test_1545.jpg,test,OBJECT,OBJECT:무엇,1
test_1546.jpg,test,UNKNOWN,,0
test_1547.jpg,test,PRICE,PRICE:가격,1
test_1548.jpg,test,OBJECT,OBJECT:무엇,1
test_1549.jpg,test,COMPOSITE,"SPELLING:이름.{0,3}(뭐|무엇);;OBJECT:무엇",2
test_1550.jpg,test,PRICE,PRICE:얼마,1
test_1551.jpg,test,OBJECT,OBJECT:무엇,1
test_1552.jpg,test,UNKNOWN,,0
test_1553.jpg,test,OBJECT,OBJECT:무엇,1
test_1554.jpg,test,OBJECT,OBJECT:무엇,1
test_1555.jpg,test,COMPOSITE,NUMBER:번호;;OBJECT:무엇,2
test_1556.jpg,test,COMPOSITE,"SPELLING:이름.{0,3}(뭐|무엇);;OBJECT:무엇",2
test_1557.jpg,test,COMPOSITE,"SPELLING:이름.{0,3}(뭐|무엇);;OBJECT:무엇",2
test_1558.jpg,test,COMPOSITE,"SPELLING:이름.{0,3}(뭐|무엇);;LOGO:브랜드;;OBJECT:무엇",3
test_1559.jpg,test,OBJECT,OBJECT:무엇,1
test_1560.jpg,test,COMPOSITE,"SPELLING:이름.{0,3}(뭐|무엇);;OBJECT:무엇",2
test_1561.jpg,test,COMPOSITE,"SPELLING:이름.{0,3}(뭐|무엇);;OBJECT:무엇",2
test_1562.jpg,test,OBJECT,OBJECT:무엇,1
test_1563.jpg,test,OBJECT,OBJECT:무엇,1
test_1564.jpg,test,COMPOSITE,"SPELLING:이름.{0,3}(뭐|무엇);;OBJECT:무엇",2
test_1565.jpg,test,COMPOSITE,"SPELLING:이름.{0,3}(뭐|무엇);;OBJECT:무엇",2
test_1566.jpg,test,COMPOSITE,"SPELLING:이름.{0,3}(뭐|무엇);;OBJECT:무엇",2
test_1567.jpg,test,UNKNOWN,,0
test_1568.jpg,test,COMPOSITE,NUMBER:번호;;OBJECT:무엇,2
test_1569.jpg,test,COMPOSITE,"SPELLING:이름.{0,3}(뭐|무엇);;OBJECT:무엇",2
test_1570.jpg,test,PRICE,PRICE:얼마,1
test_1571.jpg,test,UNKNOWN,,0
test_1572.jpg,test,UNKNOWN,,0
test_1573.jpg,test,COMPOSITE,"SPELLING:이름.{0,3}(뭐|무엇);;LOGO:브랜드;;OBJECT:무엇",3
test_1574.jpg,test,OBJECT,OBJECT:무엇,1
test_1575.jpg,test,OBJECT,OBJECT:무엇,1
test_1576.jpg,test,COMPOSITE,"SPELLING:이름.{0,3}(뭐|무엇);;OBJECT:무엇",2
test_1577.jpg,test,COMPOSITE,"SPELLING:이름.{0,3}(뭐|무엇);;OBJECT:무엇",2
test_1578.jpg,test,COMPOSITE,"SPELLING:이름.{0,3}(뭐|무엇);;OBJECT:무엇",2
test_1579.jpg,test,OBJECT,OBJECT:무엇,1
test_1580.jpg,test,OBJECT,OBJECT:무엇,1
test_1581.jpg,test,OBJECT,OBJECT:무엇,1
test_1582.jpg,test,UNKNOWN,,0
test_1583.jpg,test,UNKNOWN,,0
test_1584.jpg,test,OBJECT,OBJECT:무엇,1
test_1585.jpg,test,COMPOSITE,SPELLING:글자;;OBJECT:무엇;;RELATION:옆에,3
test_1586.jpg,test,UNKNOWN,,0
test_1587.jpg,test,UNKNOWN,,0
test_1588.jpg,test,UNKNOWN,,0
test_1589.jpg,test,OBJECT,OBJECT:무엇,1
test_1590.jpg,test,UNKNOWN,,0
test_1591.jpg,test,OBJECT,OBJECT:있(나요|습니까|어),1
test_1592.jpg,test,OBJECT,OBJECT:무엇,1
test_1593.jpg,test,OBJECT,OBJECT:무엇,1
test_1594.jpg,test,OBJECT,OBJECT:무엇,1
test_1595.jpg,test,COMPOSITE,NUMBER:번호;;OBJECT:무엇,2
test_1596.jpg,test,PRICE,PRICE:얼마,1
test_1597.jpg,test,OBJECT,OBJECT:무엇,1
test_1598.jpg,test,PRICE,PRICE:얼마,1
test_1599.jpg,test,PRICE,PRICE:얼마,1
test_1600.jpg,test,PRICE,PRICE:가격,1
test_1601.jpg,test,COMPOSITE,"SPELLING:이름.{0,3}(뭐|무엇);;OBJECT:무엇",2
test_1602.jpg,test,UNKNOWN,,0
test_1603.jpg,test,TIMEDATE,TIMEDATE:언제,1
test_1604.jpg,test,OBJECT,OBJECT:무엇,1
test_1605.jpg,test,OBJECT,OBJECT:무엇,1
test_1606.jpg,test,OBJECT,OBJECT:무엇,1
test_1607.jpg,test,OBJECT,OBJECT:무엇,1
test_1608.jpg,test,OBJECT,OBJECT:무엇,1
test_1609.jpg,test,PRICE,PRICE:얼마,1
test_1610.jpg,test,COMPOSITE,"SPELLING:이름.{0,3}(뭐|무엇);;OBJECT:무엇",2
test_1611.jpg,test,OBJECT,OBJECT:무엇,1
test_1612.jpg,test,PRICE,PRICE:얼마,1
test_1613.jpg,test,COMPOSITE,"SPELLING:이름.{0,3}(뭐|무엇);;OBJECT:무엇",2
test_1614.jpg,test,PRICE,PRICE:가격,1
test_1615.jpg,test,COMPOSITE,"SPELLING:이름.{0,3}(뭐|무엇);;OBJECT:무엇",2
test_1616.jpg,test,PRICE,PRICE:얼마,1
test_1617.jpg,test,PRICE,PRICE:가격,1
test_1618.jpg,test,COMPOSITE,"SPELLING:이름.{0,3}(뭐|무엇);;OBJECT:무엇",2
test_1619.jpg,test,COMPOSITE,NUMBER:번호;;OBJECT:무엇,2
test_1620.jpg,test,OBJECT,OBJECT:무엇,1
test_1621.jpg,test,PRICE,PRICE:얼마,1
test_1622.jpg,test,COMPOSITE,"SPELLING:이름.{0,3}(뭐|무엇);;OBJECT:무엇",2
test_1623.jpg,test,OBJECT,OBJECT:무엇,1
test_1624.jpg,test,OBJECT,OBJECT:무엇,1
test_1625.jpg,test,OBJECT,OBJECT:무엇,1
test_1626.jpg,test,OBJECT,OBJECT:무엇,1
test_1627.jpg,test,COMPOSITE,"SPELLING:이름.{0,3}(뭐|무엇);;OBJECT:무엇",2
test_1628.jpg,test,COMPOSITE,"SPELLING:이름.{0,3}(뭐|무엇);;OBJECT:무엇",2
test_1629.jpg,test,OBJECT,OBJECT:무엇,1
test_1630.jpg,test,COMPOSITE,OBJECT:무엇;;RELATION:왼쪽,2
test_1631.jpg,test,OBJECT,OBJECT:무엇,1
test_1632.jpg,test,COMPOSITE,"SPELLING:이름.{0,3}(뭐|무엇);;OBJECT:무엇",2
test_1633.jpg,test,COMPOSITE,NUMBER:번호;;OBJECT:무엇,2
test_1634.jpg,test,OBJECT,OBJECT:있(나요|습니까|어),1
test_1635.jpg,test,OBJECT,OBJECT:무엇,1
test_1636.jpg,test,COMPOSITE,"SPELLING:이름.{0,3}(뭐|무엇);;OBJECT:무엇",2
test_1637.jpg,test,OBJECT,OBJECT:무엇,1
test_1638.jpg,test,OBJECT,OBJECT:무엇,1
test_1639.jpg,test,OBJECT,OBJECT:무엇,1
test_1640.jpg,test,UNKNOWN,,0
test_1641.jpg,test,OBJECT,OBJECT:무엇,1
test_1642.jpg,test,COMPOSITE,"SPELLING:이름.{0,3}(뭐|무엇);;OBJECT:무엇",2
test_1643.jpg,test,OBJECT,OBJECT:있(나요|습니까|어),1
test_1644.jpg,test,OBJECT,OBJECT:무엇,1
test_1645.jpg,test,OBJECT,OBJECT:무엇,1
test_1646.jpg,test,OBJECT,OBJECT:무엇,1
test_1647.jpg,test,COMPOSITE,"SPELLING:이름.{0,3}(뭐|무엇);;OBJECT:무엇",2
test_1648.jpg,test,UNKNOWN,,0
test_1649.jpg,test,UNKNOWN,,0
test_1650.jpg,test,OBJECT,OBJECT:무엇,1
test_1651.jpg,test,OBJECT,OBJECT:무엇,1
test_1652.jpg,test,COMPOSITE,SPELLING:글자;;OBJECT:무엇,2
test_1653.jpg,test,COMPOSITE,SPELLING:글자;;OBJECT:무엇,2
test_1654.jpg,test,OBJECT,OBJECT:무엇,1
test_1655.jpg,test,OBJECT,OBJECT:무엇,1
test_1656.jpg,test,OBJECT,OBJECT:있(나요|습니까|어),1
test_1657.jpg,test,COMPOSITE,OBJECT:무엇;;RELATION:위에,2
test_1658.jpg,test,COMPOSITE,"SPELLING:이름.{0,3}(뭐|무엇);;OBJECT:무엇",2
test_1659.jpg,test,OBJECT,OBJECT:무엇,1
test_1660.jpg,test,OBJECT,OBJECT:무엇,1
test_1661.jpg,test,OBJECT,OBJECT:무엇,1
test_1662.jpg,test,COMPOSITE,"SPELLING:이름.{0,3}(뭐|무엇);;OBJECT:무엇",2
test_1663.jpg,test,OBJECT,OBJECT:무엇,1
test_1664.jpg,test,OBJECT,OBJECT:무엇,1
test_1665.jpg,test,COMPOSITE,"SPELLING:이름.{0,3}(뭐|무엇);;LOGO:브랜드;;OBJECT:무엇",3
test_1666.jpg,test,COMPOSITE,"SPELLING:이름.{0,3}(뭐|무엇);;OBJECT:무엇",2
test_1667.jpg,test,OBJECT,OBJECT:무엇,1
test_1668.jpg,test,OBJECT,OBJECT:무엇,1
test_1669.jpg,test,COMPOSITE,"SPELLING:이름.{0,3}(뭐|무엇);;OBJECT:무엇",2
test_1670.jpg,test,OBJECT,OBJECT:무엇,1
test_1671.jpg,test,NUMBER,NUMBER:몇\s*번,1
test_1672.jpg,test,OBJECT,OBJECT:무엇,1
test_1673.jpg,test,UNKNOWN,,0
test_1674.jpg,test,COMPOSITE,"SPELLING:이름.{0,3}(뭐|무엇);;OBJECT:무엇",2
test_1675.jpg,test,COMPOSITE,SPELLING:글자;;OBJECT:무엇,2
test_1676.jpg,test,TIMEDATE,TIMEDATE:언제,1
test_1677.jpg,test,COMPOSITE,"SPELLING:이름.{0,3}(뭐|무엇);;LOGO:브랜드;;OBJECT:무엇",3
test_1678.jpg,test,OBJECT,OBJECT:무엇,1
test_1679.jpg,test,OBJECT,OBJECT:무엇,1
test_1680.jpg,test,OBJECT,OBJECT:무엇,1
test_1681.jpg,test,TIMEDATE,TIMEDATE:언제,1
test_1682.jpg,test,PRICE,PRICE:가격,1
test_1683.jpg,test,OBJECT,OBJECT:무엇,1
test_1684.jpg,test,TIMEDATE,TIMEDATE:요일,1
test_1685.jpg,test,PRICE,PRICE:얼마,1
test_1686.jpg,test,COMPOSITE,SPELLING:글자;;OBJECT:무엇,2
test_1687.jpg,test,OBJECT,OBJECT:무엇,1
test_1688.jpg,test,PRICE,PRICE:가격,1
test_1689.jpg,test,OBJECT,OBJECT:무엇,1
test_1690.jpg,test,COMPOSITE,SPELLING:글자;;OBJECT:무엇;;RELATION:위에,3
test_1691.jpg,test,OBJECT,OBJECT:무엇,1
test_1692.jpg,test,OBJECT,OBJECT:무엇,1
test_1693.jpg,test,COMPOSITE,"SPELLING:이름.{0,3}(뭐|무엇);;OBJECT:무엇",2
test_1694.jpg,test,OBJECT,OBJECT:무엇,1
test_1695.jpg,test,UNKNOWN,,0
test_1696.jpg,test,RELATION,RELATION:보다,1
test_1697.jpg,test,COMPOSITE,"SPELLING:이름.{0,3}(뭐|무엇);;OBJECT:무엇",2
test_1698.jpg,test,TIMEDATE,TIMEDATE:언제,1
test_1699.jpg,test,OBJECT,OBJECT:무엇,1
test_1700.jpg,test,COMPOSITE,"SPELLING:이름.{0,3}(뭐|무엇);;OBJECT:무엇",2
test_1701.jpg,test,COMPOSITE,NUMBER:번호;;OBJECT:무엇;;RELATION:아래,3
test_1702.jpg,test,COMPOSITE,"SPELLING:이름.{0,3}(뭐|무엇);;OBJECT:무엇",2
test_1703.jpg,test,OBJECT,OBJECT:무엇,1
test_1704.jpg,test,OBJECT,OBJECT:무엇,1
test_1705.jpg,test,OBJECT,OBJECT:무엇,1
test_1706.jpg,test,OBJECT,OBJECT:무엇,1
test_1707.jpg,test,OBJECT,OBJECT:무엇,1
test_1708.jpg,test,COMPOSITE,NUMBER:번호;;OBJECT:무엇,2
test_1709.jpg,test,OBJECT,OBJECT:무엇,1
test_1710.jpg,test,COMPOSITE,NUMBER:번호;;OBJECT:무엇,2
test_1711.jpg,test,OBJECT,OBJECT:있(나요|습니까|어),1
test_1712.jpg,test,OBJECT,OBJECT:무엇,1
test_1713.jpg,test,COMPOSITE,"SPELLING:이름.{0,3}(뭐|무엇);;OBJECT:무엇",2
test_1714.jpg,test,COMPOSITE,"SPELLING:이름.{0,3}(뭐|무엇);;OBJECT:무엇",2
test_1715.jpg,test,OBJECT,OBJECT:무엇,1
test_1716.jpg,test,UNKNOWN,,0
test_1717.jpg,test,TIMEDATE,TIMEDATE:기간,1
test_1718.jpg,test,COMPOSITE,"SPELLING:이름.{0,3}(뭐|무엇);;OBJECT:무엇",2
test_1719.jpg,test,COMPOSITE,"SPELLING:이름.{0,3}(뭐|무엇);;OBJECT:무엇",2
test_1720.jpg,test,OBJECT,OBJECT:무엇,1
test_1721.jpg,test,OBJECT,OBJECT:무엇,1
test_1722.jpg,test,OBJECT,OBJECT:무엇,1
test_1723.jpg,test,OBJECT,OBJECT:무엇,1
test_1724.jpg,test,UNKNOWN,,0
test_1725.jpg,test,PRICE,PRICE:얼마,1
test_1726.jpg,test,OBJECT,OBJECT:무엇,1
test_1727.jpg,test,OBJECT,OBJECT:무엇,1
test_1728.jpg,test,COMPOSITE,PRICE:가격;;OBJECT:무엇,2
test_1729.jpg,test,COMPOSITE,"SPELLING:이름.{0,3}(뭐|무엇);;OBJECT:무엇",2
test_1730.jpg,test,COMPOSITE,LOGO:브랜드;;OBJECT:무엇,2
test_1731.jpg,test,COMPOSITE,NUMBER:번호;;OBJECT:무엇,2
test_1732.jpg,test,PRICE,PRICE:가격,1
test_1733.jpg,test,OBJECT,OBJECT:무엇,1
test_1734.jpg,test,OBJECT,OBJECT:무엇,1
test_1735.jpg,test,TIMEDATE,TIMEDATE:언제,1
test_1736.jpg,test,COMPOSITE,"SPELLING:이름.{0,3}(뭐|무엇);;OBJECT:무엇",2
test_1737.jpg,test,OBJECT,OBJECT:무엇,1
test_1738.jpg,test,OBJECT,OBJECT:무엇,1
test_1739.jpg,test,OBJECT,OBJECT:무엇,1
test_1740.jpg,test,COMPOSITE,"SPELLING:이름.{0,3}(뭐|무엇);;OBJECT:무엇",2
test_1741.jpg,test,COMPOSITE,"SPELLING:이름.{0,3}(뭐|무엇);;OBJECT:무엇",2
test_1742.jpg,test,COMPOSITE,"SPELLING:이름.{0,3}(뭐|무엇);;OBJECT:무엇",2
test_1743.jpg,test,OBJECT,OBJECT:무엇,1
test_1744.jpg,test,OBJECT,OBJECT:무엇,1
test_1745.jpg,test,OBJECT,OBJECT:무엇,1
test_1746.jpg,test,OBJECT,OBJECT:무엇,1
test_1747.jpg,test,OBJECT,OBJECT:무엇,1
test_1748.jpg,test,COMPOSITE,SPELLING:글자;;OBJECT:무엇,2
test_1749.jpg,test,TIMEDATE,TIMEDATE:언제,1
test_1750.jpg,test,OBJECT,OBJECT:무엇,1
test_1751.jpg,test,OBJECT,OBJECT:무엇,1
test_1752.jpg,test,UNKNOWN,,0
test_1753.jpg,test,OBJECT,OBJECT:무엇,1
test_1754.jpg,test,NUMBER,NUMBER:몇\s*명,1
test_1755.jpg,test,OBJECT,OBJECT:무엇,1
test_1756.jpg,test,COMPOSITE,NUMBER:번호;;OBJECT:무엇,2
test_1757.jpg,test,UNKNOWN,,0
test_1758.jpg,test,OBJECT,OBJECT:무엇,1
test_1759.jpg,test,OBJECT,OBJECT:무엇,1
test_1760.jpg,test,OBJECT,OBJECT:무엇,1
test_1761.jpg,test,OBJECT,OBJECT:무엇,1
test_1762.jpg,test,COMPOSITE,NUMBER:번호;;OBJECT:무엇,2
test_1763.jpg,test,OBJECT,OBJECT:무엇,1
test_1764.jpg,test,OBJECT,OBJECT:무엇,1
test_1765.jpg,test,COMPOSITE,"SPELLING:이름.{0,3}(뭐|무엇);;OBJECT:무엇",2
test_1766.jpg,test,OBJECT,OBJECT:무엇,1
test_1767.jpg,test,OBJECT,OBJECT:무엇,1
test_1768.jpg,test,COMPOSITE,"SPELLING:이름.{0,3}(뭐|무엇);;OBJECT:무엇",2
test_1769.jpg,test,PRICE,PRICE:가격,1
test_1770.jpg,test,OBJECT,OBJECT:무엇,1
test_1771.jpg,test,OBJECT,OBJECT:무엇,1
test_1772.jpg,test,OBJECT,OBJECT:무엇,1
test_1773.jpg,test,TIMEDATE,TIMEDATE:언제,1
test_1774.jpg,test,OBJECT,OBJECT:무엇,1
test_1775.jpg,test,COMPOSITE,"SPELLING:이름.{0,3}(뭐|무엇);;OBJECT:무엇",2
test_1776.jpg,test,OBJECT,OBJECT:무엇,1
test_1777.jpg,test,UNKNOWN,,0
test_1778.jpg,test,OBJECT,OBJECT:무엇,1
test_1779.jpg,test,OBJECT,OBJECT:무엇,1
test_1780.jpg,test,UNKNOWN,,0
test_1781.jpg,test,OBJECT,OBJECT:무엇,1
test_1782.jpg,test,OBJECT,OBJECT:무엇,1
test_1783.jpg,test,COMPOSITE,"SPELLING:이름.{0,3}(뭐|무엇);;OBJECT:무엇",2
test_1784.jpg,test,COMPOSITE,"SPELLING:이름.{0,3}(뭐|무엇);;OBJECT:무엇",2
test_1785.jpg,test,OBJECT,OBJECT:무엇,1
test_1786.jpg,test,COMPOSITE,"SPELLING:이름.{0,3}(뭐|무엇);;OBJECT:무엇",2
test_1787.jpg,test,COMPOSITE,SPELLING:글자;;OBJECT:무엇,2
test_1788.jpg,test,OBJECT,OBJECT:무엇,1
test_1789.jpg,test,OBJECT,OBJECT:무엇,1
test_1790.jpg,test,COMPOSITE,"SPELLING:이름.{0,3}(뭐|무엇);;OBJECT:무엇",2
test_1791.jpg,test,TIMEDATE,TIMEDATE:기간,1
test_1792.jpg,test,COMPOSITE,"SPELLING:이름.{0,3}(뭐|무엇);;OBJECT:무엇",2
test_1793.jpg,test,OBJECT,OBJECT:있(나요|습니까|어),1
test_1794.jpg,test,COMPOSITE,NUMBER:번호;;OBJECT:무엇,2
test_1795.jpg,test,UNKNOWN,,0
test_1796.jpg,test,COMPOSITE,"SPELLING:이름.{0,3}(뭐|무엇);;OBJECT:무엇",2
test_1797.jpg,test,PRICE,PRICE:얼마,1
test_1798.jpg,test,OBJECT,OBJECT:무엇,1
test_1799.jpg,test,TIMEDATE,TIMEDATE:언제,1
test_1800.jpg,test,COMPOSITE,LOGO:브랜드;;OBJECT:무엇,2
test_1801.jpg,test,COMPOSITE,SPELLING:글자;;OBJECT:무엇;;RELATION:아래,3
test_1802.jpg,test,OBJECT,OBJECT:무엇,1
test_1803.jpg,test,UNKNOWN,,0
test_1804.jpg,test,OBJECT,OBJECT:무엇,1
test_1805.jpg,test,COMPOSITE,"SPELLING:이름.{0,3}(뭐|무엇);;OBJECT:무엇",2
test_1806.jpg,test,PRICE,PRICE:얼마,1
test_1807.jpg,test,UNKNOWN,,0
test_1808.jpg,test,OBJECT,OBJECT:무엇,1
test_1809.jpg,test,COMPOSITE,"SPELLING:이름.{0,3}(뭐|무엇);;OBJECT:무엇",2
test_1810.jpg,test,OBJECT,OBJECT:무엇,1
test_1811.jpg,test,OBJECT,OBJECT:무엇,1
test_1812.jpg,test,OBJECT,OBJECT:무엇,1
test_1813.jpg,test,OBJECT,OBJECT:무엇,1
test_1814.jpg,test,UNKNOWN,,0
test_1815.jpg,test,OBJECT,OBJECT:무엇,1
test_1816.jpg,test,OBJECT,OBJECT:무엇,1
test_1817.jpg,test,PRICE,PRICE:가격,1
test_1818.jpg,test,COMPOSITE,OBJECT:무엇;;RELATION:왼쪽,2
test_1819.jpg,test,OBJECT,OBJECT:무엇,1
test_1820.jpg,test,COMPOSITE,"SPELLING:이름.{0,3}(뭐|무엇);;OBJECT:무엇;;RELATION:위에",3
test_1821.jpg,test,COMPOSITE,"SPELLING:이름.{0,3}(뭐|무엇);;OBJECT:무엇",2
test_1822.jpg,test,OBJECT,OBJECT:무엇,1
test_1823.jpg,test,COMPOSITE,"SPELLING:이름.{0,3}(뭐|무엇);;OBJECT:무엇",2
test_1824.jpg,test,OBJECT,OBJECT:무엇,1
test_1825.jpg,test,UNKNOWN,,0
test_1826.jpg,test,PRICE,PRICE:가격,1
test_1827.jpg,test,OBJECT,OBJECT:무엇,1
test_1828.jpg,test,OBJECT,OBJECT:무엇,1
test_1829.jpg,test,COMPOSITE,PRICE:얼마;;OBJECT:있(나요|습니까|어),2
test_1830.jpg,test,UNKNOWN,,0
test_1831.jpg,test,OBJECT,OBJECT:무엇,1
test_1832.jpg,test,COMPOSITE,NUMBER:몇\s*번;;TABLE:항목,2
test_1833.jpg,test,COMPOSITE,"SPELLING:이름.{0,3}(뭐|무엇);;LOGO:브랜드;;OBJECT:무엇",3
test_1834.jpg,test,UNKNOWN,,0
test_1835.jpg,test,TIMEDATE,TIMEDATE:언제,1
test_1836.jpg,test,COMPOSITE,"SPELLING:이름.{0,3}(뭐|무엇);;OBJECT:무엇",2
test_1837.jpg,test,UNKNOWN,,0
test_1838.jpg,test,COMPOSITE,"SPELLING:이름.{0,3}(뭐|무엇);;OBJECT:무엇",2
test_1839.jpg,test,OBJECT,OBJECT:무엇,1
test_1840.jpg,test,COMPOSITE,"SPELLING:이름.{0,3}(뭐|무엇);;LOGO:브랜드;;OBJECT:무엇",3
test_1841.jpg,test,OBJECT,OBJECT:무엇,1
test_1842.jpg,test,OBJECT,OBJECT:무엇,1
test_1843.jpg,test,TIMEDATE,TIMEDATE:영업\s*시간,1
test_1844.jpg,test,OBJECT,OBJECT:무엇,1
test_1845.jpg,test,OBJECT,OBJECT:무엇,1
test_1846.jpg,test,COMPOSITE,OBJECT:무엇;;RELATION:오른쪽,2
test_1847.jpg,test,COMPOSITE,"SPELLING:이름.{0,3}(뭐|무엇);;OBJECT:무엇",2
test_1848.jpg,test,OBJECT,OBJECT:무엇,1
test_1849.jpg,test,TIMEDATE,TIMEDATE:영업\s*시간,1
test_1850.jpg,test,UNKNOWN,,0
test_1851.jpg,test,OBJECT,OBJECT:무엇,1
test_1852.jpg,test,COMPOSITE,"SPELLING:이름.{0,3}(뭐|무엇);;OBJECT:무엇",2
test_1853.jpg,test,COMPOSITE,"SPELLING:이름.{0,3}(뭐|무엇);;OBJECT:무엇",2
test_1854.jpg,test,COMPOSITE,NUMBER:번호;;OBJECT:무엇,2
test_1855.jpg,test,OBJECT,OBJECT:무엇,1
test_1856.jpg,test,OBJECT,OBJECT:무엇,1
test_1857.jpg,test,TIMEDATE,TIMEDATE:언제,1
test_1858.jpg,test,UNKNOWN,,0
test_1859.jpg,test,TIMEDATE,TIMEDATE:언제,1
test_1860.jpg,test,COMPOSITE,OBJECT:무엇;;RELATION:왼쪽,2
test_1861.jpg,test,COMPOSITE,NUMBER:번호;;OBJECT:무엇,2
test_1862.jpg,test,UNKNOWN,,0
test_1863.jpg,test,UNKNOWN,,0
test_1864.jpg,test,OBJECT,OBJECT:무엇,1
test_1865.jpg,test,COMPOSITE,"SPELLING:이름.{0,3}(뭐|무엇);;OBJECT:무엇",2
test_1866.jpg,test,PRICE,PRICE:가격,1
test_1867.jpg,test,OBJECT,OBJECT:무엇,1
test_1868.jpg,test,COMPOSITE,"SPELLING:이름.{0,3}(뭐|무엇);;LOGO:브랜드;;OBJECT:무엇",3
test_1869.jpg,test,PRICE,PRICE:가격,1
test_1870.jpg,test,COMPOSITE,PRICE:가격;;OBJECT:무엇,2
test_1871.jpg,test,OBJECT,OBJECT:무엇,1
test_1872.jpg,test,OBJECT,OBJECT:있(나요|습니까|어),1
test_1873.jpg,test,COMPOSITE,"SPELLING:이름.{0,3}(뭐|무엇);;OBJECT:무엇",2
test_1874.jpg,test,COMPOSITE,"SPELLING:이름.{0,3}(뭐|무엇);;OBJECT:무엇",2
test_1875.jpg,test,COMPOSITE,NUMBER:번호;;OBJECT:무엇,2
test_1876.jpg,test,PRICE,PRICE:가격,1
test_1877.jpg,test,OBJECT,OBJECT:무엇,1
test_1878.jpg,test,COMPOSITE,"SPELLING:이름.{0,3}(뭐|무엇);;OBJECT:무엇",2
test_1879.jpg,test,COMPOSITE,LOGO:브랜드;;OBJECT:무엇,2
test_1880.jpg,test,UNKNOWN,,0
test_1881.jpg,test,COMPOSITE,SPELLING:글자;;OBJECT:무엇,2
test_1882.jpg,test,COMPOSITE,"SPELLING:이름.{0,3}(뭐|무엇);;OBJECT:무엇",2
test_1883.jpg,test,OBJECT,OBJECT:무엇,1
test_1884.jpg,test,COMPOSITE,NUMBER:번호;;OBJECT:무엇,2
test_1885.jpg,test,OBJECT,OBJECT:있(나요|습니까|어),1
test_1886.jpg,test,PRICE,PRICE:얼마,1
test_1887.jpg,test,PRICE,PRICE:얼마,1
test_1888.jpg,test,OBJECT,OBJECT:무엇,1
test_1889.jpg,test,OBJECT,OBJECT:무엇,1
test_1890.jpg,test,COMPOSITE,"SPELLING:이름.{0,3}(뭐|무엇);;OBJECT:무엇",2
test_1891.jpg,test,COMPOSITE,"SPELLING:이름.{0,3}(뭐|무엇);;OBJECT:무엇",2
test_1892.jpg,test,OBJECT,OBJECT:무엇,1
test_1893.jpg,test,OBJECT,OBJECT:무엇,1
test_1894.jpg,test,OBJECT,OBJECT:무엇,1
test_1895.jpg,test,OBJECT,OBJECT:무엇,1
test_1896.jpg,test,UNKNOWN,,0
test_1897.jpg,test,COMPOSITE,"SPELLING:이름.{0,3}(뭐|무엇);;OBJECT:무엇",2
test_1898.jpg,test,PRICE,PRICE:얼마,1
test_1899.jpg,test,OBJECT,OBJECT:무엇,1
test_1900.jpg,test,OBJECT,OBJECT:무엇,1
test_1901.jpg,test,COMPOSITE,NUMBER:번호;;OBJECT:무엇,2
test_1902.jpg,test,OBJECT,OBJECT:무엇,1
test_1903.jpg,test,OBJECT,OBJECT:있(나요|습니까|어),1
test_1904.jpg,test,COMPOSITE,NUMBER:몇\s*개;;OBJECT:있(나요|습니까|어),2
test_1905.jpg,test,OBJECT,OBJECT:무엇,1
test_1906.jpg,test,OBJECT,OBJECT:무엇,1
test_1907.jpg,test,OBJECT,OBJECT:무엇,1
test_1908.jpg,test,OBJECT,OBJECT:무엇,1
test_1909.jpg,test,COMPOSITE,"SPELLING:이름.{0,3}(뭐|무엇);;LOGO:브랜드;;OBJECT:무엇",3
test_1910.jpg,test,OBJECT,OBJECT:무엇,1
test_1911.jpg,test,COMPOSITE,NUMBER:번호;;OBJECT:무엇,2
test_1912.jpg,test,OBJECT,OBJECT:무엇,1
test_1913.jpg,test,PRICE,PRICE:가격,1
test_1914.jpg,test,COMPOSITE,OBJECT:무엇;;RELATION:아래,2
test_1915.jpg,test,COMPOSITE,NUMBER:번호;;OBJECT:무엇,2
test_1916.jpg,test,COMPOSITE,OBJECT:무엇;;RELATION:아래,2
test_1917.jpg,test,OBJECT,OBJECT:무엇,1
test_1918.jpg,test,UNKNOWN,,0
test_1919.jpg,test,OBJECT,OBJECT:무엇,1
test_1920.jpg,test,OBJECT,OBJECT:무엇,1
test_1921.jpg,test,OBJECT,OBJECT:있(나요|습니까|어),1
test_1922.jpg,test,COMPOSITE,LOGO:로고;;OBJECT:무엇,2
test_1923.jpg,test,PRICE,PRICE:가격,1
test_1924.jpg,test,TIMEDATE,TIMEDATE:언제,1
test_1925.jpg,test,PRICE,PRICE:가격,1
test_1926.jpg,test,COMPOSITE,"SPELLING:이름.{0,3}(뭐|무엇);;OBJECT:무엇",2
test_1927.jpg,test,OBJECT,OBJECT:무엇,1
test_1928.jpg,test,OBJECT,OBJECT:무엇,1
test_1929.jpg,test,OBJECT,OBJECT:무엇,1
test_1930.jpg,test,OBJECT,OBJECT:있(나요|습니까|어),1
test_1931.jpg,test,OBJECT,OBJECT:무엇,1
test_1932.jpg,test,OBJECT,OBJECT:무엇,1
test_1933.jpg,test,COMPOSITE,"SPELLING:이름.{0,3}(뭐|무엇);;OBJECT:무엇",2
test_1934.jpg,test,OBJECT,OBJECT:무엇,1
test_1935.jpg,test,COMPOSITE,OBJECT:무엇;;RELATION:위에,2
test_1936.jpg,test,PRICE,PRICE:가격,1
test_1937.jpg,test,COMPOSITE,OBJECT:무엇;;RELATION:순서,2
test_1938.jpg,test,OBJECT,OBJECT:무엇,1
test_1939.jpg,test,OBJECT,OBJECT:무엇,1
test_1940.jpg,test,OBJECT,OBJECT:무엇,1
test_1941.jpg,test,OBJECT,OBJECT:무엇,1
test_1942.jpg,test,OBJECT,OBJECT:있(나요|습니까|어),1
test_1943.jpg,test,COMPOSITE,SPELLING:글자;;OBJECT:무엇,2
test_1944.jpg,test,OBJECT,OBJECT:있(나요|습니까|어),1
test_1945.jpg,test,PRICE,PRICE:가격,1
test_1946.jpg,test,PRICE,PRICE:가격,1
test_1947.jpg,test,OBJECT,OBJECT:무엇,1
test_1948.jpg,test,COMPOSITE,"SPELLING:이름.{0,3}(뭐|무엇);;OBJECT:무엇",2
test_1949.jpg,test,OBJECT,OBJECT:무엇,1
test_1950.jpg,test,OBJECT,OBJECT:무엇,1
test_1951.jpg,test,PRICE,PRICE:얼마,1
test_1952.jpg,test,COMPOSITE,"SPELLING:이름.{0,3}(뭐|무엇);;OBJECT:무엇",2
test_1953.jpg,test,OBJECT,OBJECT:무엇,1
test_1954.jpg,test,COMPOSITE,"SPELLING:이름.{0,3}(뭐|무엇);;OBJECT:무엇",2
test_1955.jpg,test,COMPOSITE,"SPELLING:이름.{0,3}(뭐|무엇);;OBJECT:무엇",2
test_1956.jpg,test,COMPOSITE,SPELLING:글자;;OBJECT:무엇,2
test_1957.jpg,test,COMPOSITE,NUMBER:번호;;OBJECT:무엇,2
test_1958.jpg,test,OBJECT,OBJECT:무엇,1
test_1959.jpg,test,UNKNOWN,,0
test_1960.jpg,test,OBJECT,OBJECT:무엇,1
test_1961.jpg,test,PRICE,PRICE:가격,1
test_1962.jpg,test,COMPOSITE,TABLE:항목;;OBJECT:무엇,2
test_1963.jpg,test,OBJECT,OBJECT:무엇,1
test_1964.jpg,test,OBJECT,OBJECT:무엇,1
test_1965.jpg,test,COMPOSITE,"SPELLING:이름.{0,3}(뭐|무엇);;OBJECT:무엇",2
test_1966.jpg,test,OBJECT,OBJECT:무엇,1
test_1967.jpg,test,OBJECT,OBJECT:무엇,1
test_1968.jpg,test,OBJECT,OBJECT:무엇,1
test_1969.jpg,test,COMPOSITE,NUMBER:번호;;OBJECT:무엇,2
test_1970.jpg,test,COMPOSITE,"SPELLING:이름.{0,3}(뭐|무엇);;OBJECT:무엇",2
test_1971.jpg,test,OBJECT,OBJECT:무엇,1
test_1972.jpg,test,OBJECT,OBJECT:있(나요|습니까|어),1
test_1973.jpg,test,COMPOSITE,"SPELLING:이름.{0,3}(뭐|무엇);;OBJECT:무엇",2
test_1974.jpg,test,OBJECT,OBJECT:무엇,1
test_1975.jpg,test,OBJECT,OBJECT:무엇,1
test_1976.jpg,test,OBJECT,OBJECT:무엇,1
test_1977.jpg,test,OBJECT,OBJECT:무엇,1
test_1978.jpg,test,UNKNOWN,,0
test_1979.jpg,test,UNKNOWN,,0
test_1980.jpg,test,PRICE,PRICE:가격,1
test_1981.jpg,test,TIMEDATE,TIMEDATE:언제,1
test_1982.jpg,test,PRICE,PRICE:가격,1
test_1983.jpg,test,COMPOSITE,OBJECT:무엇;;RELATION:위에,2
test_1984.jpg,test,PRICE,PRICE:가격,1
test_1985.jpg,test,COMPOSITE,"SPELLING:이름.{0,3}(뭐|무엇);;OBJECT:무엇",2
test_1986.jpg,test,OBJECT,OBJECT:무엇,1
test_1987.jpg,test,RELATION,RELATION:옆에,1
test_1988.jpg,test,COMPOSITE,"SPELLING:이름.{0,3}(뭐|무엇);;OBJECT:무엇",2
test_1989.jpg,test,COMPOSITE,"SPELLING:이름.{0,3}(뭐|무엇);;OBJECT:무엇",2
test_1990.jpg,test,OBJECT,OBJECT:무엇,1
test_1991.jpg,test,COMPOSITE,"SPELLING:이름.{0,3}(뭐|무엇);;OBJECT:무엇",2
test_1992.jpg,test,OBJECT,OBJECT:무엇,1
test_1993.jpg,test,COMPOSITE,"SPELLING:이름.{0,3}(뭐|무엇);;LOGO:브랜드;;OBJECT:무엇",3
test_1994.jpg,test,UNKNOWN,,0
test_1995.jpg,test,OBJECT,OBJECT:무엇,1
test_1996.jpg,test,OBJECT,OBJECT:무엇,1
test_1997.jpg,test,OBJECT,OBJECT:무엇,1
test_1998.jpg,test,COMPOSITE,"SPELLING:이름.{0,3}(뭐|무엇);;OBJECT:무엇",2
test_1999.jpg,test,COMPOSITE,"SPELLING:이름.{0,3}(뭐|무엇);;LOGO:브랜드;;OBJECT:무엇",3
test_2000.jpg,test,UNKNOWN,,0
test_2001.jpg,test,OBJECT,OBJECT:무엇,1
test_2002.jpg,test,OBJECT,OBJECT:무엇,1
test_2003.jpg,test,COMPOSITE,NUMBER:번호;;OBJECT:무엇,2
test_2004.jpg,test,TIMEDATE,TIMEDATE:언제,1
test_2005.jpg,test,OBJECT,OBJECT:무엇,1
test_2006.jpg,test,COMPOSITE,NUMBER:번호;;OBJECT:무엇,2
test_2007.jpg,test,OBJECT,OBJECT:무엇,1
test_2008.jpg,test,COMPOSITE,NUMBER:번호;;OBJECT:무엇,2
test_2009.jpg,test,PRICE,PRICE:가격,1
test_2010.jpg,test,OBJECT,OBJECT:무엇,1
test_2011.jpg,test,TIMEDATE,TIMEDATE:영업\s*시간,1
test_2012.jpg,test,OBJECT,OBJECT:무엇,1
test_2013.jpg,test,COMPOSITE,PRICE:가격;;OBJECT:무엇,2
test_2014.jpg,test,COMPOSITE,"SPELLING:이름.{0,3}(뭐|무엇);;OBJECT:무엇",2
test_2015.jpg,test,TIMEDATE,TIMEDATE:언제,1
test_2016.jpg,test,COMPOSITE,"SPELLING:이름.{0,3}(뭐|무엇);;OBJECT:무엇",2
test_2017.jpg,test,COMPOSITE,NUMBER:번호;;OBJECT:무엇,2
test_2018.jpg,test,OBJECT,OBJECT:무엇,1
test_2019.jpg,test,OBJECT,OBJECT:무엇,1
test_2020.jpg,test,OBJECT,OBJECT:무엇,1
test_2021.jpg,test,UNKNOWN,,0
test_2022.jpg,test,COMPOSITE,"SPELLING:이름.{0,3}(뭐|무엇);;OBJECT:무엇",2
test_2023.jpg,test,OBJECT,OBJECT:있(나요|습니까|어),1
test_2024.jpg,test,OBJECT,OBJECT:무엇,1
test_2025.jpg,test,OBJECT,OBJECT:무엇,1
test_2026.jpg,test,OBJECT,OBJECT:무엇,1
test_2027.jpg,test,PRICE,PRICE:가격,1
test_2028.jpg,test,OBJECT,OBJECT:무엇,1
test_2029.jpg,test,OBJECT,OBJECT:무엇,1
test_2030.jpg,test,PRICE,PRICE:얼마,1
test_2031.jpg,test,COMPOSITE,"SPELLING:이름.{0,3}(뭐|무엇);;OBJECT:무엇",2
test_2032.jpg,test,PRICE,PRICE:가격,1
test_2033.jpg,test,COMPOSITE,NUMBER:번호;;OBJECT:무엇,2
test_2034.jpg,test,OBJECT,OBJECT:무엇,1
test_2035.jpg,test,OBJECT,OBJECT:있(나요|습니까|어),1
test_2036.jpg,test,COMPOSITE,TABLE:항목;;OBJECT:무엇;;RELATION:왼쪽,3
test_2037.jpg,test,OBJECT,OBJECT:무엇,1
test_2038.jpg,test,OBJECT,OBJECT:무엇,1
test_2039.jpg,test,COMPOSITE,"SPELLING:이름.{0,3}(뭐|무엇);;OBJECT:무엇",2
test_2040.jpg,test,OBJECT,OBJECT:무엇,1
test_2041.jpg,test,OBJECT,OBJECT:무엇,1
test_2042.jpg,test,COMPOSITE,"SPELLING:이름.{0,3}(뭐|무엇);;OBJECT:무엇",2
test_2043.jpg,test,OBJECT,OBJECT:무엇,1
test_2044.jpg,test,COMPOSITE,"SPELLING:이름.{0,3}(뭐|무엇);;OBJECT:무엇",2
test_2045.jpg,test,OBJECT,OBJECT:무엇,1
test_2046.jpg,test,COMPOSITE,"SPELLING:이름.{0,3}(뭐|무엇);;OBJECT:무엇",2
test_2047.jpg,test,OBJECT,OBJECT:있(나요|습니까|어),1
test_2048.jpg,test,OBJECT,OBJECT:무엇,1
test_2049.jpg,test,COMPOSITE,"SPELLING:이름.{0,3}(뭐|무엇);;OBJECT:무엇",2
test_2050.jpg,test,OBJECT,OBJECT:무엇,1
test_2051.jpg,test,COMPOSITE,OBJECT:무엇;;RELATION:왼쪽,2
test_2052.jpg,test,OBJECT,OBJECT:무엇,1
test_2053.jpg,test,PRICE,PRICE:얼마,1
test_2054.jpg,test,OBJECT,OBJECT:있(나요|습니까|어),1
test_2055.jpg,test,COMPOSITE,SPELLING:글자;;OBJECT:무엇,2
test_2056.jpg,test,COMPOSITE,"SPELLING:이름.{0,3}(뭐|무엇);;OBJECT:무엇",2
test_2057.jpg,test,UNKNOWN,,0
test_2058.jpg,test,OBJECT,OBJECT:무엇,1
test_2059.jpg,test,OBJECT,OBJECT:무엇,1
test_2060.jpg,test,COMPOSITE,NUMBER:번호;;OBJECT:무엇,2
test_2061.jpg,test,COMPOSITE,"SPELLING:이름.{0,3}(뭐|무엇);;OBJECT:무엇",2
test_2062.jpg,test,OBJECT,OBJECT:무엇,1
test_2063.jpg,test,OBJECT,OBJECT:무엇,1
test_2064.jpg,test,OBJECT,OBJECT:무엇,1
test_2065.jpg,test,PRICE,PRICE:얼마,1
test_2066.jpg,test,COMPOSITE,PRICE:가격;;OBJECT:무엇,2
test_2067.jpg,test,COMPOSITE,NUMBER:번호;;OBJECT:무엇,2
test_2068.jpg,test,COMPOSITE,SPELLING:글자;;OBJECT:무엇,2
test_2069.jpg,test,OBJECT,OBJECT:무엇,1
test_2070.jpg,test,OBJECT,OBJECT:무엇,1
test_2071.jpg,test,OBJECT,OBJECT:무엇,1
test_2072.jpg,test,UNKNOWN,,0
test_2073.jpg,test,OBJECT,OBJECT:무엇,1
test_2074.jpg,test,TIMEDATE,TIMEDATE:언제,1
test_2075.jpg,test,OBJECT,OBJECT:무엇,1
test_2076.jpg,test,OBJECT,OBJECT:무엇,1
test_2077.jpg,test,COMPOSITE,NUMBER:번호;;OBJECT:무엇,2
test_2078.jpg,test,UNKNOWN,,0
test_2079.jpg,test,COMPOSITE,"SPELLING:이름.{0,3}(뭐|무엇);;OBJECT:무엇",2
test_2080.jpg,test,COMPOSITE,"SPELLING:이름.{0,3}(뭐|무엇);;OBJECT:무엇",2
test_2081.jpg,test,COMPOSITE,OBJECT:무엇;;RELATION:오른쪽,2
test_2082.jpg,test,COMPOSITE,NUMBER:번호;;OBJECT:무엇,2
test_2083.jpg,test,COMPOSITE,SPELLING:글자;;OBJECT:무엇,2
test_2084.jpg,test,COMPOSITE,"SPELLING:이름.{0,3}(뭐|무엇);;OBJECT:무엇",2
test_2085.jpg,test,UNKNOWN,,0
test_2086.jpg,test,PRICE,PRICE:가격,1
test_2087.jpg,test,COMPOSITE,OBJECT:무엇;;RELATION:옆에,2
test_2088.jpg,test,COMPOSITE,SPELLING:글자;;OBJECT:무엇,2
test_2089.jpg,test,COMPOSITE,"SPELLING:이름.{0,3}(뭐|무엇);;OBJECT:무엇",2
test_2090.jpg,test,COMPOSITE,"SPELLING:이름.{0,3}(뭐|무엇);;OBJECT:무엇",2
test_2091.jpg,test,OBJECT,OBJECT:무엇,1
test_2092.jpg,test,COMPOSITE,"SPELLING:이름.{0,3}(뭐|무엇);;LOGO:브랜드;;OBJECT:무엇",3
test_2093.jpg,test,COMPOSITE,LOGO:브랜드;;OBJECT:무엇,2
test_2094.jpg,test,OBJECT,OBJECT:무엇,1
test_2095.jpg,test,COMPOSITE,OBJECT:무엇;;RELATION:아래,2
test_2096.jpg,test,OBJECT,OBJECT:무엇,1
test_2097.jpg,test,OBJECT,OBJECT:무엇,1
test_2098.jpg,test,COMPOSITE,"SPELLING:이름.{0,3}(뭐|무엇);;OBJECT:무엇",2
test_2099.jpg,test,OBJECT,OBJECT:무엇,1
test_2100.jpg,test,OBJECT,OBJECT:무엇,1
test_2101.jpg,test,OBJECT,OBJECT:무엇,1
test_2102.jpg,test,COMPOSITE,NUMBER:번호;;OBJECT:무엇,2
test_2103.jpg,test,PRICE,PRICE:가격,1
test_2104.jpg,test,COMPOSITE,"SPELLING:이름.{0,3}(뭐|무엇);;LOGO:브랜드;;OBJECT:무엇",3
test_2105.jpg,test,COMPOSITE,PRICE:가격;;OBJECT:무엇,2
test_2106.jpg,test,OBJECT,OBJECT:무엇,1
test_2107.jpg,test,OBJECT,OBJECT:있(나요|습니까|어),1
test_2108.jpg,test,COMPOSITE,OBJECT:무엇;;RELATION:위에,2
test_2109.jpg,test,COMPOSITE,"SPELLING:이름.{0,3}(뭐|무엇);;OBJECT:무엇",2
test_2110.jpg,test,OBJECT,OBJECT:무엇,1
test_2111.jpg,test,OBJECT,OBJECT:무엇,1
test_2112.jpg,test,NUMBER,NUMBER:몇\s*개,1
test_2113.jpg,test,COMPOSITE,"SPELLING:이름.{0,3}(뭐|무엇);;OBJECT:무엇",2
test_2114.jpg,test,OBJECT,OBJECT:무엇,1
test_2115.jpg,test,OBJECT,OBJECT:무엇,1
test_2116.jpg,test,OBJECT,OBJECT:무엇,1
test_2117.jpg,test,OBJECT,OBJECT:무엇,1
test_2118.jpg,test,COMPOSITE,NUMBER:번호;;OBJECT:무엇,2
test_2119.jpg,test,OBJECT,OBJECT:있(나요|습니까|어),1
test_2120.jpg,test,COMPOSITE,LOGO:브랜드;;OBJECT:무엇,2
test_2121.jpg,test,OBJECT,OBJECT:무엇,1
test_2122.jpg,test,COMPOSITE,OBJECT:무엇;;RELATION:위에,2
test_2123.jpg,test,PRICE,PRICE:가격,1
test_2124.jpg,test,TIMEDATE,TIMEDATE:몇\s*시,1
test_2125.jpg,test,TIMEDATE,TIMEDATE:기간,1
test_2126.jpg,test,COMPOSITE,NUMBER:번호;;OBJECT:무엇,2
test_2127.jpg,test,COMPOSITE,"SPELLING:이름.{0,3}(뭐|무엇);;LOGO:브랜드;;OBJECT:무엇",3
test_2128.jpg,test,COMPOSITE,OBJECT:무엇;;RELATION:오른쪽,2
test_2129.jpg,test,OBJECT,OBJECT:무엇,1
test_2130.jpg,test,RELATION,RELATION:순서,1
test_2131.jpg,test,OBJECT,OBJECT:무엇,1
test_2132.jpg,test,UNKNOWN,,0
test_2133.jpg,test,COMPOSITE,"SPELLING:이름.{0,3}(뭐|무엇);;OBJECT:무엇",2
test_2134.jpg,test,OBJECT,OBJECT:무엇,1
test_2135.jpg,test,COMPOSITE,"SPELLING:이름.{0,3}(뭐|무엇);;LOGO:브랜드;;OBJECT:무엇",3
test_2136.jpg,test,OBJECT,OBJECT:무엇,1
test_2137.jpg,test,OBJECT,OBJECT:무엇,1
test_2138.jpg,test,UNKNOWN,,0
test_2139.jpg,test,COMPOSITE,OBJECT:무엇;;RELATION:옆에,2
test_2140.jpg,test,COMPOSITE,"SPELLING:이름.{0,3}(뭐|무엇);;OBJECT:무엇",2
test_2141.jpg,test,OBJECT,OBJECT:무엇,1
test_2142.jpg,test,PRICE,PRICE:얼마,1
test_2143.jpg,test,OBJECT,OBJECT:무엇,1
test_2144.jpg,test,PRICE,PRICE:가격,1
test_2145.jpg,test,PRICE,PRICE:가격,1
test_2146.jpg,test,OBJECT,OBJECT:무엇,1
test_2147.jpg,test,OBJECT,OBJECT:무엇,1
test_2148.jpg,test,COMPOSITE,"SPELLING:이름.{0,3}(뭐|무엇);;OBJECT:무엇",2
test_2149.jpg,test,COMPOSITE,LOGO:브랜드;;OBJECT:무엇,2
test_2150.jpg,test,OBJECT,OBJECT:무엇,1
test_2151.jpg,test,COMPOSITE,NUMBER:번호;;OBJECT:있(나요|습니까|어),2
test_2152.jpg,test,PRICE,PRICE:가격,1
test_2153.jpg,test,OBJECT,OBJECT:무엇,1
test_2154.jpg,test,OBJECT,OBJECT:무엇,1
test_2155.jpg,test,COMPOSITE,"SPELLING:이름.{0,3}(뭐|무엇);;OBJECT:무엇",2
test_2156.jpg,test,COMPOSITE,"SPELLING:이름.{0,3}(뭐|무엇);;OBJECT:무엇",2
test_2157.jpg,test,OBJECT,OBJECT:있(나요|습니까|어),1
test_2158.jpg,test,UNKNOWN,,0
test_2159.jpg,test,COMPOSITE,NUMBER:번호;;OBJECT:무엇,2
test_2160.jpg,test,OBJECT,OBJECT:무엇,1
test_2161.jpg,test,OBJECT,OBJECT:무엇,1
test_2162.jpg,test,PRICE,PRICE:가격,1
test_2163.jpg,test,OBJECT,OBJECT:무엇,1
test_2164.jpg,test,COMPOSITE,"SPELLING:이름.{0,3}(뭐|무엇);;OBJECT:무엇",2
test_2165.jpg,test,OBJECT,OBJECT:무엇,1
test_2166.jpg,test,PRICE,PRICE:얼마,1
test_2167.jpg,test,OBJECT,OBJECT:있(나요|습니까|어),1
test_2168.jpg,test,PRICE,PRICE:얼마,1
test_2169.jpg,test,UNKNOWN,,0
test_2170.jpg,test,COMPOSITE,"SPELLING:이름.{0,3}(뭐|무엇);;OBJECT:무엇",2
test_2171.jpg,test,OBJECT,OBJECT:무엇,1
test_2172.jpg,test,PRICE,PRICE:가격,1
test_2173.jpg,test,PRICE,PRICE:얼마,1
test_2174.jpg,test,COMPOSITE,OBJECT:무엇;;RELATION:왼쪽,2
test_2175.jpg,test,PRICE,PRICE:가격,1
test_2176.jpg,test,OBJECT,OBJECT:무엇,1
test_2177.jpg,test,OBJECT,OBJECT:있(나요|습니까|어),1
test_2178.jpg,test,COMPOSITE,OBJECT:무엇;;RELATION:옆에,2
test_2179.jpg,test,OBJECT,OBJECT:무엇,1
test_2180.jpg,test,OBJECT,OBJECT:무엇,1
test_2181.jpg,test,OBJECT,OBJECT:있(나요|습니까|어),1
test_2182.jpg,test,OBJECT,OBJECT:무엇,1
test_2183.jpg,test,COMPOSITE,"SPELLING:이름.{0,3}(뭐|무엇);;OBJECT:무엇",2
test_2184.jpg,test,UNKNOWN,,0
test_2185.jpg,test,PRICE,PRICE:얼마,1
test_2186.jpg,test,TIMEDATE,TIMEDATE:기간,1
test_2187.jpg,test,UNKNOWN,,0
test_2188.jpg,test,COMPOSITE,"SPELLING:이름.{0,3}(뭐|무엇);;OBJECT:무엇",2
test_2189.jpg,test,PRICE,PRICE:가격,1
test_2190.jpg,test,COMPOSITE,"SPELLING:이름.{0,3}(뭐|무엇);;OBJECT:무엇",2
test_2191.jpg,test,UNKNOWN,,0
test_2192.jpg,test,UNKNOWN,,0
test_2193.jpg,test,OBJECT,OBJECT:무엇,1
test_2194.jpg,test,COMPOSITE,"SPELLING:이름.{0,3}(뭐|무엇);;OBJECT:무엇",2
test_2195.jpg,test,COMPOSITE,SPELLING:글자;;OBJECT:무엇,2
test_2196.jpg,test,TIMEDATE,TIMEDATE:영업\s*시간,1
test_2197.jpg,test,TIMEDATE,TIMEDATE:언제,1
test_2198.jpg,test,OBJECT,OBJECT:무엇,1
test_2199.jpg,test,PRICE,PRICE:얼마,1
test_2200.jpg,test,OBJECT,OBJECT:무엇,1
test_2201.jpg,test,OBJECT,OBJECT:무엇,1
test_2202.jpg,test,OBJECT,OBJECT:무엇,1
test_2203.jpg,test,UNKNOWN,,0
test_2204.jpg,test,OBJECT,OBJECT:무엇,1
test_2205.jpg,test,UNKNOWN,,0
test_2206.jpg,test,OBJECT,OBJECT:무엇,1
test_2207.jpg,test,OBJECT,OBJECT:있(나요|습니까|어),1
test_2208.jpg,test,OBJECT,OBJECT:무엇,1
test_2209.jpg,test,OBJECT,OBJECT:무엇,1
test_2210.jpg,test,COMPOSITE,"SPELLING:이름.{0,3}(뭐|무엇);;OBJECT:무엇",2
test_2211.jpg,test,OBJECT,OBJECT:무엇,1
test_2212.jpg,test,COMPOSITE,"SPELLING:이름.{0,3}(뭐|무엇);;OBJECT:무엇",2
test_2213.jpg,test,COMPOSITE,TIMEDATE:요일;;OBJECT:무엇,2
test_2214.jpg,test,OBJECT,OBJECT:무엇,1
test_2215.jpg,test,COMPOSITE,PRICE:가격;;LOGO:브랜드,2
test_2216.jpg,test,COMPOSITE,NUMBER:번호;;OBJECT:무엇,2
test_2217.jpg,test,OBJECT,OBJECT:무엇,1
test_2218.jpg,test,OBJECT,OBJECT:있(나요|습니까|어),1
test_2219.jpg,test,OBJECT,OBJECT:무엇,1
test_2220.jpg,test,UNKNOWN,,0
test_2221.jpg,test,COMPOSITE,"SPELLING:이름.{0,3}(뭐|무엇);;OBJECT:무엇",2
test_2222.jpg,test,COMPOSITE,TABLE:항목;;OBJECT:무엇,2
test_2223.jpg,test,OBJECT,OBJECT:무엇,1
test_2224.jpg,test,COMPOSITE,NUMBER:번호;;OBJECT:무엇,2
test_2225.jpg,test,OBJECT,OBJECT:무엇,1
test_2226.jpg,test,COMPOSITE,NUMBER:번호;;OBJECT:무엇,2
test_2227.jpg,test,OBJECT,OBJECT:무엇,1
test_2228.jpg,test,OBJECT,OBJECT:무엇,1
test_2229.jpg,test,OBJECT,OBJECT:무엇,1
test_2230.jpg,test,UNKNOWN,,0
test_2231.jpg,test,PRICE,PRICE:가격,1
test_2232.jpg,test,PRICE,PRICE:가격,1
test_2233.jpg,test,COMPOSITE,TIMEDATE:몇\s*시;;OBJECT:있(나요|습니까|어),2
test_2234.jpg,test,OBJECT,OBJECT:무엇,1
test_2235.jpg,test,OBJECT,OBJECT:무엇,1
test_2236.jpg,test,OBJECT,OBJECT:무엇,1
test_2237.jpg,test,OBJECT,OBJECT:무엇,1
test_2238.jpg,test,UNKNOWN,,0
test_2239.jpg,test,OBJECT,OBJECT:물건,1
test_2240.jpg,test,OBJECT,OBJECT:무엇,1
test_2241.jpg,test,COMPOSITE,"SPELLING:이름.{0,3}(뭐|무엇);;OBJECT:무엇",2
test_2242.jpg,test,PRICE,PRICE:가격,1
test_2243.jpg,test,OBJECT,OBJECT:무엇,1
test_2244.jpg,test,COMPOSITE,"SPELLING:이름.{0,3}(뭐|무엇);;OBJECT:무엇",2
test_2245.jpg,test,COMPOSITE,SPELLING:글자;;OBJECT:무엇,2
test_2246.jpg,test,OBJECT,OBJECT:무엇,1
test_2247.jpg,test,OBJECT,OBJECT:무엇,1
test_2248.jpg,test,OBJECT,OBJECT:무엇,1
test_2249.jpg,test,OBJECT,OBJECT:무엇,1
test_2250.jpg,test,UNKNOWN,,0
test_2251.jpg,test,COMPOSITE,NUMBER:번호;;OBJECT:무엇,2
test_2252.jpg,test,OBJECT,OBJECT:무엇,1
test_2253.jpg,test,OBJECT,OBJECT:무엇,1
test_2254.jpg,test,OBJECT,OBJECT:무엇,1
test_2255.jpg,test,COMPOSITE,LOGO:브랜드;;OBJECT:무엇,2
test_2256.jpg,test,PRICE,PRICE:얼마,1
test_2257.jpg,test,COMPOSITE,"SPELLING:이름.{0,3}(뭐|무엇);;OBJECT:무엇",2
test_2258.jpg,test,COMPOSITE,LOGO:로고;;OBJECT:무엇,2
test_2259.jpg,test,OBJECT,OBJECT:무엇,1
test_2260.jpg,test,COMPOSITE,SPELLING:글자;;OBJECT:무엇,2
test_2261.jpg,test,COMPOSITE,"SPELLING:이름.{0,3}(뭐|무엇);;OBJECT:무엇",2
test_2262.jpg,test,COMPOSITE,"SPELLING:이름.{0,3}(뭐|무엇);;OBJECT:무엇",2
test_2263.jpg,test,PRICE,PRICE:가격,1
test_2264.jpg,test,PRICE,PRICE:얼마,1
test_2265.jpg,test,OBJECT,OBJECT:무엇,1
test_2266.jpg,test,COMPOSITE,"SPELLING:이름.{0,3}(뭐|무엇);;OBJECT:무엇",2
test_2267.jpg,test,OBJECT,OBJECT:무엇,1
test_2268.jpg,test,OBJECT,OBJECT:무엇,1
test_2269.jpg,test,PRICE,PRICE:얼마,1
test_2270.jpg,test,OBJECT,OBJECT:있(나요|습니까|어),1
test_2271.jpg,test,OBJECT,OBJECT:무엇,1
test_2272.jpg,test,OBJECT,OBJECT:있(나요|습니까|어),1
test_2273.jpg,test,OBJECT,OBJECT:무엇,1
test_2274.jpg,test,PRICE,PRICE:가격,1
test_2275.jpg,test,COMPOSITE,OBJECT:무엇;;RELATION:아래,2
test_2276.jpg,test,RELATION,RELATION:옆에,1
test_2277.jpg,test,TIMEDATE,TIMEDATE:영업\s*시간,1
test_2278.jpg,test,PRICE,PRICE:가격,1
test_2279.jpg,test,OBJECT,OBJECT:무엇,1
test_2280.jpg,test,COMPOSITE,"SPELLING:이름.{0,3}(뭐|무엇);;OBJECT:무엇",2
test_2281.jpg,test,OBJECT,OBJECT:있(나요|습니까|어),1
test_2282.jpg,test,OBJECT,OBJECT:무엇,1
test_2283.jpg,test,OBJECT,OBJECT:있(나요|습니까|어),1
test_2284.jpg,test,OBJECT,OBJECT:무엇,1
test_2285.jpg,test,OBJECT,OBJECT:무엇,1
test_2286.jpg,test,OBJECT,OBJECT:무엇,1
test_2287.jpg,test,COMPOSITE,"SPELLING:이름.{0,3}(뭐|무엇);;OBJECT:무엇",2
test_2288.jpg,test,OBJECT,OBJECT:무엇,1
test_2289.jpg,test,COMPOSITE,"SPELLING:이름.{0,3}(뭐|무엇);;OBJECT:무엇",2
test_2290.jpg,test,OBJECT,OBJECT:무엇,1
test_2291.jpg,test,PRICE,PRICE:가격,1
test_2292.jpg,test,OBJECT,OBJECT:무엇,1
test_2293.jpg,test,TIMEDATE,TIMEDATE:언제,1
test_2294.jpg,test,OBJECT,OBJECT:무엇,1
test_2295.jpg,test,OBJECT,OBJECT:무엇,1
test_2296.jpg,test,OBJECT,OBJECT:있(나요|습니까|어),1
test_2297.jpg,test,UNKNOWN,,0
test_2298.jpg,test,OBJECT,OBJECT:무엇,1
test_2299.jpg,test,OBJECT,OBJECT:무엇,1
test_2300.jpg,test,OBJECT,OBJECT:무엇,1
test_2301.jpg,test,OBJECT,OBJECT:있(나요|습니까|어),1
test_2302.jpg,test,OBJECT,OBJECT:무엇,1
test_2303.jpg,test,OBJECT,OBJECT:무엇,1
test_2304.jpg,test,COMPOSITE,"SPELLING:이름.{0,3}(뭐|무엇);;OBJECT:무엇",2
test_2305.jpg,test,OBJECT,OBJECT:무엇,1
test_2306.jpg,test,COMPOSITE,SPELLING:글자;;OBJECT:무엇,2
test_2307.jpg,test,TIMEDATE,TIMEDATE:언제,1
test_2308.jpg,test,OBJECT,OBJECT:무엇,1
test_2309.jpg,test,COMPOSITE,"SPELLING:이름.{0,3}(뭐|무엇);;OBJECT:무엇",2
test_2310.jpg,test,PRICE,PRICE:가격,1
test_2311.jpg,test,OBJECT,OBJECT:무엇,1
test_2312.jpg,test,OBJECT,OBJECT:무엇,1
test_2313.jpg,test,UNKNOWN,,0
test_2314.jpg,test,COMPOSITE,"SPELLING:이름.{0,3}(뭐|무엇);;OBJECT:무엇",2
test_2315.jpg,test,TIMEDATE,TIMEDATE:언제,1
test_2316.jpg,test,OBJECT,OBJECT:무엇,1
test_2317.jpg,test,COMPOSITE,"SPELLING:이름.{0,3}(뭐|무엇);;OBJECT:무엇",2
test_2318.jpg,test,OBJECT,OBJECT:무엇,1
test_2319.jpg,test,UNKNOWN,,0
test_2320.jpg,test,OBJECT,OBJECT:무엇,1
test_2321.jpg,test,COMPOSITE,NUMBER:수량;;OBJECT:무엇,2
test_2322.jpg,test,OBJECT,OBJECT:무엇,1
test_2323.jpg,test,COMPOSITE,"SPELLING:이름.{0,3}(뭐|무엇);;OBJECT:무엇",2
test_2324.jpg,test,COMPOSITE,"SPELLING:이름.{0,3}(뭐|무엇);;OBJECT:무엇",2
test_2325.jpg,test,OBJECT,OBJECT:무엇,1
test_2326.jpg,test,COMPOSITE,"SPELLING:이름.{0,3}(뭐|무엇);;OBJECT:무엇",2
test_2327.jpg,test,COMPOSITE,NUMBER:번호;;OBJECT:무엇,2
test_2328.jpg,test,COMPOSITE,PRICE:가격;;OBJECT:무엇,2
test_2329.jpg,test,OBJECT,OBJECT:무엇,1
test_2330.jpg,test,COMPOSITE,"SPELLING:이름.{0,3}(뭐|무엇);;OBJECT:무엇;;RELATION:왼쪽",3
test_2331.jpg,test,PRICE,PRICE:가격,1
test_2332.jpg,test,OBJECT,OBJECT:무엇,1
test_2333.jpg,test,PRICE,PRICE:가격,1
test_2334.jpg,test,COMPOSITE,SPELLING:글자;;OBJECT:무엇,2
test_2335.jpg,test,OBJECT,OBJECT:무엇,1
test_2336.jpg,test,OBJECT,OBJECT:무엇,1
test_2337.jpg,test,OBJECT,OBJECT:무엇,1
test_2338.jpg,test,PRICE,PRICE:가격,1
test_2339.jpg,test,NUMBER,NUMBER:몇\s*명,1
test_2340.jpg,test,COMPOSITE,"SPELLING:이름.{0,3}(뭐|무엇);;OBJECT:무엇",2
test_2341.jpg,test,COMPOSITE,"SPELLING:이름.{0,3}(뭐|무엇);;OBJECT:무엇",2
test_2342.jpg,test,OBJECT,OBJECT:있(나요|습니까|어),1
test_2343.jpg,test,PRICE,PRICE:얼마,1
test_2344.jpg,test,COMPOSITE,"SPELLING:이름.{0,3}(뭐|무엇);;OBJECT:무엇",2
test_2345.jpg,test,COMPOSITE,OBJECT:무엇;;RELATION:아래,2
test_2346.jpg,test,COMPOSITE,NUMBER:번호;;OBJECT:무엇;;RELATION:아래,3
test_2347.jpg,test,OBJECT,OBJECT:무엇,1
test_2348.jpg,test,UNKNOWN,,0
test_2349.jpg,test,OBJECT,OBJECT:무엇,1
test_2350.jpg,test,COMPOSITE,NUMBER:번호;;OBJECT:무엇,2
test_2351.jpg,test,OBJECT,OBJECT:무엇,1
test_2352.jpg,test,OBJECT,OBJECT:무엇,1
test_2353.jpg,test,OBJECT,OBJECT:무엇,1
test_2354.jpg,test,COMPOSITE,"SPELLING:이름.{0,3}(뭐|무엇);;OBJECT:무엇",2
test_2355.jpg,test,OBJECT,OBJECT:무엇,1
test_2356.jpg,test,COMPOSITE,SPELLING:글자;;OBJECT:무엇,2
test_2357.jpg,test,OBJECT,OBJECT:무엇,1
test_2358.jpg,test,OBJECT,OBJECT:무엇,1
test_2359.jpg,test,OBJECT,OBJECT:무엇,1
test_2360.jpg,test,OBJECT,OBJECT:무엇,1
test_2361.jpg,test,COMPOSITE,PRICE:가격;;OBJECT:무엇,2
test_2362.jpg,test,COMPOSITE,OBJECT:무엇;;RELATION:순서,2
test_2363.jpg,test,PRICE,PRICE:얼마,1
test_2364.jpg,test,OBJECT,OBJECT:무엇,1
test_2365.jpg,test,COMPOSITE,"SPELLING:이름.{0,3}(뭐|무엇);;OBJECT:무엇",2
test_2366.jpg,test,PRICE,PRICE:얼마,1
test_2367.jpg,test,OBJECT,OBJECT:무엇,1
test_2368.jpg,test,OBJECT,OBJECT:무엇,1
test_2369.jpg,test,COMPOSITE,LOGO:브랜드;;RELATION:아래,2
test_2370.jpg,test,COMPOSITE,OBJECT:무엇;;RELATION:옆에,2
test_2371.jpg,test,OBJECT,OBJECT:무엇,1
test_2372.jpg,test,COMPOSITE,"SPELLING:이름.{0,3}(뭐|무엇);;LOGO:브랜드;;OBJECT:무엇",3
test_2373.jpg,test,COMPOSITE,"SPELLING:이름.{0,3}(뭐|무엇);;OBJECT:무엇",2
test_2374.jpg,test,COMPOSITE,"SPELLING:이름.{0,3}(뭐|무엇);;OBJECT:무엇",2
test_2375.jpg,test,OBJECT,OBJECT:무엇,1
test_2376.jpg,test,PRICE,PRICE:얼마,1
test_2377.jpg,test,OBJECT,OBJECT:무엇,1
test_2378.jpg,test,OBJECT,OBJECT:무엇,1
test_2379.jpg,test,COMPOSITE,OBJECT:무엇;;RELATION:순서,2
test_2380.jpg,test,TIMEDATE,TIMEDATE:언제,1
test_2381.jpg,test,OBJECT,OBJECT:있(나요|습니까|어),1
test_2382.jpg,test,TIMEDATE,TIMEDATE:기간,1
test_2383.jpg,test,UNKNOWN,,0
test_2384.jpg,test,COMPOSITE,NUMBER:번호;;OBJECT:무엇,2
test_2385.jpg,test,TIMEDATE,TIMEDATE:기간,1
test_2386.jpg,test,UNKNOWN,,0
test_2387.jpg,test,OBJECT,OBJECT:무엇,1
test_2388.jpg,test,OBJECT,OBJECT:무엇,1
test_2389.jpg,test,COMPOSITE,"SPELLING:이름.{0,3}(뭐|무엇);;OBJECT:무엇",2
test_2390.jpg,test,OBJECT,OBJECT:무엇,1
test_2391.jpg,test,COMPOSITE,TABLE:항목;;OBJECT:무엇,2
test_2392.jpg,test,OBJECT,OBJECT:무엇,1
test_2393.jpg,test,OBJECT,OBJECT:무엇,1
test_2394.jpg,test,COMPOSITE,"SPELLING:이름.{0,3}(뭐|무엇);;OBJECT:무엇",2
test_2395.jpg,test,PRICE,PRICE:얼마,1
test_2396.jpg,test,PRICE,PRICE:얼마,1
test_2397.jpg,test,OBJECT,OBJECT:무엇,1
test_2398.jpg,test,OBJECT,OBJECT:무엇,1
test_2399.jpg,test,COMPOSITE,NUMBER:번호;;OBJECT:무엇;;RELATION:위에,3
test_2400.jpg,test,UNKNOWN,,0
test_2401.jpg,test,PRICE,PRICE:가격,1
test_2402.jpg,test,UNKNOWN,,0
test_2403.jpg,test,OBJECT,OBJECT:무엇,1
test_2404.jpg,test,COMPOSITE,"SPELLING:이름.{0,3}(뭐|무엇);;OBJECT:무엇",2
test_2405.jpg,test,COMPOSITE,SPELLING:글자;;OBJECT:무엇,2
test_2406.jpg,test,UNKNOWN,,0
test_2407.jpg,test,OBJECT,OBJECT:무엇,1
test_2408.jpg,test,COMPOSITE,"SPELLING:이름.{0,3}(뭐|무엇);;OBJECT:무엇",2
test_2409.jpg,test,COMPOSITE,SPELLING:글자;;OBJECT:무엇,2
test_2410.jpg,test,OBJECT,OBJECT:무엇,1
test_2411.jpg,test,OBJECT,OBJECT:무엇,1
test_2412.jpg,test,OBJECT,OBJECT:무엇,1
test_2413.jpg,test,COMPOSITE,OBJECT:무엇;;RELATION:오른쪽,2
test_2414.jpg,test,OBJECT,OBJECT:무엇,1
test_2415.jpg,test,OBJECT,OBJECT:있(나요|습니까|어),1
test_2416.jpg,test,OBJECT,OBJECT:무엇,1
test_2417.jpg,test,PRICE,PRICE:얼마,1
test_2418.jpg,test,COMPOSITE,PRICE:얼마;;OBJECT:있(나요|습니까|어),2
test_2419.jpg,test,COMPOSITE,"SPELLING:이름.{0,3}(뭐|무엇);;OBJECT:무엇",2
test_2420.jpg,test,OBJECT,OBJECT:무엇,1
test_2421.jpg,test,UNKNOWN,,0
test_2422.jpg,test,COMPOSITE,NUMBER:번호;;OBJECT:무엇,2
test_2423.jpg,test,COMPOSITE,"SPELLING:이름.{0,3}(뭐|무엇);;OBJECT:무엇",2
test_2424.jpg,test,PRICE,PRICE:얼마,1
test_2425.jpg,test,OBJECT,OBJECT:무엇,1
test_2426.jpg,test,UNKNOWN,,0
test_2427.jpg,test,COMPOSITE,NUMBER:번호;;OBJECT:무엇,2
test_2428.jpg,test,PRICE,PRICE:얼마,1
test_2429.jpg,test,COMPOSITE,TIMEDATE:몇\s*시;;OBJECT:있(나요|습니까|어),2
test_2430.jpg,test,OBJECT,OBJECT:무엇,1
test_2431.jpg,test,OBJECT,OBJECT:무엇,1
test_2432.jpg,test,OBJECT,OBJECT:무엇,1
test_2433.jpg,test,OBJECT,OBJECT:무엇,1
test_2434.jpg,test,OBJECT,OBJECT:무엇,1
test_2435.jpg,test,OBJECT,OBJECT:무엇,1
test_2436.jpg,test,OBJECT,OBJECT:무엇,1
test_2437.jpg,test,OBJECT,OBJECT:무엇,1
test_2438.jpg,test,COMPOSITE,NUMBER:번호;;OBJECT:무엇,2
test_2439.jpg,test,UNKNOWN,,0
test_2440.jpg,test,OBJECT,OBJECT:무엇,1
test_2441.jpg,test,COMPOSITE,NUMBER:번호;;OBJECT:무엇,2
test_2442.jpg,test,OBJECT,OBJECT:무엇,1
test_2443.jpg,test,COMPOSITE,LOGO:브랜드;;OBJECT:무엇,2
test_2444.jpg,test,COMPOSITE,"SPELLING:이름.{0,3}(뭐|무엇);;OBJECT:무엇",2
test_2445.jpg,test,TIMEDATE,TIMEDATE:날짜,1
test_2446.jpg,test,OBJECT,OBJECT:무엇,1
test_2447.jpg,test,OBJECT,OBJECT:무엇,1
test_2448.jpg,test,PRICE,PRICE:얼마,1
test_2449.jpg,test,UNKNOWN,,0
test_2450.jpg,test,COMPOSITE,"SPELLING:이름.{0,3}(뭐|무엇);;OBJECT:무엇",2
test_2451.jpg,test,COMPOSITE,"SPELLING:이름.{0,3}(뭐|무엇);;OBJECT:무엇",2
test_2452.jpg,test,OBJECT,OBJECT:무엇,1
test_2453.jpg,test,COMPOSITE,"SPELLING:이름.{0,3}(뭐|무엇);;OBJECT:무엇",2
test_2454.jpg,test,COMPOSITE,SPELLING:글자;;OBJECT:무엇,2
test_2455.jpg,test,OBJECT,OBJECT:무엇,1
test_2456.jpg,test,COMPOSITE,"SPELLING:이름.{0,3}(뭐|무엇);;OBJECT:무엇",2
test_2457.jpg,test,COMPOSITE,NUMBER:번호;;OBJECT:무엇,2
test_2458.jpg,test,OBJECT,OBJECT:무엇,1
test_2459.jpg,test,OBJECT,OBJECT:무엇,1
test_2460.jpg,test,COMPOSITE,"SPELLING:이름.{0,3}(뭐|무엇);;LOGO:브랜드;;OBJECT:무엇",3
test_2461.jpg,test,COMPOSITE,NUMBER:번호;;OBJECT:무엇,2
test_2462.jpg,test,TIMEDATE,TIMEDATE:언제,1
test_2463.jpg,test,COMPOSITE,"SPELLING:이름.{0,3}(뭐|무엇);;OBJECT:무엇",2
test_2464.jpg,test,OBJECT,OBJECT:무엇,1
test_2465.jpg,test,COMPOSITE,"SPELLING:이름.{0,3}(뭐|무엇);;OBJECT:무엇",2
test_2466.jpg,test,OBJECT,OBJECT:무엇,1
test_2467.jpg,test,PRICE,PRICE:얼마,1
test_2468.jpg,test,OBJECT,OBJECT:무엇,1
test_2469.jpg,test,PRICE,PRICE:가격,1
test_2470.jpg,test,PRICE,PRICE:가격,1
test_2471.jpg,test,PRICE,PRICE:가격,1
test_2472.jpg,test,OBJECT,OBJECT:무엇,1
test_2473.jpg,test,COMPOSITE,"SPELLING:이름.{0,3}(뭐|무엇);;OBJECT:무엇",2
test_2474.jpg,test,COMPOSITE,SPELLING:글자;;OBJECT:무엇,2
test_2475.jpg,test,OBJECT,OBJECT:무엇,1
test_2476.jpg,test,COMPOSITE,"SPELLING:이름.{0,3}(뭐|무엇);;LOGO:브랜드;;OBJECT:무엇",3
test_2477.jpg,test,UNKNOWN,,0
test_2478.jpg,test,OBJECT,OBJECT:무엇,1
test_2479.jpg,test,OBJECT,OBJECT:있(나요|습니까|어),1
test_2480.jpg,test,TABLE,TABLE:표에서,1
test_2481.jpg,test,OBJECT,OBJECT:무엇,1
test_2482.jpg,test,OBJECT,OBJECT:무엇,1
test_2483.jpg,test,PRICE,PRICE:가격,1
test_2484.jpg,test,PRICE,PRICE:얼마,1
test_2485.jpg,test,COMPOSITE,TABLE:항목;;OBJECT:무엇,2
test_2486.jpg,test,COMPOSITE,"SPELLING:이름.{0,3}(뭐|무엇);;OBJECT:무엇",2
test_2487.jpg,test,OBJECT,OBJECT:무엇,1
test_2488.jpg,test,PRICE,PRICE:가격,1
test_2489.jpg,test,COMPOSITE,"SPELLING:이름.{0,3}(뭐|무엇);;LOGO:브랜드;;OBJECT:무엇",3
test_2490.jpg,test,OBJECT,OBJECT:무엇,1
test_2491.jpg,test,OBJECT,OBJECT:무엇,1
test_2492.jpg,test,COMPOSITE,SPELLING:글자;;OBJECT:무엇,2
test_2493.jpg,test,OBJECT,OBJECT:무엇,1
test_2494.jpg,test,COMPOSITE,"SPELLING:이름.{0,3}(뭐|무엇);;OBJECT:무엇",2
test_2495.jpg,test,OBJECT,OBJECT:무엇,1
test_2496.jpg,test,OBJECT,OBJECT:무엇,1
test_2497.jpg,test,COMPOSITE,"SPELLING:이름.{0,3}(뭐|무엇);;OBJECT:무엇",2
test_2498.jpg,test,COMPOSITE,"SPELLING:이름.{0,3}(뭐|무엇);;OBJECT:무엇",2
test_2499.jpg,test,UNKNOWN,,0
test_2500.jpg,test,COMPOSITE,SPELLING:글자;;OBJECT:무엇,2
test_2501.jpg,test,COMPOSITE,SPELLING:글자;;OBJECT:무엇,2
test_2502.jpg,test,PRICE,PRICE:얼마,1
test_2503.jpg,test,OBJECT,OBJECT:무엇,1
test_2504.jpg,test,TIMEDATE,TIMEDATE:날짜,1
test_2505.jpg,test,COMPOSITE,TIMEDATE:기간;;OBJECT:무엇,2
test_2506.jpg,test,OBJECT,OBJECT:무엇,1
test_2507.jpg,test,COMPOSITE,"SPELLING:이름.{0,3}(뭐|무엇);;OBJECT:무엇",2
test_2508.jpg,test,COMPOSITE,"SPELLING:이름.{0,3}(뭐|무엇);;OBJECT:무엇",2
test_2509.jpg,test,OBJECT,OBJECT:무엇,1
test_2510.jpg,test,COMPOSITE,"SPELLING:이름.{0,3}(뭐|무엇);;OBJECT:무엇",2
test_2511.jpg,test,OBJECT,OBJECT:무엇,1
test_2512.jpg,test,OBJECT,OBJECT:무엇,1
test_2513.jpg,test,COMPOSITE,NUMBER:번호;;OBJECT:무엇,2
test_2514.jpg,test,OBJECT,OBJECT:무엇,1
test_2515.jpg,test,OBJECT,OBJECT:있(나요|습니까|어),1
test_2516.jpg,test,PRICE,PRICE:얼마,1
test_2517.jpg,test,COMPOSITE,"SPELLING:이름.{0,3}(뭐|무엇);;NUMBER:번호;;OBJECT:무엇",3
test_2518.jpg,test,COMPOSITE,"SPELLING:이름.{0,3}(뭐|무엇);;OBJECT:무엇",2
test_2519.jpg,test,UNKNOWN,,0
test_2520.jpg,test,OBJECT,OBJECT:무엇,1
test_2521.jpg,test,OBJECT,OBJECT:무엇,1
test_2522.jpg,test,COMPOSITE,"SPELLING:이름.{0,3}(뭐|무엇);;OBJECT:무엇",2
test_2523.jpg,test,COMPOSITE,"SPELLING:이름.{0,3}(뭐|무엇);;OBJECT:무엇",2
test_2524.jpg,test,UNKNOWN,,0
test_2525.jpg,test,OBJECT,OBJECT:무엇,1
test_2526.jpg,test,COMPOSITE,"SPELLING:이름.{0,3}(뭐|무엇);;OBJECT:무엇",2
test_2527.jpg,test,COMPOSITE,OBJECT:무엇;;RELATION:순서,2
test_2528.jpg,test,OBJECT,OBJECT:무엇,1
test_2529.jpg,test,COMPOSITE,TABLE:항목;;OBJECT:무엇;;RELATION:왼쪽,3
test_2530.jpg,test,PRICE,PRICE:가격,1
test_2531.jpg,test,COMPOSITE,NUMBER:번호;;OBJECT:무엇,2
test_2532.jpg,test,COMPOSITE,SPELLING:글자;;OBJECT:무엇,2
test_2533.jpg,test,OBJECT,OBJECT:무엇,1
test_2534.jpg,test,COMPOSITE,"SPELLING:이름.{0,3}(뭐|무엇);;LOGO:브랜드;;OBJECT:무엇",3
test_2535.jpg,test,OBJECT,OBJECT:무엇,1
test_2536.jpg,test,COMPOSITE,"SPELLING:이름.{0,3}(뭐|무엇);;LOGO:브랜드;;OBJECT:무엇",3
test_2537.jpg,test,COMPOSITE,"SPELLING:이름.{0,3}(뭐|무엇);;OBJECT:무엇",2
test_2538.jpg,test,OBJECT,OBJECT:무엇,1
test_2539.jpg,test,OBJECT,OBJECT:무엇,1
test_2540.jpg,test,OBJECT,OBJECT:있(나요|습니까|어),1
test_2541.jpg,test,OBJECT,OBJECT:무엇,1
test_2542.jpg,test,OBJECT,OBJECT:무엇,1
test_2543.jpg,test,UNKNOWN,,0
test_2544.jpg,test,UNKNOWN,,0
test_2545.jpg,test,COMPOSITE,"SPELLING:이름.{0,3}(뭐|무엇);;OBJECT:무엇",2
test_2546.jpg,test,OBJECT,OBJECT:무엇,1
test_2547.jpg,test,OBJECT,OBJECT:무엇,1
test_2548.jpg,test,OBJECT,OBJECT:무엇,1
test_2549.jpg,test,OBJECT,OBJECT:무엇,1
test_2550.jpg,test,TIMEDATE,TIMEDATE:언제,1
test_2551.jpg,test,TIMEDATE,TIMEDATE:언제,1
test_2552.jpg,test,COMPOSITE,NUMBER:번호;;OBJECT:무엇,2
test_2553.jpg,test,OBJECT,OBJECT:무엇,1
test_2554.jpg,test,COMPOSITE,PRICE:가격;;OBJECT:무엇,2
test_2555.jpg,test,OBJECT,OBJECT:무엇,1
test_2556.jpg,test,UNKNOWN,,0
test_2557.jpg,test,OBJECT,OBJECT:무엇,1
test_2558.jpg,test,OBJECT,OBJECT:무엇,1
test_2559.jpg,test,COMPOSITE,SPELLING:글자;;OBJECT:있(나요|습니까|어),2
test_2560.jpg,test,PRICE,PRICE:얼마,1
test_2561.jpg,test,OBJECT,OBJECT:무엇,1
test_2562.jpg,test,OBJECT,OBJECT:무엇,1
test_2563.jpg,test,TIMEDATE,TIMEDATE:언제,1
test_2564.jpg,test,COMPOSITE,"SPELLING:이름.{0,3}(뭐|무엇);;OBJECT:무엇",2
test_2565.jpg,test,UNKNOWN,,0
test_2566.jpg,test,PRICE,PRICE:가격,1
test_2567.jpg,test,COMPOSITE,"SPELLING:이름.{0,3}(뭐|무엇);;OBJECT:무엇",2
test_2568.jpg,test,UNKNOWN,,0
test_2569.jpg,test,OBJECT,OBJECT:무엇,1
test_2570.jpg,test,PRICE,PRICE:가격,1
test_2571.jpg,test,OBJECT,OBJECT:무엇,1
test_2572.jpg,test,PRICE,PRICE:가격,1
test_2573.jpg,test,OBJECT,OBJECT:무엇,1
test_2574.jpg,test,COMPOSITE,TABLE:항목;;OBJECT:무엇,2
test_2575.jpg,test,OBJECT,OBJECT:무엇,1
test_2576.jpg,test,OBJECT,OBJECT:무엇,1
test_2577.jpg,test,OBJECT,OBJECT:무엇,1
test_2578.jpg,test,COMPOSITE,SPELLING:글자;;OBJECT:무엇,2
test_2579.jpg,test,OBJECT,OBJECT:무엇,1
test_2580.jpg,test,COMPOSITE,SPELLING:글자;;OBJECT:무엇,2
test_2581.jpg,test,COMPOSITE,LOGO:브랜드;;OBJECT:무엇,2
test_2582.jpg,test,OBJECT,OBJECT:무엇,1
test_2583.jpg,test,PRICE,PRICE:가격,1
test_2584.jpg,test,COMPOSITE,"SPELLING:이름.{0,3}(뭐|무엇);;OBJECT:무엇",2
test_2585.jpg,test,COMPOSITE,SPELLING:글자;;OBJECT:무엇,2
test_2586.jpg,test,TIMEDATE,TIMEDATE:언제,1
test_2587.jpg,test,OBJECT,OBJECT:무엇,1
test_2588.jpg,test,TIMEDATE,TIMEDATE:언제,1
test_2589.jpg,test,OBJECT,OBJECT:무엇,1
test_2590.jpg,test,UNKNOWN,,0
test_2591.jpg,test,COMPOSITE,"SPELLING:이름.{0,3}(뭐|무엇);;OBJECT:무엇",2
test_2592.jpg,test,OBJECT,OBJECT:무엇,1
test_2593.jpg,test,COMPOSITE,NUMBER:번호;;OBJECT:무엇,2
test_2594.jpg,test,COMPOSITE,"SPELLING:이름.{0,3}(뭐|무엇);;OBJECT:무엇",2
test_2595.jpg,test,UNKNOWN,,0
test_2596.jpg,test,OBJECT,OBJECT:무엇,1
test_2597.jpg,test,OBJECT,OBJECT:무엇,1
test_2598.jpg,test,OBJECT,OBJECT:있(나요|습니까|어),1
test_2599.jpg,test,OBJECT,OBJECT:무엇,1
test_2600.jpg,test,COMPOSITE,"SPELLING:이름.{0,3}(뭐|무엇);;OBJECT:무엇",2
test_2601.jpg,test,OBJECT,OBJECT:무엇,1
test_2602.jpg,test,OBJECT,OBJECT:무엇,1
test_2603.jpg,test,OBJECT,OBJECT:무엇,1
test_2604.jpg,test,COMPOSITE,OBJECT:무엇;;RELATION:아래,2
test_2605.jpg,test,PRICE,PRICE:가격,1
test_2606.jpg,test,OBJECT,OBJECT:무엇,1
test_2607.jpg,test,OBJECT,OBJECT:무엇,1
test_2608.jpg,test,COMPOSITE,"SPELLING:이름.{0,3}(뭐|무엇);;OBJECT:무엇",2
test_2609.jpg,test,PRICE,PRICE:얼마,1
test_2610.jpg,test,PRICE,PRICE:얼마,1
test_2611.jpg,test,COMPOSITE,"SPELLING:이름.{0,3}(뭐|무엇);;OBJECT:무엇",2
test_2612.jpg,test,COMPOSITE,NUMBER:번호;;OBJECT:무엇,2
test_2613.jpg,test,OBJECT,OBJECT:있(나요|습니까|어),1
test_2614.jpg,test,COMPOSITE,"SPELLING:이름.{0,3}(뭐|무엇);;OBJECT:무엇",2
test_2615.jpg,test,PRICE,PRICE:가격,1
test_2616.jpg,test,TIMEDATE,TIMEDATE:몇\s*시,1
test_2617.jpg,test,OBJECT,OBJECT:무엇,1
test_2618.jpg,test,PRICE,PRICE:얼마,1
test_2619.jpg,test,OBJECT,OBJECT:무엇,1
test_2620.jpg,test,COMPOSITE,NUMBER:번호;;OBJECT:무엇,2
test_2621.jpg,test,OBJECT,OBJECT:무엇,1
test_2622.jpg,test,OBJECT,OBJECT:무엇,1
test_2623.jpg,test,OBJECT,OBJECT:무엇,1
test_2624.jpg,test,TIMEDATE,TIMEDATE:기간,1
test_2625.jpg,test,PRICE,PRICE:가격,1
test_2626.jpg,test,COMPOSITE,PRICE:얼마;;OBJECT:있(나요|습니까|어),2
test_2627.jpg,test,OBJECT,OBJECT:무엇,1
test_2628.jpg,test,COMPOSITE,"SPELLING:이름.{0,3}(뭐|무엇);;OBJECT:무엇",2
test_2629.jpg,test,OBJECT,OBJECT:무엇,1
test_2630.jpg,test,COMPOSITE,"SPELLING:이름.{0,3}(뭐|무엇);;OBJECT:무엇",2
test_2631.jpg,test,OBJECT,OBJECT:무엇,1
test_2632.jpg,test,OBJECT,OBJECT:무엇,1
test_2633.jpg,test,OBJECT,OBJECT:무엇,1
test_2634.jpg,test,COMPOSITE,"SPELLING:이름.{0,3}(뭐|무엇);;OBJECT:무엇",2
test_2635.jpg,test,COMPOSITE,"SPELLING:이름.{0,3}(뭐|무엇);;OBJECT:무엇",2
test_2636.jpg,test,COMPOSITE,"SPELLING:이름.{0,3}(뭐|무엇);;OBJECT:무엇",2
test_2637.jpg,test,COMPOSITE,PRICE:얼마;;TIMEDATE:몇\s*시,2
test_2638.jpg,test,COMPOSITE,LOGO:브랜드;;OBJECT:무엇,2
test_2639.jpg,test,UNKNOWN,,0
test_2640.jpg,test,PRICE,PRICE:얼마,1
test_2641.jpg,test,UNKNOWN,,0
test_2642.jpg,test,COMPOSITE,"SPELLING:이름.{0,3}(뭐|무엇);;OBJECT:무엇",2
test_2643.jpg,test,TIMEDATE,TIMEDATE:언제,1
test_2644.jpg,test,COMPOSITE,"SPELLING:이름.{0,3}(뭐|무엇);;OBJECT:무엇",2
test_2645.jpg,test,OBJECT,OBJECT:무엇,1
test_2646.jpg,test,PRICE,PRICE:가격,1
test_2647.jpg,test,OBJECT,OBJECT:무엇,1
test_2648.jpg,test,OBJECT,OBJECT:무엇,1
test_2649.jpg,test,COMPOSITE,"SPELLING:이름.{0,3}(뭐|무엇);;OBJECT:무엇",2
test_2650.jpg,test,COMPOSITE,"SPELLING:이름.{0,3}(뭐|무엇);;OBJECT:무엇",2
test_2651.jpg,test,COMPOSITE,NUMBER:번호;;OBJECT:무엇,2
test_2652.jpg,test,COMPOSITE,NUMBER:번호;;OBJECT:무엇,2
test_2653.jpg,test,OBJECT,OBJECT:무엇,1
test_2654.jpg,test,OBJECT,OBJECT:무엇,1
test_2655.jpg,test,COMPOSITE,"SPELLING:이름.{0,3}(뭐|무엇);;OBJECT:무엇",2
test_2656.jpg,test,OBJECT,OBJECT:무엇,1
test_2657.jpg,test,COMPOSITE,PRICE:가격;;OBJECT:무엇,2
test_2658.jpg,test,UNKNOWN,,0
test_2659.jpg,test,TIMEDATE,TIMEDATE:기간,1
test_2660.jpg,test,OBJECT,OBJECT:무엇,1
test_2661.jpg,test,COMPOSITE,"SPELLING:이름.{0,3}(뭐|무엇);;OBJECT:무엇",2
test_2662.jpg,test,COMPOSITE,"SPELLING:이름.{0,3}(뭐|무엇);;OBJECT:무엇",2
test_2663.jpg,test,TIMEDATE,TIMEDATE:언제,1
test_2664.jpg,test,OBJECT,OBJECT:무엇,1
test_2665.jpg,test,OBJECT,OBJECT:무엇,1
test_2666.jpg,test,OBJECT,OBJECT:무엇,1
test_2667.jpg,test,COMPOSITE,"SPELLING:이름.{0,3}(뭐|무엇);;OBJECT:무엇",2
test_2668.jpg,test,TIMEDATE,TIMEDATE:언제,1
test_2669.jpg,test,OBJECT,OBJECT:무엇,1
test_2670.jpg,test,OBJECT,OBJECT:무엇,1
test_2671.jpg,test,PRICE,PRICE:가격,1
test_2672.jpg,test,COMPOSITE,NUMBER:번호;;OBJECT:무엇,2
test_2673.jpg,test,OBJECT,OBJECT:무엇,1
test_2674.jpg,test,COMPOSITE,NUMBER:번호;;OBJECT:무엇,2
test_2675.jpg,test,OBJECT,OBJECT:무엇,1
test_2676.jpg,test,COMPOSITE,"SPELLING:이름.{0,3}(뭐|무엇);;LOGO:브랜드;;OBJECT:무엇",3
test_2677.jpg,test,OBJECT,OBJECT:무엇,1
test_2678.jpg,test,COMPOSITE,"SPELLING:이름.{0,3}(뭐|무엇);;OBJECT:무엇",2
test_2679.jpg,test,UNKNOWN,,0
test_2680.jpg,test,OBJECT,OBJECT:무엇,1
test_2681.jpg,test,COMPOSITE,"SPELLING:이름.{0,3}(뭐|무엇);;OBJECT:무엇",2
test_2682.jpg,test,COMPOSITE,"SPELLING:이름.{0,3}(뭐|무엇);;OBJECT:무엇",2
test_2683.jpg,test,COMPOSITE,SPELLING:글자;;OBJECT:무엇,2
test_2684.jpg,test,COMPOSITE,"SPELLING:이름.{0,3}(뭐|무엇);;OBJECT:무엇",2
test_2685.jpg,test,UNKNOWN,,0
test_2686.jpg,test,UNKNOWN,,0
test_2687.jpg,test,UNKNOWN,,0
test_2688.jpg,test,COMPOSITE,OBJECT:무엇;;RELATION:옆에,2
test_2689.jpg,test,OBJECT,OBJECT:무엇,1
test_2690.jpg,test,OBJECT,OBJECT:무엇,1
test_2691.jpg,test,OBJECT,OBJECT:무엇,1
test_2692.jpg,test,COMPOSITE,NUMBER:번호;;OBJECT:무엇,2
test_2693.jpg,test,NUMBER,NUMBER:몇\s*번,1
test_2694.jpg,test,COMPOSITE,"SPELLING:이름.{0,3}(뭐|무엇);;LOGO:브랜드;;OBJECT:무엇",3
test_2695.jpg,test,PRICE,PRICE:가격,1
test_2696.jpg,test,PRICE,PRICE:가격,1
test_2697.jpg,test,OBJECT,OBJECT:무엇,1
test_2698.jpg,test,OBJECT,OBJECT:무엇,1
test_2699.jpg,test,TIMEDATE,TIMEDATE:언제,1
test_2700.jpg,test,COMPOSITE,"SPELLING:이름.{0,3}(뭐|무엇);;OBJECT:무엇",2
test_2701.jpg,test,COMPOSITE,"SPELLING:이름.{0,3}(뭐|무엇);;OBJECT:무엇",2
test_2702.jpg,test,COMPOSITE,"SPELLING:이름.{0,3}(뭐|무엇);;OBJECT:무엇",2
test_2703.jpg,test,OBJECT,OBJECT:무엇,1
test_2704.jpg,test,OBJECT,OBJECT:무엇,1
test_2705.jpg,test,OBJECT,OBJECT:무엇,1
test_2706.jpg,test,UNKNOWN,,0
test_2707.jpg,test,OBJECT,OBJECT:무엇,1
test_2708.jpg,test,COMPOSITE,NUMBER:번호;;OBJECT:무엇,2
test_2709.jpg,test,COMPOSITE,NUMBER:번호;;OBJECT:무엇,2
test_2710.jpg,test,OBJECT,OBJECT:무엇,1
test_2711.jpg,test,OBJECT,OBJECT:무엇,1
test_2712.jpg,test,OBJECT,OBJECT:무엇,1
test_2713.jpg,test,PRICE,PRICE:얼마,1
test_2714.jpg,test,OBJECT,OBJECT:무엇,1
test_2715.jpg,test,COMPOSITE,"SPELLING:이름.{0,3}(뭐|무엇);;OBJECT:무엇;;RELATION:위에",3
test_2716.jpg,test,UNKNOWN,,0
test_2717.jpg,test,NUMBER,NUMBER:번호,1
test_2718.jpg,test,UNKNOWN,,0
test_2719.jpg,test,TIMEDATE,TIMEDATE:언제,1
test_2720.jpg,test,PRICE,PRICE:가격,1
test_2721.jpg,test,COMPOSITE,NUMBER:번호;;OBJECT:무엇,2
test_2722.jpg,test,OBJECT,OBJECT:무엇,1
test_2723.jpg,test,COMPOSITE,"SPELLING:이름.{0,3}(뭐|무엇);;OBJECT:무엇",2
test_2724.jpg,test,COMPOSITE,NUMBER:번호;;OBJECT:무엇,2
test_2725.jpg,test,UNKNOWN,,0
test_2726.jpg,test,TIMEDATE,TIMEDATE:요일,1
test_2727.jpg,test,UNKNOWN,,0
test_2728.jpg,test,OBJECT,OBJECT:무엇,1
test_2729.jpg,test,OBJECT,OBJECT:있(나요|습니까|어),1
test_2730.jpg,test,OBJECT,OBJECT:무엇,1
test_2731.jpg,test,OBJECT,OBJECT:있(나요|습니까|어),1
test_2732.jpg,test,COMPOSITE,"SPELLING:이름.{0,3}(뭐|무엇);;OBJECT:무엇",2
test_2733.jpg,test,PRICE,PRICE:가격,1
test_2734.jpg,test,COMPOSITE,NUMBER:번호;;OBJECT:무엇,2
test_2735.jpg,test,OBJECT,OBJECT:무엇,1
test_2736.jpg,test,COMPOSITE,"SPELLING:이름.{0,3}(뭐|무엇);;OBJECT:무엇",2
test_2737.jpg,test,OBJECT,OBJECT:무엇,1
test_2738.jpg,test,COMPOSITE,SPELLING:글자;;OBJECT:무엇,2
test_2739.jpg,test,OBJECT,OBJECT:무엇,1
test_2740.jpg,test,OBJECT,OBJECT:무엇,1
test_2741.jpg,test,OBJECT,OBJECT:무엇,1
test_2742.jpg,test,OBJECT,OBJECT:무엇,1
test_2743.jpg,test,OBJECT,OBJECT:있(나요|습니까|어),1
test_2744.jpg,test,OBJECT,OBJECT:있(나요|습니까|어),1
test_2745.jpg,test,OBJECT,OBJECT:무엇,1
test_2746.jpg,test,COMPOSITE,"SPELLING:이름.{0,3}(뭐|무엇);;OBJECT:무엇",2
test_2747.jpg,test,OBJECT,OBJECT:무엇,1
test_2748.jpg,test,UNKNOWN,,0
test_2749.jpg,test,TIMEDATE,TIMEDATE:몇\s*시,1
test_2750.jpg,test,OBJECT,OBJECT:무엇,1
test_2751.jpg,test,COMPOSITE,OBJECT:무엇;;RELATION:위에,2
test_2752.jpg,test,UNKNOWN,,0
test_2753.jpg,test,COMPOSITE,"SPELLING:이름.{0,3}(뭐|무엇);;OBJECT:무엇",2
test_2754.jpg,test,COMPOSITE,SPELLING:글자;;OBJECT:무엇,2
test_2755.jpg,test,OBJECT,OBJECT:무엇,1
test_2756.jpg,test,COMPOSITE,SPELLING:글자;;OBJECT:무엇,2
test_2757.jpg,test,PRICE,PRICE:가격,1
test_2758.jpg,test,OBJECT,OBJECT:무엇,1
test_2759.jpg,test,OBJECT,OBJECT:무엇,1
test_2760.jpg,test,OBJECT,OBJECT:무엇,1
test_2761.jpg,test,OBJECT,OBJECT:무엇,1
test_2762.jpg,test,PRICE,PRICE:얼마,1
test_2763.jpg,test,OBJECT,OBJECT:무엇,1
test_2764.jpg,test,PRICE,PRICE:가격,1
test_2765.jpg,test,OBJECT,OBJECT:무엇,1
test_2766.jpg,test,OBJECT,OBJECT:무엇,1
test_2767.jpg,test,COMPOSITE,PRICE:가격;;OBJECT:무엇,2
test_2768.jpg,test,OBJECT,OBJECT:무엇,1
test_2769.jpg,test,COMPOSITE,"SPELLING:이름.{0,3}(뭐|무엇);;OBJECT:무엇",2
test_2770.jpg,test,PRICE,PRICE:가격,1
test_2771.jpg,test,OBJECT,OBJECT:무엇,1
test_2772.jpg,test,OBJECT,OBJECT:무엇,1
test_2773.jpg,test,UNKNOWN,,0
test_2774.jpg,test,PRICE,PRICE:가격,1
test_2775.jpg,test,OBJECT,OBJECT:무엇,1
test_2776.jpg,test,OBJECT,OBJECT:무엇,1
test_2777.jpg,test,UNKNOWN,,0
test_2778.jpg,test,OBJECT,OBJECT:무엇,1
test_2779.jpg,test,OBJECT,OBJECT:무엇,1
test_2780.jpg,test,COMPOSITE,"SPELLING:이름.{0,3}(뭐|무엇);;OBJECT:무엇",2
test_2781.jpg,test,OBJECT,OBJECT:무엇,1
test_2782.jpg,test,PRICE,PRICE:가격,1
test_2783.jpg,test,TIMEDATE,TIMEDATE:언제,1
test_2784.jpg,test,OBJECT,OBJECT:무엇,1
test_2785.jpg,test,COMPOSITE,"SPELLING:이름.{0,3}(뭐|무엇);;OBJECT:무엇",2
test_2786.jpg,test,COMPOSITE,"SPELLING:이름.{0,3}(뭐|무엇);;OBJECT:무엇",2
test_2787.jpg,test,COMPOSITE,"SPELLING:이름.{0,3}(뭐|무엇);;LOGO:브랜드;;OBJECT:무엇",3
test_2788.jpg,test,PRICE,PRICE:가격,1
test_2789.jpg,test,UNKNOWN,,0
test_2790.jpg,test,OBJECT,OBJECT:무엇,1
test_2791.jpg,test,COMPOSITE,NUMBER:번호;;OBJECT:무엇,2
test_2792.jpg,test,OBJECT,OBJECT:무엇,1
test_2793.jpg,test,OBJECT,OBJECT:무엇,1
test_2794.jpg,test,OBJECT,OBJECT:있(나요|습니까|어),1
test_2795.jpg,test,COMPOSITE,"SPELLING:이름.{0,3}(뭐|무엇);;OBJECT:무엇",2
test_2796.jpg,test,COMPOSITE,OBJECT:무엇;;RELATION:왼쪽,2
test_2797.jpg,test,COMPOSITE,"SPELLING:이름.{0,3}(뭐|무엇);;OBJECT:무엇",2
test_2798.jpg,test,OBJECT,OBJECT:무엇,1
test_2799.jpg,test,OBJECT,OBJECT:무엇,1
test_2800.jpg,test,PRICE,PRICE:가격,1
test_2801.jpg,test,PRICE,PRICE:얼마,1
test_2802.jpg,test,UNKNOWN,,0
test_2803.jpg,test,UNKNOWN,,0
test_2804.jpg,test,COMPOSITE,"SPELLING:이름.{0,3}(뭐|무엇);;OBJECT:무엇",2
test_2805.jpg,test,COMPOSITE,"SPELLING:이름.{0,3}(뭐|무엇);;OBJECT:무엇",2
test_2806.jpg,test,COMPOSITE,"SPELLING:이름.{0,3}(뭐|무엇);;OBJECT:무엇",2
test_2807.jpg,test,PRICE,PRICE:얼마,1
test_2808.jpg,test,TIMEDATE,TIMEDATE:영업\s*시간,1
test_2809.jpg,test,OBJECT,OBJECT:무엇,1
test_2810.jpg,test,OBJECT,OBJECT:무엇,1
test_2811.jpg,test,COMPOSITE,"SPELLING:이름.{0,3}(뭐|무엇);;LOGO:브랜드;;OBJECT:무엇;;RELATION:위에",4
test_2812.jpg,test,OBJECT,OBJECT:무엇,1
test_2813.jpg,test,COMPOSITE,"SPELLING:이름.{0,3}(뭐|무엇);;OBJECT:무엇",2
test_2814.jpg,test,COMPOSITE,"SPELLING:이름.{0,3}(뭐|무엇);;LOGO:브랜드;;OBJECT:무엇",3
test_2815.jpg,test,COMPOSITE,"SPELLING:이름.{0,3}(뭐|무엇);;OBJECT:무엇",2
test_2816.jpg,test,COMPOSITE,"SPELLING:이름.{0,3}(뭐|무엇);;OBJECT:무엇",2
test_2817.jpg,test,OBJECT,OBJECT:무엇,1
test_2818.jpg,test,OBJECT,OBJECT:무엇,1
test_2819.jpg,test,COMPOSITE,NUMBER:번호;;OBJECT:무엇,2
test_2820.jpg,test,COMPOSITE,"SPELLING:이름.{0,3}(뭐|무엇);;OBJECT:무엇",2
test_2821.jpg,test,PRICE,PRICE:얼마,1
test_2822.jpg,test,COMPOSITE,SPELLING:글자;;OBJECT:무엇,2
test_2823.jpg,test,OBJECT,OBJECT:무엇,1
test_2824.jpg,test,OBJECT,OBJECT:있(나요|습니까|어),1
test_2825.jpg,test,OBJECT,OBJECT:있(나요|습니까|어),1
test_2826.jpg,test,PRICE,PRICE:가격,1
test_2827.jpg,test,OBJECT,OBJECT:무엇,1
test_2828.jpg,test,OBJECT,OBJECT:무엇,1
test_2829.jpg,test,OBJECT,OBJECT:무엇,1
test_2830.jpg,test,PRICE,PRICE:얼마,1
test_2831.jpg,test,OBJECT,OBJECT:있(나요|습니까|어),1
test_2832.jpg,test,OBJECT,OBJECT:무엇,1
test_2833.jpg,test,PRICE,PRICE:가격,1
test_2834.jpg,test,OBJECT,OBJECT:있(나요|습니까|어),1
test_2835.jpg,test,OBJECT,OBJECT:무엇,1
test_2836.jpg,test,UNKNOWN,,0
test_2837.jpg,test,PRICE,PRICE:가격,1
test_2838.jpg,test,PRICE,PRICE:가격,1
test_2839.jpg,test,OBJECT,OBJECT:무엇,1
test_2840.jpg,test,UNKNOWN,,0
test_2841.jpg,test,OBJECT,OBJECT:무엇,1
test_2842.jpg,test,OBJECT,OBJECT:무엇,1
test_2843.jpg,test,OBJECT,OBJECT:있(나요|습니까|어),1
test_2844.jpg,test,UNKNOWN,,0
test_2845.jpg,test,NUMBER,NUMBER:몇\s*개,1
test_2846.jpg,test,OBJECT,OBJECT:무엇,1
test_2847.jpg,test,OBJECT,OBJECT:무엇,1
test_2848.jpg,test,PRICE,PRICE:가격,1
test_2849.jpg,test,OBJECT,OBJECT:무엇,1
test_2850.jpg,test,OBJECT,OBJECT:무엇,1
test_2851.jpg,test,PRICE,PRICE:얼마,1
test_2852.jpg,test,COMPOSITE,"SPELLING:이름.{0,3}(뭐|무엇);;OBJECT:무엇",2
test_2853.jpg,test,OBJECT,OBJECT:무엇,1
test_2854.jpg,test,COMPOSITE,OBJECT:무엇;;RELATION:아래,2
test_2855.jpg,test,COMPOSITE,"SPELLING:이름.{0,3}(뭐|무엇);;OBJECT:무엇",2
test_2856.jpg,test,OBJECT,OBJECT:무엇,1
test_2857.jpg,test,PRICE,PRICE:얼마,1
test_2858.jpg,test,OBJECT,OBJECT:무엇,1
test_2859.jpg,test,TIMEDATE,TIMEDATE:몇\s*시,1
test_2860.jpg,test,OBJECT,OBJECT:무엇,1
test_2861.jpg,test,COMPOSITE,"SPELLING:이름.{0,3}(뭐|무엇);;OBJECT:무엇",2
test_2862.jpg,test,OBJECT,OBJECT:무엇,1
test_2863.jpg,test,OBJECT,OBJECT:무엇,1
test_2864.jpg,test,PRICE,PRICE:얼마,1
test_2865.jpg,test,COMPOSITE,PRICE:가격;;OBJECT:무엇,2
test_2866.jpg,test,COMPOSITE,"SPELLING:이름.{0,3}(뭐|무엇);;OBJECT:무엇",2
test_2867.jpg,test,OBJECT,OBJECT:있(나요|습니까|어),1
test_2868.jpg,test,COMPOSITE,SPELLING:글자;;OBJECT:무엇,2
test_2869.jpg,test,OBJECT,OBJECT:있(나요|습니까|어),1
test_2870.jpg,test,OBJECT,OBJECT:무엇,1
test_2871.jpg,test,COMPOSITE,"SPELLING:이름.{0,3}(뭐|무엇);;OBJECT:무엇",2
test_2872.jpg,test,OBJECT,OBJECT:무엇,1
test_2873.jpg,test,OBJECT,OBJECT:무엇,1
test_2874.jpg,test,OBJECT,OBJECT:무엇,1
test_2875.jpg,test,OBJECT,OBJECT:무엇,1
test_2876.jpg,test,UNKNOWN,,0
test_2877.jpg,test,OBJECT,OBJECT:무엇,1
test_2878.jpg,test,PRICE,PRICE:가격,1
test_2879.jpg,test,OBJECT,OBJECT:있(나요|습니까|어),1
test_2880.jpg,test,OBJECT,OBJECT:무엇,1
test_2881.jpg,test,OBJECT,OBJECT:무엇,1
test_2882.jpg,test,UNKNOWN,,0
test_2883.jpg,test,COMPOSITE,NUMBER:번호;;OBJECT:무엇,2
test_2884.jpg,test,COMPOSITE,"SPELLING:이름.{0,3}(뭐|무엇);;OBJECT:무엇",2
test_2885.jpg,test,OBJECT,OBJECT:무엇,1
test_2886.jpg,test,COMPOSITE,SPELLING:글자;;OBJECT:무엇,2
test_2887.jpg,test,OBJECT,OBJECT:무엇,1
test_2888.jpg,test,OBJECT,OBJECT:무엇,1
test_2889.jpg,test,NUMBER,NUMBER:몇\s*번,1
test_2890.jpg,test,COMPOSITE,NUMBER:몇\s*번;;OBJECT:있(나요|습니까|어),2
test_2891.jpg,test,OBJECT,OBJECT:무엇,1
test_2892.jpg,test,OBJECT,OBJECT:무엇,1
test_2893.jpg,test,OBJECT,OBJECT:무엇,1
test_2894.jpg,test,OBJECT,OBJECT:무엇,1
test_2895.jpg,test,COMPOSITE,"SPELLING:이름.{0,3}(뭐|무엇);;OBJECT:무엇",2
test_2896.jpg,test,OBJECT,OBJECT:있(나요|습니까|어),1
test_2897.jpg,test,OBJECT,OBJECT:무엇,1
test_2898.jpg,test,COMPOSITE,"SPELLING:이름.{0,3}(뭐|무엇);;OBJECT:무엇",2
test_2899.jpg,test,OBJECT,OBJECT:있(나요|습니까|어),1
test_2900.jpg,test,COMPOSITE,PRICE:가격;;OBJECT:무엇,2
test_2901.jpg,test,PRICE,PRICE:얼마,1
test_2902.jpg,test,COMPOSITE,"SPELLING:이름.{0,3}(뭐|무엇);;OBJECT:무엇",2
test_2903.jpg,test,COMPOSITE,"SPELLING:이름.{0,3}(뭐|무엇);;OBJECT:무엇",2
test_2904.jpg,test,OBJECT,OBJECT:있(나요|습니까|어),1
test_2905.jpg,test,TIMEDATE,TIMEDATE:언제,1
test_2906.jpg,test,OBJECT,OBJECT:무엇,1
test_2907.jpg,test,OBJECT,OBJECT:무엇,1
test_2908.jpg,test,PRICE,PRICE:얼마,1
test_2909.jpg,test,COMPOSITE,TIMEDATE:요일;;OBJECT:무엇,2
test_2910.jpg,test,COMPOSITE,"SPELLING:이름.{0,3}(뭐|무엇);;OBJECT:무엇",2
test_2911.jpg,test,OBJECT,OBJECT:무엇,1
test_2912.jpg,test,COMPOSITE,SPELLING:글자;;OBJECT:무엇,2
test_2913.jpg,test,OBJECT,OBJECT:무엇,1
test_2914.jpg,test,OBJECT,OBJECT:무엇,1
test_2915.jpg,test,COMPOSITE,"SPELLING:이름.{0,3}(뭐|무엇);;LOGO:브랜드;;OBJECT:무엇;;RELATION:위에",4
test_2916.jpg,test,OBJECT,OBJECT:무엇,1
test_2917.jpg,test,TIMEDATE,TIMEDATE:언제,1
test_2918.jpg,test,COMPOSITE,LOGO:브랜드;;OBJECT:있(나요|습니까|어),2
test_2919.jpg,test,UNKNOWN,,0
test_2920.jpg,test,OBJECT,OBJECT:무엇,1
test_2921.jpg,test,COMPOSITE,LOGO:브랜드;;OBJECT:무엇,2
test_2922.jpg,test,COMPOSITE,OBJECT:무엇;;RELATION:왼쪽,2
test_2923.jpg,test,UNKNOWN,,0
test_2924.jpg,test,COMPOSITE,"SPELLING:이름.{0,3}(뭐|무엇);;OBJECT:무엇",2
test_2925.jpg,test,COMPOSITE,NUMBER:번호;;OBJECT:무엇,2
test_2926.jpg,test,COMPOSITE,"SPELLING:이름.{0,3}(뭐|무엇);;OBJECT:무엇",2
test_2927.jpg,test,PRICE,PRICE:얼마,1
test_2928.jpg,test,OBJECT,OBJECT:무엇,1
test_2929.jpg,test,UNKNOWN,,0
test_2930.jpg,test,UNKNOWN,,0
test_2931.jpg,test,OBJECT,OBJECT:무엇,1
test_2932.jpg,test,OBJECT,OBJECT:무엇,1
test_2933.jpg,test,OBJECT,OBJECT:무엇,1
test_2934.jpg,test,OBJECT,OBJECT:무엇,1
test_2935.jpg,test,TIMEDATE,TIMEDATE:언제,1
test_2936.jpg,test,UNKNOWN,,0
test_2937.jpg,test,OBJECT,OBJECT:무엇,1
test_2938.jpg,test,OBJECT,OBJECT:무엇,1
test_2939.jpg,test,OBJECT,OBJECT:무엇,1
test_2940.jpg,test,OBJECT,OBJECT:무엇,1
test_2941.jpg,test,OBJECT,OBJECT:무엇,1
test_2942.jpg,test,TIMEDATE,TIMEDATE:언제,1
test_2943.jpg,test,COMPOSITE,PRICE:가격;;OBJECT:무엇,2
test_2944.jpg,test,TIMEDATE,TIMEDATE:언제,1
test_2945.jpg,test,OBJECT,OBJECT:무엇,1
test_2946.jpg,test,UNKNOWN,,0
test_2947.jpg,test,OBJECT,OBJECT:있(나요|습니까|어),1
test_2948.jpg,test,OBJECT,OBJECT:무엇,1
test_2949.jpg,test,PRICE,PRICE:얼마,1
test_2950.jpg,test,COMPOSITE,NUMBER:번호;;OBJECT:무엇,2
test_2951.jpg,test,PRICE,PRICE:가격,1
test_2952.jpg,test,COMPOSITE,"SPELLING:이름.{0,3}(뭐|무엇);;OBJECT:무엇",2
test_2953.jpg,test,OBJECT,OBJECT:무엇,1
test_2954.jpg,test,OBJECT,OBJECT:있(나요|습니까|어),1
test_2955.jpg,test,OBJECT,OBJECT:무엇,1
test_2956.jpg,test,OBJECT,OBJECT:무엇,1
test_2957.jpg,test,OBJECT,OBJECT:무엇,1
test_2958.jpg,test,COMPOSITE,NUMBER:번호;;OBJECT:무엇,2
test_2959.jpg,test,COMPOSITE,NUMBER:번호;;OBJECT:무엇,2
test_2960.jpg,test,OBJECT,OBJECT:있(나요|습니까|어),1
test_2961.jpg,test,COMPOSITE,TIMEDATE:날짜;;OBJECT:무엇,2
test_2962.jpg,test,COMPOSITE,"SPELLING:이름.{0,3}(뭐|무엇);;OBJECT:무엇",2
test_2963.jpg,test,UNKNOWN,,0
test_2964.jpg,test,COMPOSITE,TIMEDATE:요일;;OBJECT:무엇,2
test_2965.jpg,test,OBJECT,OBJECT:있(나요|습니까|어),1
test_2966.jpg,test,OBJECT,OBJECT:무엇,1
test_2967.jpg,test,COMPOSITE,"SPELLING:이름.{0,3}(뭐|무엇);;OBJECT:무엇",2
test_2968.jpg,test,OBJECT,OBJECT:무엇,1
test_2969.jpg,test,COMPOSITE,NUMBER:번호;;OBJECT:무엇,2
test_2970.jpg,test,OBJECT,OBJECT:무엇,1
test_2971.jpg,test,COMPOSITE,OBJECT:무엇;;RELATION:비교,2
test_2972.jpg,test,COMPOSITE,SPELLING:글자;;OBJECT:무엇,2
test_2973.jpg,test,OBJECT,OBJECT:무엇,1
test_2974.jpg,test,COMPOSITE,PRICE:얼마;;OBJECT:있(나요|습니까|어),2
test_2975.jpg,test,COMPOSITE,"SPELLING:이름.{0,3}(뭐|무엇);;OBJECT:무엇",2
test_2976.jpg,test,OBJECT,OBJECT:무엇,1
test_2977.jpg,test,COMPOSITE,"SPELLING:이름.{0,3}(뭐|무엇);;OBJECT:무엇",2
test_2978.jpg,test,OBJECT,OBJECT:무엇,1
test_2979.jpg,test,COMPOSITE,NUMBER:번호;;OBJECT:무엇,2
test_2980.jpg,test,OBJECT,OBJECT:무엇,1
test_2981.jpg,test,OBJECT,OBJECT:무엇,1
test_2982.jpg,test,OBJECT,OBJECT:무엇,1
test_2983.jpg,test,OBJECT,OBJECT:있(나요|습니까|어),1
test_2984.jpg,test,UNKNOWN,,0
test_2985.jpg,test,COMPOSITE,NUMBER:번호;;OBJECT:무엇,2
test_2986.jpg,test,OBJECT,OBJECT:무엇,1
test_2987.jpg,test,OBJECT,OBJECT:무엇,1
test_2988.jpg,test,OBJECT,OBJECT:무엇,1
test_2989.jpg,test,PRICE,PRICE:가격,1
test_2990.jpg,test,OBJECT,OBJECT:있(나요|습니까|어),1
test_2991.jpg,test,UNKNOWN,,0
test_2992.jpg,test,OBJECT,OBJECT:있(나요|습니까|어),1
test_2993.jpg,test,OBJECT,OBJECT:무엇,1
test_2994.jpg,test,OBJECT,OBJECT:무엇,1
test_2995.jpg,test,OBJECT,OBJECT:있(나요|습니까|어),1
test_2996.jpg,test,OBJECT,OBJECT:무엇,1
test_2997.jpg,test,OBJECT,OBJECT:무엇,1
test_2998.jpg,test,OBJECT,OBJECT:무엇,1
test_2999.jpg,test,OBJECT,OBJECT:무엇,1
test_3000.jpg,test,COMPOSITE,"SPELLING:이름.{0,3}(뭐|무엇);;OBJECT:무엇",2
test_3001.jpg,test,UNKNOWN,,0
test_3002.jpg,test,OBJECT,OBJECT:무엇,1
test_3003.jpg,test,OBJECT,OBJECT:무엇,1
test_3004.jpg,test,PRICE,PRICE:가격,1
test_3005.jpg,test,PRICE,PRICE:얼마,1
test_3006.jpg,test,COMPOSITE,"SPELLING:이름.{0,3}(뭐|무엇);;OBJECT:무엇",2
test_3007.jpg,test,PRICE,PRICE:가격,1
test_3008.jpg,test,OBJECT,OBJECT:무엇,1
test_3009.jpg,test,COMPOSITE,"SPELLING:이름.{0,3}(뭐|무엇);;LOGO:브랜드;;OBJECT:무엇;;RELATION:위에",4
test_3010.jpg,test,OBJECT,OBJECT:무엇,1
test_3011.jpg,test,PRICE,PRICE:얼마,1
test_3012.jpg,test,COMPOSITE,"SPELLING:이름.{0,3}(뭐|무엇);;OBJECT:무엇",2
test_3013.jpg,test,OBJECT,OBJECT:무엇,1
test_3014.jpg,test,OBJECT,OBJECT:무엇,1
test_3015.jpg,test,OBJECT,OBJECT:무엇,1
test_3016.jpg,test,OBJECT,OBJECT:무엇,1
test_3017.jpg,test,OBJECT,OBJECT:무엇,1
test_3018.jpg,test,COMPOSITE,OBJECT:무엇;;RELATION:위에,2
test_3019.jpg,test,COMPOSITE,"SPELLING:이름.{0,3}(뭐|무엇);;OBJECT:무엇",2
test_3020.jpg,test,PRICE,PRICE:얼마,1
test_3021.jpg,test,OBJECT,OBJECT:무엇,1
test_3022.jpg,test,COMPOSITE,"SPELLING:이름.{0,3}(뭐|무엇);;OBJECT:무엇",2
test_3023.jpg,test,PRICE,PRICE:가격,1
test_3024.jpg,test,OBJECT,OBJECT:무엇,1
test_3025.jpg,test,OBJECT,OBJECT:무엇,1
test_3026.jpg,test,COMPOSITE,"SPELLING:이름.{0,3}(뭐|무엇);;OBJECT:무엇",2
test_3027.jpg,test,OBJECT,OBJECT:무엇,1
test_3028.jpg,test,OBJECT,OBJECT:무엇,1
test_3029.jpg,test,PRICE,PRICE:가격,1
test_3030.jpg,test,COMPOSITE,LOGO:브랜드;;OBJECT:무엇,2
test_3031.jpg,test,PRICE,PRICE:가격,1
test_3032.jpg,test,UNKNOWN,,0
test_3033.jpg,test,OBJECT,OBJECT:있(나요|습니까|어),1
test_3034.jpg,test,COMPOSITE,"SPELLING:이름.{0,3}(뭐|무엇);;OBJECT:무엇",2
test_3035.jpg,test,COMPOSITE,"SPELLING:이름.{0,3}(뭐|무엇);;OBJECT:무엇",2
test_3036.jpg,test,OBJECT,OBJECT:무엇,1
test_3037.jpg,test,COMPOSITE,"SPELLING:이름.{0,3}(뭐|무엇);;OBJECT:무엇",2
test_3038.jpg,test,OBJECT,OBJECT:무엇,1
test_3039.jpg,test,COMPOSITE,"SPELLING:이름.{0,3}(뭐|무엇);;OBJECT:무엇",2
test_3040.jpg,test,PRICE,PRICE:가격,1
test_3041.jpg,test,PRICE,PRICE:가격,1
test_3042.jpg,test,OBJECT,OBJECT:무엇,1
test_3043.jpg,test,OBJECT,OBJECT:무엇,1
test_3044.jpg,test,COMPOSITE,"SPELLING:이름.{0,3}(뭐|무엇);;LOGO:브랜드;;OBJECT:무엇",3
test_3045.jpg,test,OBJECT,OBJECT:무엇,1
test_3046.jpg,test,COMPOSITE,LOGO:브랜드;;OBJECT:무엇,2
test_3047.jpg,test,COMPOSITE,"SPELLING:이름.{0,3}(뭐|무엇);;OBJECT:무엇",2
test_3048.jpg,test,COMPOSITE,"SPELLING:이름.{0,3}(뭐|무엇);;OBJECT:무엇",2
test_3049.jpg,test,OBJECT,OBJECT:무엇,1
test_3050.jpg,test,OBJECT,OBJECT:무엇,1
test_3051.jpg,test,PRICE,PRICE:얼마,1
test_3052.jpg,test,OBJECT,OBJECT:무엇,1
test_3053.jpg,test,OBJECT,OBJECT:무엇,1
test_3054.jpg,test,COMPOSITE,"SPELLING:이름.{0,3}(뭐|무엇);;OBJECT:무엇",2
test_3055.jpg,test,COMPOSITE,NUMBER:번호;;OBJECT:무엇,2
test_3056.jpg,test,COMPOSITE,"SPELLING:이름.{0,3}(뭐|무엇);;OBJECT:무엇",2
test_3057.jpg,test,UNKNOWN,,0
test_3058.jpg,test,COMPOSITE,NUMBER:번호;;OBJECT:무엇,2
test_3059.jpg,test,OBJECT,OBJECT:무엇,1
test_3060.jpg,test,OBJECT,OBJECT:무엇,1
test_3061.jpg,test,TIMEDATE,TIMEDATE:언제,1
test_3062.jpg,test,OBJECT,OBJECT:무엇,1
test_3063.jpg,test,COMPOSITE,NUMBER:번호;;OBJECT:무엇,2
test_3064.jpg,test,OBJECT,OBJECT:무엇,1
test_3065.jpg,test,PRICE,PRICE:가격,1
test_3066.jpg,test,UNKNOWN,,0
test_3067.jpg,test,COMPOSITE,PRICE:가격;;OBJECT:무엇,2
test_3068.jpg,test,UNKNOWN,,0
test_3069.jpg,test,OBJECT,OBJECT:무엇,1
test_3070.jpg,test,UNKNOWN,,0
test_3071.jpg,test,COMPOSITE,"SPELLING:이름.{0,3}(뭐|무엇);;OBJECT:무엇",2
test_3072.jpg,test,COMPOSITE,"SPELLING:이름.{0,3}(뭐|무엇);;OBJECT:무엇",2
test_3073.jpg,test,OBJECT,OBJECT:있(나요|습니까|어),1
test_3074.jpg,test,OBJECT,OBJECT:무엇,1
test_3075.jpg,test,UNKNOWN,,0
test_3076.jpg,test,COMPOSITE,"SPELLING:이름.{0,3}(뭐|무엇);;OBJECT:무엇",2
test_3077.jpg,test,OBJECT,OBJECT:무엇,1
test_3078.jpg,test,OBJECT,OBJECT:무엇,1
test_3079.jpg,test,OBJECT,OBJECT:무엇,1
test_3080.jpg,test,OBJECT,OBJECT:무엇,1
test_3081.jpg,test,OBJECT,OBJECT:무엇,1
test_3082.jpg,test,COMPOSITE,"SPELLING:이름.{0,3}(뭐|무엇);;OBJECT:무엇",2
test_3083.jpg,test,PRICE,PRICE:가격,1
test_3084.jpg,test,OBJECT,OBJECT:무엇,1
test_3085.jpg,test,OBJECT,OBJECT:있(나요|습니까|어),1
test_3086.jpg,test,COMPOSITE,SPELLING:글자;;OBJECT:무엇,2
test_3087.jpg,test,OBJECT,OBJECT:무엇,1
test_3088.jpg,test,OBJECT,OBJECT:있(나요|습니까|어),1
test_3089.jpg,test,UNKNOWN,,0
test_3090.jpg,test,COMPOSITE,"SPELLING:이름.{0,3}(뭐|무엇);;OBJECT:무엇",2
test_3091.jpg,test,COMPOSITE,"SPELLING:이름.{0,3}(뭐|무엇);;OBJECT:무엇",2
test_3092.jpg,test,COMPOSITE,"SPELLING:이름.{0,3}(뭐|무엇);;OBJECT:무엇",2
test_3093.jpg,test,OBJECT,OBJECT:무엇,1
test_3094.jpg,test,OBJECT,OBJECT:무엇,1
test_3095.jpg,test,OBJECT,OBJECT:있(나요|습니까|어),1
test_3096.jpg,test,TIMEDATE,TIMEDATE:몇\s*시,1
test_3097.jpg,test,COMPOSITE,NUMBER:번호;;OBJECT:무엇,2
test_3098.jpg,test,OBJECT,OBJECT:무엇,1
test_3099.jpg,test,UNKNOWN,,0
test_3100.jpg,test,UNKNOWN,,0
test_3101.jpg,test,COMPOSITE,"SPELLING:이름.{0,3}(뭐|무엇);;OBJECT:무엇",2
test_3102.jpg,test,OBJECT,OBJECT:무엇,1
test_3103.jpg,test,OBJECT,OBJECT:무엇,1
test_3104.jpg,test,OBJECT,OBJECT:무엇,1
test_3105.jpg,test,OBJECT,OBJECT:무엇,1
test_3106.jpg,test,OBJECT,OBJECT:무엇,1
test_3107.jpg,test,COMPOSITE,"SPELLING:이름.{0,3}(뭐|무엇);;OBJECT:무엇",2
test_3108.jpg,test,OBJECT,OBJECT:무엇,1
test_3109.jpg,test,COMPOSITE,"SPELLING:이름.{0,3}(뭐|무엇);;OBJECT:무엇",2
test_3110.jpg,test,OBJECT,OBJECT:무엇,1
test_3111.jpg,test,PRICE,PRICE:가격,1
test_3112.jpg,test,OBJECT,OBJECT:있(나요|습니까|어),1
test_3113.jpg,test,COMPOSITE,"SPELLING:이름.{0,3}(뭐|무엇);;OBJECT:무엇",2
test_3114.jpg,test,OBJECT,OBJECT:무엇,1
test_3115.jpg,test,UNKNOWN,,0
test_3116.jpg,test,COMPOSITE,OBJECT:무엇;;RELATION:아래,2
test_3117.jpg,test,OBJECT,OBJECT:무엇,1
test_3118.jpg,test,OBJECT,OBJECT:있(나요|습니까|어),1
test_3119.jpg,test,OBJECT,OBJECT:무엇,1
test_3120.jpg,test,COMPOSITE,OBJECT:무엇;;RELATION:위에,2
test_3121.jpg,test,COMPOSITE,"SPELLING:이름.{0,3}(뭐|무엇);;OBJECT:무엇",2
test_3122.jpg,test,OBJECT,OBJECT:무엇,1
test_3123.jpg,test,OBJECT,OBJECT:무엇,1
test_3124.jpg,test,OBJECT,OBJECT:무엇,1
test_3125.jpg,test,OBJECT,OBJECT:무엇,1
test_3126.jpg,test,OBJECT,OBJECT:무엇,1
test_3127.jpg,test,COMPOSITE,NUMBER:번호;;OBJECT:무엇,2
test_3128.jpg,test,COMPOSITE,"SPELLING:이름.{0,3}(뭐|무엇);;OBJECT:무엇",2
test_3129.jpg,test,OBJECT,OBJECT:무엇,1
test_3130.jpg,test,PRICE,PRICE:얼마,1
test_3131.jpg,test,OBJECT,OBJECT:무엇,1
test_3132.jpg,test,COMPOSITE,"SPELLING:이름.{0,3}(뭐|무엇);;OBJECT:무엇",2
test_3133.jpg,test,PRICE,PRICE:얼마,1
test_3134.jpg,test,OBJECT,OBJECT:무엇,1
test_3135.jpg,test,COMPOSITE,SPELLING:글자;;OBJECT:무엇,2
test_3136.jpg,test,COMPOSITE,"SPELLING:이름.{0,3}(뭐|무엇);;LOGO:브랜드;;OBJECT:무엇;;RELATION:위에",4
test_3137.jpg,test,COMPOSITE,NUMBER:몇\s*번;;OBJECT:있(나요|습니까|어),2
test_3138.jpg,test,OBJECT,OBJECT:무엇,1
test_3139.jpg,test,COMPOSITE,"SPELLING:이름.{0,3}(뭐|무엇);;OBJECT:무엇",2
test_3140.jpg,test,OBJECT,OBJECT:무엇,1
test_3141.jpg,test,UNKNOWN,,0
test_3142.jpg,test,COMPOSITE,"SPELLING:이름.{0,3}(뭐|무엇);;OBJECT:무엇",2
test_3143.jpg,test,OBJECT,OBJECT:무엇,1
test_3144.jpg,test,OBJECT,OBJECT:무엇,1
test_3145.jpg,test,COMPOSITE,"SPELLING:이름.{0,3}(뭐|무엇);;LOGO:브랜드;;OBJECT:무엇",3
test_3146.jpg,test,PRICE,PRICE:가격,1
test_3147.jpg,test,OBJECT,OBJECT:무엇,1
test_3148.jpg,test,COMPOSITE,"SPELLING:이름.{0,3}(뭐|무엇);;OBJECT:무엇",2
test_3149.jpg,test,OBJECT,OBJECT:무엇,1
test_3150.jpg,test,OBJECT,OBJECT:있(나요|습니까|어),1
test_3151.jpg,test,COMPOSITE,"SPELLING:이름.{0,3}(뭐|무엇);;OBJECT:무엇",2
test_3152.jpg,test,NUMBER,NUMBER:번호,1
test_3153.jpg,test,OBJECT,OBJECT:무엇,1
test_3154.jpg,test,OBJECT,OBJECT:무엇,1
test_3155.jpg,test,TIMEDATE,TIMEDATE:언제,1
test_3156.jpg,test,PRICE,PRICE:가격,1
test_3157.jpg,test,PRICE,PRICE:가격,1
test_3158.jpg,test,OBJECT,OBJECT:무엇,1
test_3159.jpg,test,TIMEDATE,TIMEDATE:기간,1
test_3160.jpg,test,UNKNOWN,,0
test_3161.jpg,test,UNKNOWN,,0
test_3162.jpg,test,COMPOSITE,"SPELLING:이름.{0,3}(뭐|무엇);;LOGO:브랜드;;OBJECT:무엇",3
test_3163.jpg,test,UNKNOWN,,0
test_3164.jpg,test,COMPOSITE,SPELLING:글자;;OBJECT:무엇,2
test_3165.jpg,test,COMPOSITE,NUMBER:번호;;OBJECT:무엇,2
test_3166.jpg,test,COMPOSITE,OBJECT:무엇;;RELATION:오른쪽,2
test_3167.jpg,test,UNKNOWN,,0
test_3168.jpg,test,COMPOSITE,PRICE:얼마;;RELATION:오른쪽,2
test_3169.jpg,test,OBJECT,OBJECT:무엇,1
test_3170.jpg,test,COMPOSITE,"SPELLING:이름.{0,3}(뭐|무엇);;OBJECT:무엇",2
test_3171.jpg,test,OBJECT,OBJECT:무엇,1
test_3172.jpg,test,COMPOSITE,"SPELLING:이름.{0,3}(뭐|무엇);;OBJECT:무엇",2
test_3173.jpg,test,OBJECT,OBJECT:무엇,1
test_3174.jpg,test,UNKNOWN,,0
test_3175.jpg,test,TIMEDATE,TIMEDATE:언제,1
test_3176.jpg,test,OBJECT,OBJECT:무엇,1
test_3177.jpg,test,COMPOSITE,SPELLING:글자;;OBJECT:무엇,2
test_3178.jpg,test,TIMEDATE,TIMEDATE:언제,1
test_3179.jpg,test,COMPOSITE,"SPELLING:이름.{0,3}(뭐|무엇);;OBJECT:무엇",2
test_3180.jpg,test,OBJECT,OBJECT:무엇,1
test_3181.jpg,test,UNKNOWN,,0
test_3182.jpg,test,UNKNOWN,,0
test_3183.jpg,test,OBJECT,OBJECT:있(나요|습니까|어),1
test_3184.jpg,test,OBJECT,OBJECT:무엇,1
test_3185.jpg,test,OBJECT,OBJECT:무엇,1
test_3186.jpg,test,COMPOSITE,"SPELLING:이름.{0,3}(뭐|무엇);;OBJECT:무엇",2
test_3187.jpg,test,COMPOSITE,"SPELLING:이름.{0,3}(뭐|무엇);;OBJECT:무엇",2
test_3188.jpg,test,OBJECT,OBJECT:무엇,1
test_3189.jpg,test,UNKNOWN,,0
test_3190.jpg,test,COMPOSITE,SPELLING:글자;;OBJECT:무엇,2
test_3191.jpg,test,OBJECT,OBJECT:있(나요|습니까|어),1
test_3192.jpg,test,PRICE,PRICE:얼마,1
test_3193.jpg,test,OBJECT,OBJECT:무엇,1
test_3194.jpg,test,COMPOSITE,"SPELLING:이름.{0,3}(뭐|무엇);;OBJECT:무엇",2
test_3195.jpg,test,OBJECT,OBJECT:무엇,1
test_3196.jpg,test,OBJECT,OBJECT:무엇,1
test_3197.jpg,test,OBJECT,OBJECT:무엇,1
test_3198.jpg,test,OBJECT,OBJECT:무엇,1
test_3199.jpg,test,COMPOSITE,"SPELLING:이름.{0,3}(뭐|무엇);;OBJECT:무엇",2
test_3200.jpg,test,OBJECT,OBJECT:무엇,1
test_3201.jpg,test,OBJECT,OBJECT:무엇,1
test_3202.jpg,test,COMPOSITE,SPELLING:글자;;OBJECT:무엇,2
test_3203.jpg,test,OBJECT,OBJECT:무엇,1
test_3204.jpg,test,OBJECT,OBJECT:무엇,1
test_3205.jpg,test,COMPOSITE,"SPELLING:이름.{0,3}(뭐|무엇);;OBJECT:무엇",2
test_3206.jpg,test,OBJECT,OBJECT:무엇,1
test_3207.jpg,test,OBJECT,OBJECT:무엇,1
test_3208.jpg,test,OBJECT,OBJECT:무엇,1
test_3209.jpg,test,OBJECT,OBJECT:무엇,1
test_3210.jpg,test,COMPOSITE,SPELLING:글자;;OBJECT:무엇,2
test_3211.jpg,test,COMPOSITE,"SPELLING:이름.{0,3}(뭐|무엇);;OBJECT:무엇",2
test_3212.jpg,test,COMPOSITE,TIMEDATE:요일;;TABLE:표에서;;OBJECT:무엇,3
test_3213.jpg,test,COMPOSITE,"SPELLING:이름.{0,3}(뭐|무엇);;OBJECT:무엇",2
test_3214.jpg,test,COMPOSITE,"SPELLING:이름.{0,3}(뭐|무엇);;LOGO:브랜드;;OBJECT:무엇",3
test_3215.jpg,test,OBJECT,OBJECT:무엇,1
test_3216.jpg,test,COMPOSITE,"SPELLING:이름.{0,3}(뭐|무엇);;OBJECT:무엇",2
test_3217.jpg,test,OBJECT,OBJECT:무엇,1
test_3218.jpg,test,OBJECT,OBJECT:무엇,1
test_3219.jpg,test,OBJECT,OBJECT:무엇,1
test_3220.jpg,test,COMPOSITE,"SPELLING:이름.{0,3}(뭐|무엇);;OBJECT:무엇",2
test_3221.jpg,test,OBJECT,OBJECT:무엇,1
test_3222.jpg,test,COMPOSITE,NUMBER:번호;;OBJECT:무엇,2
test_3223.jpg,test,OBJECT,OBJECT:무엇,1
test_3224.jpg,test,OBJECT,OBJECT:무엇,1
test_3225.jpg,test,COMPOSITE,NUMBER:번호;;OBJECT:무엇,2
test_3226.jpg,test,OBJECT,OBJECT:있(나요|습니까|어),1
test_3227.jpg,test,UNKNOWN,,0
test_3228.jpg,test,OBJECT,OBJECT:무엇,1
test_3229.jpg,test,PRICE,PRICE:얼마,1
test_3230.jpg,test,COMPOSITE,SPELLING:글자;;OBJECT:무엇,2
test_3231.jpg,test,OBJECT,OBJECT:무엇,1
test_3232.jpg,test,COMPOSITE,NUMBER:번호;;OBJECT:무엇,2
test_3233.jpg,test,COMPOSITE,"SPELLING:이름.{0,3}(뭐|무엇);;OBJECT:무엇",2
test_3234.jpg,test,COMPOSITE,OBJECT:무엇;;RELATION:위에,2
test_3235.jpg,test,OBJECT,OBJECT:무엇,1
test_3236.jpg,test,COMPOSITE,"SPELLING:이름.{0,3}(뭐|무엇);;OBJECT:무엇",2
test_3237.jpg,test,OBJECT,OBJECT:무엇,1
test_3238.jpg,test,UNKNOWN,,0
test_3239.jpg,test,OBJECT,OBJECT:무엇,1
test_3240.jpg,test,OBJECT,OBJECT:무엇,1
test_3241.jpg,test,TIMEDATE,TIMEDATE:언제,1
test_3242.jpg,test,COMPOSITE,SPELLING:글자;;OBJECT:무엇,2
test_3243.jpg,test,OBJECT,OBJECT:있(나요|습니까|어),1
test_3244.jpg,test,OBJECT,OBJECT:무엇,1
test_3245.jpg,test,UNKNOWN,,0
test_3246.jpg,test,OBJECT,OBJECT:무엇,1
test_3247.jpg,test,TIMEDATE,TIMEDATE:언제,1
test_3248.jpg,test,PRICE,PRICE:가격,1
test_3249.jpg,test,COMPOSITE,OBJECT:무엇;;RELATION:아래,2
test_3250.jpg,test,PRICE,PRICE:가격,1
test_3251.jpg,test,OBJECT,OBJECT:무엇,1
test_3252.jpg,test,TIMEDATE,TIMEDATE:영업\s*시간,1
test_3253.jpg,test,UNKNOWN,,0
test_3254.jpg,test,OBJECT,OBJECT:무엇,1
test_3255.jpg,test,OBJECT,OBJECT:무엇,1
test_3256.jpg,test,OBJECT,OBJECT:무엇,1
test_3257.jpg,test,COMPOSITE,"SPELLING:이름.{0,3}(뭐|무엇);;OBJECT:무엇",2
test_3258.jpg,test,PRICE,PRICE:얼마,1
test_3259.jpg,test,PRICE,PRICE:가격,1
test_3260.jpg,test,OBJECT,OBJECT:무엇,1
test_3261.jpg,test,COMPOSITE,"SPELLING:이름.{0,3}(뭐|무엇);;OBJECT:무엇",2
test_3262.jpg,test,PRICE,PRICE:얼마,1
test_3263.jpg,test,OBJECT,OBJECT:무엇,1
test_3264.jpg,test,PRICE,PRICE:얼마,1
test_3265.jpg,test,TIMEDATE,TIMEDATE:언제,1
test_3266.jpg,test,OBJECT,OBJECT:무엇,1
test_3267.jpg,test,UNKNOWN,,0
test_3268.jpg,test,COMPOSITE,"SPELLING:이름.{0,3}(뭐|무엇);;OBJECT:무엇",2
test_3269.jpg,test,COMPOSITE,"SPELLING:이름.{0,3}(뭐|무엇);;OBJECT:무엇",2
test_3270.jpg,test,OBJECT,OBJECT:무엇,1
test_3271.jpg,test,PRICE,PRICE:얼마,1
test_3272.jpg,test,PRICE,PRICE:가격,1
test_3273.jpg,test,COMPOSITE,"SPELLING:이름.{0,3}(뭐|무엇);;OBJECT:무엇",2
test_3274.jpg,test,OBJECT,OBJECT:무엇,1
test_3275.jpg,test,COMPOSITE,"SPELLING:이름.{0,3}(뭐|무엇);;OBJECT:무엇",2
test_3276.jpg,test,PRICE,PRICE:얼마,1
test_3277.jpg,test,OBJECT,OBJECT:있(나요|습니까|어),1
test_3278.jpg,test,OBJECT,OBJECT:있(나요|습니까|어),1
test_3279.jpg,test,COMPOSITE,"SPELLING:이름.{0,3}(뭐|무엇);;OBJECT:무엇",2
test_3280.jpg,test,COMPOSITE,LOGO:브랜드;;OBJECT:있(나요|습니까|어),2
test_3281.jpg,test,OBJECT,OBJECT:무엇,1
test_3282.jpg,test,OBJECT,OBJECT:무엇,1
test_3283.jpg,test,OBJECT,OBJECT:무엇,1
test_3284.jpg,test,OBJECT,OBJECT:무엇,1
test_3285.jpg,test,COMPOSITE,"SPELLING:이름.{0,3}(뭐|무엇);;OBJECT:무엇",2
test_3286.jpg,test,TIMEDATE,TIMEDATE:언제,1
test_3287.jpg,test,COMPOSITE,SPELLING:글자;;OBJECT:무엇,2
test_3288.jpg,test,TIMEDATE,TIMEDATE:언제,1
test_3289.jpg,test,COMPOSITE,"SPELLING:이름.{0,3}(뭐|무엇);;OBJECT:무엇",2
test_3290.jpg,test,OBJECT,OBJECT:무엇,1
test_3291.jpg,test,COMPOSITE,NUMBER:몇\s*개;;OBJECT:있(나요|습니까|어),2
test_3292.jpg,test,PRICE,PRICE:가격,1
test_3293.jpg,test,PRICE,PRICE:가격,1
test_3294.jpg,test,PRICE,PRICE:얼마,1
test_3295.jpg,test,OBJECT,OBJECT:무엇,1
test_3296.jpg,test,OBJECT,OBJECT:무엇,1
test_3297.jpg,test,COMPOSITE,LOGO:로고;;OBJECT:무엇,2
test_3298.jpg,test,UNKNOWN,,0
test_3299.jpg,test,OBJECT,OBJECT:무엇,1
test_3300.jpg,test,UNKNOWN,,0
test_3301.jpg,test,UNKNOWN,,0
test_3302.jpg,test,TIMEDATE,TIMEDATE:기간,1
test_3303.jpg,test,TIMEDATE,TIMEDATE:영업\s*시간,1
test_3304.jpg,test,COMPOSITE,NUMBER:번호;;OBJECT:무엇,2
test_3305.jpg,test,COMPOSITE,"SPELLING:이름.{0,3}(뭐|무엇);;OBJECT:무엇",2
test_3306.jpg,test,COMPOSITE,"SPELLING:이름.{0,3}(뭐|무엇);;LOGO:브랜드;;OBJECT:무엇",3
test_3307.jpg,test,PRICE,PRICE:가격,1
test_3308.jpg,test,OBJECT,OBJECT:무엇,1
test_3309.jpg,test,COMPOSITE,SPELLING:글자;;OBJECT:무엇;;RELATION:위에,3
test_3310.jpg,test,TIMEDATE,TIMEDATE:날짜,1
test_3311.jpg,test,COMPOSITE,"SPELLING:이름.{0,3}(뭐|무엇);;OBJECT:무엇",2
test_3312.jpg,test,TIMEDATE,TIMEDATE:기간,1
test_3313.jpg,test,OBJECT,OBJECT:무엇,1
test_3314.jpg,test,COMPOSITE,"SPELLING:이름.{0,3}(뭐|무엇);;OBJECT:무엇",2
test_3315.jpg,test,COMPOSITE,"SPELLING:이름.{0,3}(뭐|무엇);;OBJECT:무엇",2
test_3316.jpg,test,OBJECT,OBJECT:무엇,1
test_3317.jpg,test,PRICE,PRICE:가격,1
test_3318.jpg,test,OBJECT,OBJECT:무엇,1
test_3319.jpg,test,COMPOSITE,"SPELLING:이름.{0,3}(뭐|무엇);;LOGO:브랜드;;OBJECT:무엇",3
test_3320.jpg,test,COMPOSITE,PRICE:가격;;OBJECT:있(나요|습니까|어),2
test_3321.jpg,test,OBJECT,OBJECT:무엇,1
test_3322.jpg,test,COMPOSITE,TABLE:항목;;OBJECT:무엇,2
test_3323.jpg,test,OBJECT,OBJECT:무엇,1
test_3324.jpg,test,UNKNOWN,,0
test_3325.jpg,test,OBJECT,OBJECT:있(나요|습니까|어),1
test_3326.jpg,test,COMPOSITE,"SPELLING:이름.{0,3}(뭐|무엇);;OBJECT:무엇",2
test_3327.jpg,test,COMPOSITE,"SPELLING:이름.{0,3}(뭐|무엇);;OBJECT:무엇",2
test_3328.jpg,test,PRICE,PRICE:얼마,1
test_3329.jpg,test,OBJECT,OBJECT:무엇,1
test_3330.jpg,test,OBJECT,OBJECT:무엇,1
test_3331.jpg,test,NUMBER,NUMBER:번호,1
test_3332.jpg,test,OBJECT,OBJECT:무엇,1
test_3333.jpg,test,OBJECT,OBJECT:무엇,1
test_3334.jpg,test,UNKNOWN,,0
test_3335.jpg,test,OBJECT,OBJECT:무엇,1
test_3336.jpg,test,UNKNOWN,,0
test_3337.jpg,test,COMPOSITE,NUMBER:번호;;OBJECT:무엇,2
test_3338.jpg,test,COMPOSITE,"SPELLING:이름.{0,3}(뭐|무엇);;OBJECT:무엇",2
test_3339.jpg,test,OBJECT,OBJECT:있(나요|습니까|어),1
test_3340.jpg,test,COMPOSITE,SPELLING:글자;;OBJECT:무엇,2
test_3341.jpg,test,OBJECT,OBJECT:무엇,1
test_3342.jpg,test,COMPOSITE,"SPELLING:이름.{0,3}(뭐|무엇);;LOGO:브랜드;;OBJECT:무엇",3
test_3343.jpg,test,UNKNOWN,,0
test_3344.jpg,test,PRICE,PRICE:가격,1
test_3345.jpg,test,TIMEDATE,TIMEDATE:언제,1
test_3346.jpg,test,COMPOSITE,OBJECT:무엇;;RELATION:위에,2
test_3347.jpg,test,OBJECT,OBJECT:무엇,1
test_3348.jpg,test,PRICE,PRICE:가격,1
test_3349.jpg,test,OBJECT,OBJECT:무엇,1
test_3350.jpg,test,OBJECT,OBJECT:무엇,1
test_3351.jpg,test,OBJECT,OBJECT:무엇,1
test_3352.jpg,test,OBJECT,OBJECT:무엇,1
test_3353.jpg,test,OBJECT,OBJECT:무엇,1
test_3354.jpg,test,COMPOSITE,"SPELLING:이름.{0,3}(뭐|무엇);;LOGO:브랜드;;OBJECT:무엇",3
test_3355.jpg,test,OBJECT,OBJECT:무엇,1
test_3356.jpg,test,COMPOSITE,SPELLING:글자;;OBJECT:무엇,2
test_3357.jpg,test,COMPOSITE,"SPELLING:이름.{0,3}(뭐|무엇);;OBJECT:무엇",2
test_3358.jpg,test,COMPOSITE,SPELLING:글자;;OBJECT:무엇,2
test_3359.jpg,test,COMPOSITE,"SPELLING:이름.{0,3}(뭐|무엇);;OBJECT:무엇",2
test_3360.jpg,test,PRICE,PRICE:얼마,1
test_3361.jpg,test,COMPOSITE,"SPELLING:이름.{0,3}(뭐|무엇);;OBJECT:무엇",2
test_3362.jpg,test,OBJECT,OBJECT:무엇,1
test_3363.jpg,test,COMPOSITE,"SPELLING:이름.{0,3}(뭐|무엇);;OBJECT:무엇",2
test_3364.jpg,test,COMPOSITE,"SPELLING:이름.{0,3}(뭐|무엇);;OBJECT:무엇",2
test_3365.jpg,test,OBJECT,OBJECT:무엇,1
test_3366.jpg,test,OBJECT,OBJECT:무엇,1
test_3367.jpg,test,COMPOSITE,"SPELLING:이름.{0,3}(뭐|무엇);;OBJECT:무엇",2
test_3368.jpg,test,OBJECT,OBJECT:무엇,1
test_3369.jpg,test,OBJECT,OBJECT:무엇,1
test_3370.jpg,test,OBJECT,OBJECT:무엇,1
test_3371.jpg,test,OBJECT,OBJECT:무엇,1
test_3372.jpg,test,COMPOSITE,"SPELLING:이름.{0,3}(뭐|무엇);;OBJECT:무엇",2
test_3373.jpg,test,OBJECT,OBJECT:무엇,1
test_3374.jpg,test,COMPOSITE,"SPELLING:이름.{0,3}(뭐|무엇);;OBJECT:무엇",2
test_3375.jpg,test,COMPOSITE,LOGO:브랜드;;OBJECT:있(나요|습니까|어),2
test_3376.jpg,test,OBJECT,OBJECT:무엇,1
test_3377.jpg,test,COMPOSITE,"SPELLING:이름.{0,3}(뭐|무엇);;OBJECT:무엇",2
test_3378.jpg,test,PRICE,PRICE:가격,1
test_3379.jpg,test,COMPOSITE,"SPELLING:이름.{0,3}(뭐|무엇);;OBJECT:무엇",2
test_3380.jpg,test,OBJECT,OBJECT:무엇,1
test_3381.jpg,test,COMPOSITE,OBJECT:무엇;;RELATION:위에,2
test_3382.jpg,test,OBJECT,OBJECT:무엇,1
test_3383.jpg,test,OBJECT,OBJECT:무엇,1
test_3384.jpg,test,OBJECT,OBJECT:무엇,1
test_3385.jpg,test,PRICE,PRICE:가격,1
test_3386.jpg,test,OBJECT,OBJECT:있(나요|습니까|어),1
test_3387.jpg,test,COMPOSITE,"SPELLING:이름.{0,3}(뭐|무엇);;LOGO:브랜드;;OBJECT:무엇",3
test_3388.jpg,test,OBJECT,OBJECT:무엇,1
test_3389.jpg,test,UNKNOWN,,0
test_3390.jpg,test,OBJECT,OBJECT:무엇,1
test_3391.jpg,test,COMPOSITE,"SPELLING:이름.{0,3}(뭐|무엇);;OBJECT:무엇",2
test_3392.jpg,test,PRICE,PRICE:가격,1
test_3393.jpg,test,COMPOSITE,TABLE:항목;;OBJECT:무엇,2
test_3394.jpg,test,OBJECT,OBJECT:무엇,1
test_3395.jpg,test,COMPOSITE,"SPELLING:이름.{0,3}(뭐|무엇);;OBJECT:무엇",2
test_3396.jpg,test,OBJECT,OBJECT:무엇,1
test_3397.jpg,test,UNKNOWN,,0
test_3398.jpg,test,OBJECT,OBJECT:무엇,1
test_3399.jpg,test,COMPOSITE,"SPELLING:이름.{0,3}(뭐|무엇);;OBJECT:무엇",2
test_3400.jpg,test,COMPOSITE,"SPELLING:이름.{0,3}(뭐|무엇);;OBJECT:무엇",2
test_3401.jpg,test,OBJECT,OBJECT:무엇,1
test_3402.jpg,test,OBJECT,OBJECT:무엇,1
test_3403.jpg,test,PRICE,PRICE:가격,1
test_3404.jpg,test,OBJECT,OBJECT:무엇,1
test_3405.jpg,test,COMPOSITE,LOGO:브랜드;;OBJECT:무엇,2
test_3406.jpg,test,COMPOSITE,"SPELLING:이름.{0,3}(뭐|무엇);;OBJECT:무엇;;RELATION:왼쪽",3
test_3407.jpg,test,OBJECT,OBJECT:무엇,1
test_3408.jpg,test,COMPOSITE,"SPELLING:이름.{0,3}(뭐|무엇);;OBJECT:무엇",2
test_3409.jpg,test,COMPOSITE,"SPELLING:이름.{0,3}(뭐|무엇);;OBJECT:무엇",2
test_3410.jpg,test,UNKNOWN,,0
test_3411.jpg,test,OBJECT,OBJECT:무엇,1
test_3412.jpg,test,COMPOSITE,"SPELLING:이름.{0,3}(뭐|무엇);;OBJECT:무엇",2
test_3413.jpg,test,COMPOSITE,NUMBER:번호;;OBJECT:무엇,2
test_3414.jpg,test,PRICE,PRICE:가격,1
test_3415.jpg,test,PRICE,PRICE:가격,1
test_3416.jpg,test,OBJECT,OBJECT:무엇,1
test_3417.jpg,test,COMPOSITE,"SPELLING:이름.{0,3}(뭐|무엇);;OBJECT:무엇",2
test_3418.jpg,test,OBJECT,OBJECT:무엇,1
test_3419.jpg,test,PRICE,PRICE:가격,1
test_3420.jpg,test,OBJECT,OBJECT:있(나요|습니까|어),1
test_3421.jpg,test,COMPOSITE,"SPELLING:이름.{0,3}(뭐|무엇);;OBJECT:무엇",2
test_3422.jpg,test,COMPOSITE,SPELLING:글자;;OBJECT:무엇,2
test_3423.jpg,test,OBJECT,OBJECT:무엇,1
test_3424.jpg,test,OBJECT,OBJECT:무엇,1
test_3425.jpg,test,OBJECT,OBJECT:무엇,1
test_3426.jpg,test,OBJECT,OBJECT:무엇,1
test_3427.jpg,test,PRICE,PRICE:가격,1
test_3428.jpg,test,COMPOSITE,NUMBER:번호;;OBJECT:무엇,2
test_3429.jpg,test,COMPOSITE,SPELLING:글자;;OBJECT:무엇,2
test_3430.jpg,test,COMPOSITE,OBJECT:무엇;;RELATION:위에,2
test_3431.jpg,test,OBJECT,OBJECT:무엇,1
test_3432.jpg,test,PRICE,PRICE:얼마,1
test_3433.jpg,test,COMPOSITE,PRICE:가격;;LOGO:브랜드,2
test_3434.jpg,test,TIMEDATE,TIMEDATE:언제,1
test_3435.jpg,test,OBJECT,OBJECT:무엇,1
test_3436.jpg,test,OBJECT,OBJECT:무엇,1
test_3437.jpg,test,OBJECT,OBJECT:무엇,1
test_3438.jpg,test,COMPOSITE,"SPELLING:이름.{0,3}(뭐|무엇);;OBJECT:무엇",2
test_3439.jpg,test,TIMEDATE,TIMEDATE:몇\s*시,1
test_3440.jpg,test,OBJECT,OBJECT:있(나요|습니까|어),1
test_3441.jpg,test,OBJECT,OBJECT:무엇,1
test_3442.jpg,test,OBJECT,OBJECT:무엇,1
test_3443.jpg,test,OBJECT,OBJECT:무엇,1
test_3444.jpg,test,COMPOSITE,"SPELLING:이름.{0,3}(뭐|무엇);;LOGO:브랜드;;OBJECT:무엇",3
test_3445.jpg,test,OBJECT,OBJECT:무엇,1
test_3446.jpg,test,COMPOSITE,"SPELLING:이름.{0,3}(뭐|무엇);;OBJECT:무엇",2
test_3447.jpg,test,OBJECT,OBJECT:무엇,1
test_3448.jpg,test,COMPOSITE,"SPELLING:이름.{0,3}(뭐|무엇);;OBJECT:무엇",2
test_3449.jpg,test,PRICE,PRICE:가격,1
test_3450.jpg,test,COMPOSITE,NUMBER:번호;;OBJECT:무엇,2
test_3451.jpg,test,COMPOSITE,NUMBER:번호;;OBJECT:무엇,2
test_3452.jpg,test,OBJECT,OBJECT:무엇,1
test_3453.jpg,test,OBJECT,OBJECT:무엇,1
test_3454.jpg,test,UNKNOWN,,0
test_3455.jpg,test,OBJECT,OBJECT:무엇,1
test_3456.jpg,test,OBJECT,OBJECT:무엇,1
test_3457.jpg,test,COMPOSITE,"SPELLING:이름.{0,3}(뭐|무엇);;OBJECT:무엇",2
test_3458.jpg,test,OBJECT,OBJECT:있(나요|습니까|어),1
test_3459.jpg,test,UNKNOWN,,0
test_3460.jpg,test,OBJECT,OBJECT:무엇,1
test_3461.jpg,test,TIMEDATE,TIMEDATE:언제,1
test_3462.jpg,test,TIMEDATE,TIMEDATE:언제,1
test_3463.jpg,test,OBJECT,OBJECT:무엇,1
test_3464.jpg,test,OBJECT,OBJECT:무엇,1
test_3465.jpg,test,PRICE,PRICE:얼마,1
test_3466.jpg,test,PRICE,PRICE:가격,1
test_3467.jpg,test,TIMEDATE,TIMEDATE:언제,1
test_3468.jpg,test,OBJECT,OBJECT:무엇,1
test_3469.jpg,test,COMPOSITE,"SPELLING:이름.{0,3}(뭐|무엇);;OBJECT:무엇",2
test_3470.jpg,test,PRICE,PRICE:가격,1
test_3471.jpg,test,OBJECT,OBJECT:무엇,1
test_3472.jpg,test,OBJECT,OBJECT:무엇,1
test_3473.jpg,test,COMPOSITE,NUMBER:번호;;OBJECT:무엇,2
test_3474.jpg,test,OBJECT,OBJECT:무엇,1
test_3475.jpg,test,OBJECT,OBJECT:무엇,1
test_3476.jpg,test,COMPOSITE,"SPELLING:이름.{0,3}(뭐|무엇);;OBJECT:무엇",2
test_3477.jpg,test,OBJECT,OBJECT:있(나요|습니까|어),1
test_3478.jpg,test,UNKNOWN,,0
test_3479.jpg,test,COMPOSITE,PRICE:얼마;;OBJECT:있(나요|습니까|어),2
test_3480.jpg,test,COMPOSITE,NUMBER:번호;;OBJECT:무엇,2
test_3481.jpg,test,UNKNOWN,,0
test_3482.jpg,test,COMPOSITE,NUMBER:번호;;OBJECT:무엇,2
test_3483.jpg,test,PRICE,PRICE:가격,1
test_3484.jpg,test,COMPOSITE,"SPELLING:이름.{0,3}(뭐|무엇);;OBJECT:무엇",2
test_3485.jpg,test,COMPOSITE,"SPELLING:이름.{0,3}(뭐|무엇);;OBJECT:무엇",2
test_3486.jpg,test,OBJECT,OBJECT:무엇,1
test_3487.jpg,test,COMPOSITE,"SPELLING:이름.{0,3}(뭐|무엇);;OBJECT:무엇",2
test_3488.jpg,test,PRICE,PRICE:얼마,1
test_3489.jpg,test,UNKNOWN,,0
test_3490.jpg,test,OBJECT,OBJECT:무엇,1
test_3491.jpg,test,PRICE,PRICE:얼마,1
test_3492.jpg,test,OBJECT,OBJECT:무엇,1
test_3493.jpg,test,PRICE,PRICE:가격,1
test_3494.jpg,test,OBJECT,OBJECT:무엇,1
test_3495.jpg,test,TIMEDATE,TIMEDATE:언제,1
test_3496.jpg,test,COMPOSITE,"SPELLING:이름.{0,3}(뭐|무엇);;OBJECT:무엇",2
test_3497.jpg,test,UNKNOWN,,0
test_3498.jpg,test,COMPOSITE,"SPELLING:이름.{0,3}(뭐|무엇);;OBJECT:무엇",2
test_3499.jpg,test,OBJECT,OBJECT:무엇,1
test_3500.jpg,test,OBJECT,OBJECT:무엇,1
test_3501.jpg,test,OBJECT,OBJECT:무엇,1
test_3502.jpg,test,COMPOSITE,"SPELLING:이름.{0,3}(뭐|무엇);;OBJECT:무엇",2
test_3503.jpg,test,OBJECT,OBJECT:무엇,1
test_3504.jpg,test,COMPOSITE,SPELLING:글자;;OBJECT:무엇,2
test_3505.jpg,test,COMPOSITE,OBJECT:무엇;;RELATION:옆에,2
test_3506.jpg,test,COMPOSITE,"SPELLING:이름.{0,3}(뭐|무엇);;OBJECT:무엇",2
test_3507.jpg,test,OBJECT,OBJECT:무엇,1
test_3508.jpg,test,COMPOSITE,NUMBER:번호;;OBJECT:무엇,2
test_3509.jpg,test,OBJECT,OBJECT:무엇,1
test_3510.jpg,test,COMPOSITE,OBJECT:무엇;;RELATION:옆에,2
test_3511.jpg,test,UNKNOWN,,0
test_3512.jpg,test,OBJECT,OBJECT:무엇,1
test_3513.jpg,test,OBJECT,OBJECT:무엇,1
test_3514.jpg,test,PRICE,PRICE:가격,1
test_3515.jpg,test,COMPOSITE,"SPELLING:이름.{0,3}(뭐|무엇);;OBJECT:무엇",2
test_3516.jpg,test,OBJECT,OBJECT:무엇,1
test_3517.jpg,test,COMPOSITE,"SPELLING:이름.{0,3}(뭐|무엇);;OBJECT:무엇",2
test_3518.jpg,test,OBJECT,OBJECT:무엇,1
test_3519.jpg,test,COMPOSITE,TABLE:항목;;OBJECT:무엇,2
test_3520.jpg,test,PRICE,PRICE:가격,1
test_3521.jpg,test,COMPOSITE,"SPELLING:이름.{0,3}(뭐|무엇);;OBJECT:무엇",2
test_3522.jpg,test,TIMEDATE,TIMEDATE:언제,1
test_3523.jpg,test,COMPOSITE,OBJECT:무엇;;RELATION:위에,2
test_3524.jpg,test,COMPOSITE,SPELLING:글자;;OBJECT:무엇;;RELATION:위에,3
test_3525.jpg,test,RELATION,RELATION:아래,1
test_3526.jpg,test,COMPOSITE,"SPELLING:이름.{0,3}(뭐|무엇);;OBJECT:무엇",2
test_3527.jpg,test,OBJECT,OBJECT:무엇,1
test_3528.jpg,test,COMPOSITE,"SPELLING:이름.{0,3}(뭐|무엇);;OBJECT:무엇;;RELATION:왼쪽",3
test_3529.jpg,test,COMPOSITE,"SPELLING:이름.{0,3}(뭐|무엇);;LOGO:브랜드;;OBJECT:무엇;;RELATION:오른쪽",4
test_3530.jpg,test,OBJECT,OBJECT:무엇,1
test_3531.jpg,test,COMPOSITE,"SPELLING:이름.{0,3}(뭐|무엇);;OBJECT:무엇",2
test_3532.jpg,test,OBJECT,OBJECT:무엇,1
test_3533.jpg,test,PRICE,PRICE:가격,1
test_3534.jpg,test,COMPOSITE,"SPELLING:이름.{0,3}(뭐|무엇);;OBJECT:무엇",2
test_3535.jpg,test,UNKNOWN,,0
test_3536.jpg,test,OBJECT,OBJECT:무엇,1
test_3537.jpg,test,PRICE,PRICE:가격,1
test_3538.jpg,test,OBJECT,OBJECT:있(나요|습니까|어),1
test_3539.jpg,test,PRICE,PRICE:가격,1
test_3540.jpg,test,COMPOSITE,"SPELLING:이름.{0,3}(뭐|무엇);;OBJECT:무엇",2
test_3541.jpg,test,TIMEDATE,TIMEDATE:언제,1
test_3542.jpg,test,COMPOSITE,OBJECT:무엇;;RELATION:위에,2
test_3543.jpg,test,COMPOSITE,"SPELLING:이름.{0,3}(뭐|무엇);;OBJECT:무엇",2
test_3544.jpg,test,OBJECT,OBJECT:무엇,1
test_3545.jpg,test,COMPOSITE,SPELLING:글자;;OBJECT:무엇,2
test_3546.jpg,test,NUMBER,NUMBER:몇\s*번,1
test_3547.jpg,test,OBJECT,OBJECT:있(나요|습니까|어),1
test_3548.jpg,test,OBJECT,OBJECT:무엇,1
test_3549.jpg,test,OBJECT,OBJECT:무엇,1
test_3550.jpg,test,COMPOSITE,"SPELLING:이름.{0,3}(뭐|무엇);;OBJECT:무엇",2
test_3551.jpg,test,COMPOSITE,"SPELLING:이름.{0,3}(뭐|무엇);;OBJECT:무엇",2
test_3552.jpg,test,OBJECT,OBJECT:무엇,1
test_3553.jpg,test,OBJECT,OBJECT:무엇,1
test_3554.jpg,test,TIMEDATE,TIMEDATE:영업\s*시간,1
test_3555.jpg,test,OBJECT,OBJECT:무엇,1
test_3556.jpg,test,PRICE,PRICE:가격,1
test_3557.jpg,test,COMPOSITE,OBJECT:무엇;;RELATION:아래,2
test_3558.jpg,test,OBJECT,OBJECT:무엇,1
test_3559.jpg,test,OBJECT,OBJECT:무엇,1
test_3560.jpg,test,PRICE,PRICE:가격,1
test_3561.jpg,test,COMPOSITE,"SPELLING:이름.{0,3}(뭐|무엇);;OBJECT:무엇",2
test_3562.jpg,test,COMPOSITE,"SPELLING:이름.{0,3}(뭐|무엇);;OBJECT:무엇",2
test_3563.jpg,test,TIMEDATE,TIMEDATE:영업\s*시간,1
test_3564.jpg,test,COMPOSITE,"SPELLING:이름.{0,3}(뭐|무엇);;OBJECT:무엇",2
test_3565.jpg,test,COMPOSITE,"SPELLING:이름.{0,3}(뭐|무엇);;OBJECT:무엇",2
test_3566.jpg,test,OBJECT,OBJECT:있(나요|습니까|어),1
test_3567.jpg,test,COMPOSITE,"SPELLING:이름.{0,3}(뭐|무엇);;LOGO:브랜드;;OBJECT:무엇",3
test_3568.jpg,test,OBJECT,OBJECT:무엇,1
test_3569.jpg,test,UNKNOWN,,0
test_3570.jpg,test,OBJECT,OBJECT:무엇,1
test_3571.jpg,test,OBJECT,OBJECT:있(나요|습니까|어),1
test_3572.jpg,test,COMPOSITE,"SPELLING:이름.{0,3}(뭐|무엇);;OBJECT:무엇",2
test_3573.jpg,test,TIMEDATE,TIMEDATE:언제,1
test_3574.jpg,test,OBJECT,OBJECT:무엇,1
test_3575.jpg,test,PRICE,PRICE:얼마,1
test_3576.jpg,test,OBJECT,OBJECT:무엇,1
test_3577.jpg,test,OBJECT,OBJECT:무엇,1
test_3578.jpg,test,OBJECT,OBJECT:무엇,1
test_3579.jpg,test,OBJECT,OBJECT:무엇,1
test_3580.jpg,test,OBJECT,OBJECT:무엇,1
test_3581.jpg,test,PRICE,PRICE:얼마,1
test_3582.jpg,test,COMPOSITE,OBJECT:무엇;;RELATION:아래,2
test_3583.jpg,test,OBJECT,OBJECT:무엇,1
test_3584.jpg,test,COMPOSITE,"SPELLING:이름.{0,3}(뭐|무엇);;OBJECT:무엇",2
test_3585.jpg,test,COMPOSITE,OBJECT:무엇;;RELATION:위에,2
test_3586.jpg,test,OBJECT,OBJECT:무엇,1
test_3587.jpg,test,OBJECT,OBJECT:무엇,1
test_3588.jpg,test,COMPOSITE,OBJECT:무엇;;RELATION:위에,2
test_3589.jpg,test,OBJECT,OBJECT:무엇,1
test_3590.jpg,test,OBJECT,OBJECT:무엇,1
test_3591.jpg,test,COMPOSITE,SPELLING:글자;;OBJECT:무엇,2
test_3592.jpg,test,OBJECT,OBJECT:무엇,1
test_3593.jpg,test,COMPOSITE,OBJECT:무엇;;RELATION:왼쪽,2
test_3594.jpg,test,OBJECT,OBJECT:무엇,1
test_3595.jpg,test,COMPOSITE,"SPELLING:이름.{0,3}(뭐|무엇);;OBJECT:무엇",2
test_3596.jpg,test,COMPOSITE,SPELLING:글자;;OBJECT:무엇,2
test_3597.jpg,test,COMPOSITE,"SPELLING:이름.{0,3}(뭐|무엇);;OBJECT:무엇",2
test_3598.jpg,test,COMPOSITE,"SPELLING:이름.{0,3}(뭐|무엇);;OBJECT:무엇",2
test_3599.jpg,test,UNKNOWN,,0
test_3600.jpg,test,OBJECT,OBJECT:무엇,1
test_3601.jpg,test,OBJECT,OBJECT:있(나요|습니까|어),1
test_3602.jpg,test,OBJECT,OBJECT:무엇,1
test_3603.jpg,test,OBJECT,OBJECT:무엇,1
test_3604.jpg,test,OBJECT,OBJECT:무엇,1
test_3605.jpg,test,PRICE,PRICE:가격,1
test_3606.jpg,test,TIMEDATE,TIMEDATE:언제,1
test_3607.jpg,test,OBJECT,OBJECT:무엇,1
test_3608.jpg,test,OBJECT,OBJECT:무엇,1
test_3609.jpg,test,COMPOSITE,"SPELLING:이름.{0,3}(뭐|무엇);;OBJECT:무엇",2
test_3610.jpg,test,OBJECT,OBJECT:무엇,1
test_3611.jpg,test,COMPOSITE,"SPELLING:이름.{0,3}(뭐|무엇);;LOGO:브랜드;;OBJECT:무엇",3
test_3612.jpg,test,OBJECT,OBJECT:무엇,1
test_3613.jpg,test,OBJECT,OBJECT:무엇,1
test_3614.jpg,test,PRICE,PRICE:얼마,1
test_3615.jpg,test,COMPOSITE,TIMEDATE:기간;;OBJECT:무엇,2
test_3616.jpg,test,OBJECT,OBJECT:무엇,1
test_3617.jpg,test,COMPOSITE,NUMBER:번호;;OBJECT:무엇,2
test_3618.jpg,test,OBJECT,OBJECT:무엇,1
test_3619.jpg,test,COMPOSITE,"SPELLING:이름.{0,3}(뭐|무엇);;OBJECT:무엇",2
test_3620.jpg,test,PRICE,PRICE:얼마,1
test_3621.jpg,test,PRICE,PRICE:얼마,1
test_3622.jpg,test,OBJECT,OBJECT:무엇,1
test_3623.jpg,test,COMPOSITE,"SPELLING:이름.{0,3}(뭐|무엇);;OBJECT:무엇",2
test_3624.jpg,test,OBJECT,OBJECT:무엇,1
test_3625.jpg,test,OBJECT,OBJECT:무엇,1
test_3626.jpg,test,COMPOSITE,"SPELLING:이름.{0,3}(뭐|무엇);;OBJECT:무엇",2
test_3627.jpg,test,UNKNOWN,,0
test_3628.jpg,test,OBJECT,OBJECT:무엇,1
test_3629.jpg,test,COMPOSITE,SPELLING:글자;;OBJECT:무엇,2
test_3630.jpg,test,OBJECT,OBJECT:무엇,1
test_3631.jpg,test,UNKNOWN,,0
test_3632.jpg,test,COMPOSITE,"SPELLING:이름.{0,3}(뭐|무엇);;OBJECT:무엇",2
test_3633.jpg,test,UNKNOWN,,0
test_3634.jpg,test,UNKNOWN,,0
test_3635.jpg,test,PRICE,PRICE:가격,1
test_3636.jpg,test,COMPOSITE,"SPELLING:이름.{0,3}(뭐|무엇);;OBJECT:무엇",2
test_3637.jpg,test,OBJECT,OBJECT:있(나요|습니까|어),1
test_3638.jpg,test,COMPOSITE,NUMBER:번호;;OBJECT:무엇,2
test_3639.jpg,test,COMPOSITE,"SPELLING:이름.{0,3}(뭐|무엇);;OBJECT:무엇",2
test_3640.jpg,test,PRICE,PRICE:얼마,1
test_3641.jpg,test,OBJECT,OBJECT:무엇,1
test_3642.jpg,test,OBJECT,OBJECT:무엇,1
test_3643.jpg,test,UNKNOWN,,0
test_3644.jpg,test,OBJECT,OBJECT:무엇,1
test_3645.jpg,test,OBJECT,OBJECT:무엇,1
test_3646.jpg,test,TIMEDATE,TIMEDATE:영업\s*시간,1
test_3647.jpg,test,OBJECT,OBJECT:무엇,1
test_3648.jpg,test,OBJECT,OBJECT:무엇,1
test_3649.jpg,test,OBJECT,OBJECT:무엇,1
test_3650.jpg,test,OBJECT,OBJECT:무엇,1
test_3651.jpg,test,PRICE,PRICE:가격,1
test_3652.jpg,test,OBJECT,OBJECT:무엇,1
test_3653.jpg,test,UNKNOWN,,0
test_3654.jpg,test,OBJECT,OBJECT:있(나요|습니까|어),1
test_3655.jpg,test,COMPOSITE,OBJECT:무엇;;RELATION:위에,2
test_3656.jpg,test,OBJECT,OBJECT:무엇,1
test_3657.jpg,test,OBJECT,OBJECT:무엇,1
test_3658.jpg,test,TIMEDATE,TIMEDATE:언제,1
test_3659.jpg,test,PRICE,PRICE:가격,1
test_3660.jpg,test,OBJECT,OBJECT:무엇,1
test_3661.jpg,test,OBJECT,OBJECT:무엇,1
test_3662.jpg,test,OBJECT,OBJECT:있(나요|습니까|어),1
test_3663.jpg,test,UNKNOWN,,0
test_3664.jpg,test,OBJECT,OBJECT:있(나요|습니까|어),1
test_3665.jpg,test,PRICE,PRICE:가격,1
test_3666.jpg,test,COMPOSITE,"SPELLING:이름.{0,3}(뭐|무엇);;OBJECT:무엇",2
test_3667.jpg,test,COMPOSITE,SPELLING:글자;;OBJECT:무엇,2
test_3668.jpg,test,PRICE,PRICE:가격,1
test_3669.jpg,test,OBJECT,OBJECT:무엇,1
test_3670.jpg,test,COMPOSITE,NUMBER:번호;;OBJECT:무엇,2
test_3671.jpg,test,OBJECT,OBJECT:무엇,1
test_3672.jpg,test,COMPOSITE,"SPELLING:이름.{0,3}(뭐|무엇);;OBJECT:무엇",2
test_3673.jpg,test,COMPOSITE,"SPELLING:이름.{0,3}(뭐|무엇);;OBJECT:무엇",2
test_3674.jpg,test,COMPOSITE,PRICE:가격;;RELATION:아래,2
test_3675.jpg,test,OBJECT,OBJECT:무엇,1
test_3676.jpg,test,COMPOSITE,PRICE:가격;;OBJECT:무엇,2
test_3677.jpg,test,OBJECT,OBJECT:무엇,1
test_3678.jpg,test,OBJECT,OBJECT:무엇,1
test_3679.jpg,test,OBJECT,OBJECT:무엇,1
test_3680.jpg,test,OBJECT,OBJECT:무엇,1
test_3681.jpg,test,OBJECT,OBJECT:무엇,1
test_3682.jpg,test,COMPOSITE,"SPELLING:이름.{0,3}(뭐|무엇);;LOGO:브랜드;;OBJECT:무엇",3
test_3683.jpg,test,OBJECT,OBJECT:무엇,1
test_3684.jpg,test,PRICE,PRICE:얼마,1
test_3685.jpg,test,UNKNOWN,,0
test_3686.jpg,test,OBJECT,OBJECT:무엇,1
test_3687.jpg,test,OBJECT,OBJECT:무엇,1
test_3688.jpg,test,OBJECT,OBJECT:무엇,1
test_3689.jpg,test,OBJECT,OBJECT:무엇,1
test_3690.jpg,test,PRICE,PRICE:가격,1
test_3691.jpg,test,COMPOSITE,NUMBER:번호;;OBJECT:무엇,2
test_3692.jpg,test,COMPOSITE,"SPELLING:이름.{0,3}(뭐|무엇);;OBJECT:무엇",2
test_3693.jpg,test,UNKNOWN,,0
test_3694.jpg,test,COMPOSITE,NUMBER:몇\s*개;;OBJECT:있(나요|습니까|어),2
test_3695.jpg,test,TIMEDATE,TIMEDATE:언제,1
test_3696.jpg,test,OBJECT,OBJECT:무엇,1
test_3697.jpg,test,PRICE,PRICE:얼마,1
test_3698.jpg,test,UNKNOWN,,0
test_3699.jpg,test,COMPOSITE,"SPELLING:이름.{0,3}(뭐|무엇);;OBJECT:무엇",2
test_3700.jpg,test,COMPOSITE,"SPELLING:이름.{0,3}(뭐|무엇);;OBJECT:무엇",2
test_3701.jpg,test,OBJECT,OBJECT:무엇,1
test_3702.jpg,test,COMPOSITE,SPELLING:글자;;OBJECT:무엇,2
test_3703.jpg,test,COMPOSITE,TIMEDATE:영업\s*시간;;OBJECT:있(나요|습니까|어),2
test_3704.jpg,test,OBJECT,OBJECT:무엇,1
test_3705.jpg,test,OBJECT,OBJECT:무엇,1
test_3706.jpg,test,PRICE,PRICE:가격,1
test_3707.jpg,test,PRICE,PRICE:가격,1
test_3708.jpg,test,COMPOSITE,"SPELLING:이름.{0,3}(뭐|무엇);;OBJECT:무엇",2
test_3709.jpg,test,COMPOSITE,"SPELLING:이름.{0,3}(뭐|무엇);;OBJECT:무엇",2
test_3710.jpg,test,OBJECT,OBJECT:있(나요|습니까|어),1
test_3711.jpg,test,COMPOSITE,OBJECT:무엇;;RELATION:옆에,2
test_3712.jpg,test,COMPOSITE,"SPELLING:이름.{0,3}(뭐|무엇);;OBJECT:무엇",2
test_3713.jpg,test,OBJECT,OBJECT:무엇,1
test_3714.jpg,test,TIMEDATE,TIMEDATE:날짜,1
test_3715.jpg,test,COMPOSITE,"SPELLING:이름.{0,3}(뭐|무엇);;OBJECT:무엇",2
test_3716.jpg,test,OBJECT,OBJECT:무엇,1
test_3717.jpg,test,OBJECT,OBJECT:무엇,1
test_3718.jpg,test,OBJECT,OBJECT:무엇,1
test_3719.jpg,test,PRICE,PRICE:가격,1
test_3720.jpg,test,COMPOSITE,"SPELLING:이름.{0,3}(뭐|무엇);;OBJECT:무엇;;RELATION:아래",3
test_3721.jpg,test,COMPOSITE,"SPELLING:이름.{0,3}(뭐|무엇);;OBJECT:무엇",2
test_3722.jpg,test,OBJECT,OBJECT:있(나요|습니까|어),1
test_3723.jpg,test,PRICE,PRICE:얼마,1
test_3724.jpg,test,COMPOSITE,"SPELLING:이름.{0,3}(뭐|무엇);;OBJECT:무엇",2
test_3725.jpg,test,COMPOSITE,SPELLING:글자;;OBJECT:무엇,2
test_3726.jpg,test,COMPOSITE,"SPELLING:이름.{0,3}(뭐|무엇);;OBJECT:무엇",2
test_3727.jpg,test,UNKNOWN,,0
test_3728.jpg,test,OBJECT,OBJECT:무엇,1
test_3729.jpg,test,COMPOSITE,OBJECT:무엇;;RELATION:왼쪽,2
test_3730.jpg,test,PRICE,PRICE:가격,1
test_3731.jpg,test,OBJECT,OBJECT:있(나요|습니까|어),1
test_3732.jpg,test,OBJECT,OBJECT:무엇,1
test_3733.jpg,test,COMPOSITE,TIMEDATE:기간;;RELATION:왼쪽,2
test_3734.jpg,test,OBJECT,OBJECT:무엇,1
test_3735.jpg,test,OBJECT,OBJECT:무엇,1
test_3736.jpg,test,TIMEDATE,TIMEDATE:언제,1
test_3737.jpg,test,COMPOSITE,OBJECT:무엇;;RELATION:아래,2
test_3738.jpg,test,COMPOSITE,"SPELLING:이름.{0,3}(뭐|무엇);;OBJECT:무엇",2
test_3739.jpg,test,UNKNOWN,,0
test_3740.jpg,test,OBJECT,OBJECT:무엇,1
test_3741.jpg,test,OBJECT,OBJECT:있(나요|습니까|어),1
test_3742.jpg,test,COMPOSITE,"SPELLING:이름.{0,3}(뭐|무엇);;OBJECT:무엇",2
test_3743.jpg,test,COMPOSITE,"SPELLING:이름.{0,3}(뭐|무엇);;OBJECT:무엇",2
test_3744.jpg,test,UNKNOWN,,0
test_3745.jpg,test,COMPOSITE,SPELLING:글자;;OBJECT:무엇,2
test_3746.jpg,test,COMPOSITE,"SPELLING:이름.{0,3}(뭐|무엇);;OBJECT:무엇",2
test_3747.jpg,test,COMPOSITE,"SPELLING:이름.{0,3}(뭐|무엇);;OBJECT:무엇",2
test_3748.jpg,test,PRICE,PRICE:얼마,1
test_3749.jpg,test,COMPOSITE,"SPELLING:이름.{0,3}(뭐|무엇);;OBJECT:무엇;;RELATION:위에",3
test_3750.jpg,test,TIMEDATE,TIMEDATE:언제,1
test_3751.jpg,test,OBJECT,OBJECT:무엇,1
test_3752.jpg,test,OBJECT,OBJECT:무엇,1
test_3753.jpg,test,PRICE,PRICE:얼마,1
test_3754.jpg,test,OBJECT,OBJECT:무엇,1
test_3755.jpg,test,RELATION,RELATION:왼쪽,1
test_3756.jpg,test,UNKNOWN,,0
test_3757.jpg,test,PRICE,PRICE:가격,1
test_3758.jpg,test,COMPOSITE,"SPELLING:이름.{0,3}(뭐|무엇);;OBJECT:무엇",2
test_3759.jpg,test,COMPOSITE,"SPELLING:이름.{0,3}(뭐|무엇);;OBJECT:무엇",2
test_3760.jpg,test,OBJECT,OBJECT:무엇,1
test_3761.jpg,test,COMPOSITE,"SPELLING:이름.{0,3}(뭐|무엇);;OBJECT:무엇",2
test_3762.jpg,test,UNKNOWN,,0
test_3763.jpg,test,COMPOSITE,NUMBER:번호;;OBJECT:무엇,2
test_3764.jpg,test,OBJECT,OBJECT:무엇,1
test_3765.jpg,test,COMPOSITE,NUMBER:번호;;OBJECT:무엇,2
test_3766.jpg,test,OBJECT,OBJECT:있(나요|습니까|어),1
test_3767.jpg,test,COMPOSITE,TIMEDATE:영업\s*시간;;OBJECT:무엇,2
test_3768.jpg,test,OBJECT,OBJECT:무엇,1
test_3769.jpg,test,UNKNOWN,,0
test_3770.jpg,test,COMPOSITE,"SPELLING:이름.{0,3}(뭐|무엇);;LOGO:브랜드;;OBJECT:무엇",3
test_3771.jpg,test,OBJECT,OBJECT:무엇,1
test_3772.jpg,test,UNKNOWN,,0
test_3773.jpg,test,COMPOSITE,TIMEDATE:날짜;;OBJECT:있(나요|습니까|어),2
test_3774.jpg,test,PRICE,PRICE:가격,1
test_3775.jpg,test,COMPOSITE,"SPELLING:이름.{0,3}(뭐|무엇);;OBJECT:무엇",2
test_3776.jpg,test,UNKNOWN,,0
test_3777.jpg,test,PRICE,PRICE:가격,1
test_3778.jpg,test,OBJECT,OBJECT:무엇,1
test_3779.jpg,test,UNKNOWN,,0
test_3780.jpg,test,OBJECT,OBJECT:무엇,1
test_3781.jpg,test,OBJECT,OBJECT:무엇,1
test_3782.jpg,test,OBJECT,OBJECT:무엇,1
test_3783.jpg,test,UNKNOWN,,0
test_3784.jpg,test,TIMEDATE,TIMEDATE:날짜,1
test_3785.jpg,test,OBJECT,OBJECT:무엇,1
test_3786.jpg,test,OBJECT,OBJECT:무엇,1
test_3787.jpg,test,OBJECT,OBJECT:무엇,1
test_3788.jpg,test,OBJECT,OBJECT:무엇,1
test_3789.jpg,test,OBJECT,OBJECT:무엇,1
test_3790.jpg,test,OBJECT,OBJECT:무엇,1
test_3791.jpg,test,OBJECT,OBJECT:무엇,1
test_3792.jpg,test,PRICE,PRICE:가격,1
test_3793.jpg,test,PRICE,PRICE:가격,1
test_3794.jpg,test,COMPOSITE,"SPELLING:이름.{0,3}(뭐|무엇);;OBJECT:무엇",2
test_3795.jpg,test,PRICE,PRICE:가격,1
test_3796.jpg,test,OBJECT,OBJECT:있(나요|습니까|어),1
test_3797.jpg,test,UNKNOWN,,0
test_3798.jpg,test,COMPOSITE,"SPELLING:이름.{0,3}(뭐|무엇);;OBJECT:무엇",2
test_3799.jpg,test,COMPOSITE,"SPELLING:이름.{0,3}(뭐|무엇);;OBJECT:무엇",2
test_3800.jpg,test,COMPOSITE,PRICE:얼마;;TIMEDATE:기간,2
test_3801.jpg,test,COMPOSITE,OBJECT:무엇;;RELATION:위에,2
test_3802.jpg,test,OBJECT,OBJECT:무엇,1
test_3803.jpg,test,OBJECT,OBJECT:무엇,1
test_3804.jpg,test,COMPOSITE,"SPELLING:이름.{0,3}(뭐|무엇);;OBJECT:무엇",2
test_3805.jpg,test,COMPOSITE,NUMBER:번호;;OBJECT:무엇,2
test_3806.jpg,test,OBJECT,OBJECT:무엇,1
test_3807.jpg,test,OBJECT,OBJECT:무엇,1
test_3808.jpg,test,PRICE,PRICE:가격,1
test_3809.jpg,test,OBJECT,OBJECT:무엇,1
test_3810.jpg,test,COMPOSITE,"SPELLING:이름.{0,3}(뭐|무엇);;OBJECT:무엇",2
test_3811.jpg,test,OBJECT,OBJECT:무엇,1
test_3812.jpg,test,OBJECT,OBJECT:무엇,1
test_3813.jpg,test,COMPOSITE,"SPELLING:이름.{0,3}(뭐|무엇);;OBJECT:무엇",2
test_3814.jpg,test,OBJECT,OBJECT:무엇,1
test_3815.jpg,test,OBJECT,OBJECT:무엇,1
test_3816.jpg,test,COMPOSITE,"SPELLING:이름.{0,3}(뭐|무엇);;OBJECT:무엇",2
test_3817.jpg,test,OBJECT,OBJECT:무엇,1
test_3818.jpg,test,OBJECT,OBJECT:무엇,1
test_3819.jpg,test,COMPOSITE,NUMBER:번호;;OBJECT:무엇,2
test_3820.jpg,test,COMPOSITE,PRICE:가격;;LOGO:브랜드;;OBJECT:무엇,3
test_3821.jpg,test,COMPOSITE,"SPELLING:이름.{0,3}(뭐|무엇);;OBJECT:무엇",2
test_3822.jpg,test,UNKNOWN,,0
test_3823.jpg,test,COMPOSITE,OBJECT:무엇;;RELATION:왼쪽,2
test_3824.jpg,test,OBJECT,OBJECT:무엇,1
test_3825.jpg,test,PRICE,PRICE:얼마,1
test_3826.jpg,test,OBJECT,OBJECT:무엇,1
test_3827.jpg,test,UNKNOWN,,0
test_3828.jpg,test,COMPOSITE,SPELLING:글자;;OBJECT:무엇,2
test_3829.jpg,test,OBJECT,OBJECT:무엇,1
test_3830.jpg,test,COMPOSITE,LOGO:브랜드;;OBJECT:무엇,2
test_3831.jpg,test,COMPOSITE,"SPELLING:이름.{0,3}(뭐|무엇);;OBJECT:무엇",2
test_3832.jpg,test,PRICE,PRICE:얼마,1
test_3833.jpg,test,PRICE,PRICE:얼마,1
test_3834.jpg,test,OBJECT,OBJECT:있(나요|습니까|어),1
test_3835.jpg,test,OBJECT,OBJECT:무엇,1
test_3836.jpg,test,UNKNOWN,,0
test_3837.jpg,test,OBJECT,OBJECT:있(나요|습니까|어),1
test_3838.jpg,test,COMPOSITE,"SPELLING:이름.{0,3}(뭐|무엇);;OBJECT:무엇",2
test_3839.jpg,test,COMPOSITE,OBJECT:무엇;;RELATION:왼쪽,2
test_3840.jpg,test,COMPOSITE,"SPELLING:이름.{0,3}(뭐|무엇);;OBJECT:무엇",2
test_3841.jpg,test,UNKNOWN,,0
test_3842.jpg,test,UNKNOWN,,0
test_3843.jpg,test,TIMEDATE,TIMEDATE:날짜,1
test_3844.jpg,test,COMPOSITE,"SPELLING:이름.{0,3}(뭐|무엇);;OBJECT:무엇",2
test_3845.jpg,test,COMPOSITE,"SPELLING:이름.{0,3}(뭐|무엇);;OBJECT:무엇",2
test_3846.jpg,test,COMPOSITE,"SPELLING:이름.{0,3}(뭐|무엇);;OBJECT:무엇",2
test_3847.jpg,test,PRICE,PRICE:얼마,1
test_3848.jpg,test,OBJECT,OBJECT:무엇,1
test_3849.jpg,test,COMPOSITE,"SPELLING:이름.{0,3}(뭐|무엇);;OBJECT:무엇",2
test_3850.jpg,test,OBJECT,OBJECT:무엇,1
test_3851.jpg,test,OBJECT,OBJECT:무엇,1
test_3852.jpg,test,OBJECT,OBJECT:무엇,1
test_3853.jpg,test,COMPOSITE,NUMBER:번호;;OBJECT:무엇,2
test_3854.jpg,test,OBJECT,OBJECT:무엇,1
test_3855.jpg,test,TIMEDATE,TIMEDATE:언제,1
test_3856.jpg,test,OBJECT,OBJECT:무엇,1
test_3857.jpg,test,COMPOSITE,NUMBER:번호;;OBJECT:무엇,2
test_3858.jpg,test,COMPOSITE,"SPELLING:이름.{0,3}(뭐|무엇);;OBJECT:무엇",2
test_3859.jpg,test,OBJECT,OBJECT:무엇,1
test_3860.jpg,test,OBJECT,OBJECT:무엇,1
test_3861.jpg,test,OBJECT,OBJECT:무엇,1
test_3862.jpg,test,COMPOSITE,OBJECT:무엇;;RELATION:위에,2
test_3863.jpg,test,TIMEDATE,TIMEDATE:언제,1
test_3864.jpg,test,OBJECT,OBJECT:있(나요|습니까|어),1
test_3865.jpg,test,PRICE,PRICE:얼마,1
test_3866.jpg,test,OBJECT,OBJECT:무엇,1
test_3867.jpg,test,PRICE,PRICE:가격,1
test_3868.jpg,test,COMPOSITE,"SPELLING:이름.{0,3}(뭐|무엇);;OBJECT:무엇",2
test_3869.jpg,test,COMPOSITE,PRICE:가격;;OBJECT:무엇,2
test_3870.jpg,test,PRICE,PRICE:얼마,1
test_3871.jpg,test,PRICE,PRICE:얼마,1
test_3872.jpg,test,COMPOSITE,"SPELLING:이름.{0,3}(뭐|무엇);;OBJECT:무엇",2
test_3873.jpg,test,UNKNOWN,,0
test_3874.jpg,test,COMPOSITE,"SPELLING:이름.{0,3}(뭐|무엇);;OBJECT:무엇",2
test_3875.jpg,test,UNKNOWN,,0
test_3876.jpg,test,COMPOSITE,"SPELLING:이름.{0,3}(뭐|무엇);;OBJECT:무엇",2
test_3877.jpg,test,COMPOSITE,LOGO:브랜드;;OBJECT:무엇,2
test_3878.jpg,test,TIMEDATE,TIMEDATE:기간,1
test_3879.jpg,test,COMPOSITE,NUMBER:번호;;OBJECT:무엇,2
test_3880.jpg,test,UNKNOWN,,0
test_3881.jpg,test,PRICE,PRICE:얼마,1
test_3882.jpg,test,UNKNOWN,,0
test_3883.jpg,test,OBJECT,OBJECT:무엇,1
test_3884.jpg,test,PRICE,PRICE:가격,1
test_3885.jpg,test,COMPOSITE,SPELLING:글자;;OBJECT:무엇;;RELATION:위에,3
test_3886.jpg,test,COMPOSITE,"SPELLING:이름.{0,3}(뭐|무엇);;OBJECT:무엇",2
test_3887.jpg,test,UNKNOWN,,0
test_3888.jpg,test,OBJECT,OBJECT:무엇,1
test_3889.jpg,test,UNKNOWN,,0
test_3890.jpg,test,COMPOSITE,SPELLING:글자;;OBJECT:무엇;;RELATION:아래,3
test_3891.jpg,test,UNKNOWN,,0
test_3892.jpg,test,COMPOSITE,"SPELLING:이름.{0,3}(뭐|무엇);;OBJECT:무엇",2
test_3893.jpg,test,PRICE,PRICE:가격,1
test_3894.jpg,test,OBJECT,OBJECT:무엇,1
test_3895.jpg,test,UNKNOWN,,0
test_3896.jpg,test,OBJECT,OBJECT:무엇,1
test_3897.jpg,test,COMPOSITE,"SPELLING:이름.{0,3}(뭐|무엇);;OBJECT:무엇",2
test_3898.jpg,test,UNKNOWN,,0
test_3899.jpg,test,UNKNOWN,,0
test_3900.jpg,test,COMPOSITE,LOGO:브랜드;;OBJECT:무엇,2
test_3901.jpg,test,NUMBER,NUMBER:몇\s*개,1
test_3902.jpg,test,OBJECT,OBJECT:무엇,1
test_3903.jpg,test,UNKNOWN,,0
test_3904.jpg,test,PRICE,PRICE:가격,1
test_3905.jpg,test,OBJECT,OBJECT:무엇,1
test_3906.jpg,test,OBJECT,OBJECT:무엇,1
test_3907.jpg,test,OBJECT,OBJECT:무엇,1
test_3908.jpg,test,UNKNOWN,,0
test_3909.jpg,test,PRICE,PRICE:가격,1
test_3910.jpg,test,OBJECT,OBJECT:무엇,1
test_3911.jpg,test,COMPOSITE,"SPELLING:이름.{0,3}(뭐|무엇);;OBJECT:무엇",2
test_3912.jpg,test,COMPOSITE,SPELLING:글자;;OBJECT:무엇,2
test_3913.jpg,test,OBJECT,OBJECT:있(나요|습니까|어),1
test_3914.jpg,test,OBJECT,OBJECT:무엇,1
test_3915.jpg,test,OBJECT,OBJECT:무엇,1
test_3916.jpg,test,COMPOSITE,"SPELLING:이름.{0,3}(뭐|무엇);;OBJECT:무엇",2
test_3917.jpg,test,OBJECT,OBJECT:무엇,1
test_3918.jpg,test,OBJECT,OBJECT:무엇,1
test_3919.jpg,test,OBJECT,OBJECT:무엇,1
test_3920.jpg,test,TIMEDATE,TIMEDATE:언제,1
test_3921.jpg,test,OBJECT,OBJECT:무엇,1
test_3922.jpg,test,OBJECT,OBJECT:무엇,1
test_3923.jpg,test,OBJECT,OBJECT:있(나요|습니까|어),1
test_3924.jpg,test,NUMBER,NUMBER:번호,1
test_3925.jpg,test,COMPOSITE,"SPELLING:이름.{0,3}(뭐|무엇);;OBJECT:무엇",2
test_3926.jpg,test,OBJECT,OBJECT:무엇,1
test_3927.jpg,test,OBJECT,OBJECT:무엇,1
test_3928.jpg,test,OBJECT,OBJECT:무엇,1
test_3929.jpg,test,UNKNOWN,,0
test_3930.jpg,test,UNKNOWN,,0
test_3931.jpg,test,PRICE,PRICE:가격,1
test_3932.jpg,test,OBJECT,OBJECT:무엇,1
test_3933.jpg,test,OBJECT,OBJECT:무엇,1
test_3934.jpg,test,COMPOSITE,SPELLING:글자;;OBJECT:무엇,2
test_3935.jpg,test,OBJECT,OBJECT:무엇,1
test_3936.jpg,test,UNKNOWN,,0
test_3937.jpg,test,OBJECT,OBJECT:무엇,1
test_3938.jpg,test,OBJECT,OBJECT:무엇,1
test_3939.jpg,test,UNKNOWN,,0
test_3940.jpg,test,PRICE,PRICE:가격,1
test_3941.jpg,test,COMPOSITE,"SPELLING:이름.{0,3}(뭐|무엇);;OBJECT:무엇;;RELATION:오른쪽",3
test_3942.jpg,test,OBJECT,OBJECT:무엇,1
test_3943.jpg,test,PRICE,PRICE:얼마,1
test_3944.jpg,test,PRICE,PRICE:가격,1
test_3945.jpg,test,OBJECT,OBJECT:무엇,1
test_3946.jpg,test,UNKNOWN,,0
test_3947.jpg,test,OBJECT,OBJECT:무엇,1
test_3948.jpg,test,COMPOSITE,"SPELLING:이름.{0,3}(뭐|무엇);;OBJECT:무엇",2
test_3949.jpg,test,UNKNOWN,,0
test_3950.jpg,test,UNKNOWN,,0
test_3951.jpg,test,OBJECT,OBJECT:있(나요|습니까|어),1
test_3952.jpg,test,OBJECT,OBJECT:무엇,1
test_3953.jpg,test,OBJECT,OBJECT:무엇,1
test_3954.jpg,test,COMPOSITE,TABLE:항목;;OBJECT:무엇,2
test_3955.jpg,test,OBJECT,OBJECT:무엇,1
test_3956.jpg,test,COMPOSITE,"SPELLING:이름.{0,3}(뭐|무엇);;OBJECT:무엇",2
test_3957.jpg,test,PRICE,PRICE:얼마,1
test_3958.jpg,test,UNKNOWN,,0
test_3959.jpg,test,COMPOSITE,"SPELLING:이름.{0,3}(뭐|무엇);;OBJECT:무엇",2
test_3960.jpg,test,TIMEDATE,TIMEDATE:언제,1
test_3961.jpg,test,OBJECT,OBJECT:무엇,1
test_3962.jpg,test,OBJECT,OBJECT:무엇,1
test_3963.jpg,test,OBJECT,OBJECT:무엇,1
test_3964.jpg,test,OBJECT,OBJECT:무엇,1
test_3965.jpg,test,OBJECT,OBJECT:무엇,1
test_3966.jpg,test,OBJECT,OBJECT:무엇,1
test_3967.jpg,test,UNKNOWN,,0
test_3968.jpg,test,OBJECT,OBJECT:무엇,1
test_3969.jpg,test,UNKNOWN,,0
test_3970.jpg,test,COMPOSITE,PRICE:가격;;OBJECT:무엇,2
test_3971.jpg,test,OBJECT,OBJECT:무엇,1
test_3972.jpg,test,OBJECT,OBJECT:무엇,1
test_3973.jpg,test,OBJECT,OBJECT:무엇,1
test_3974.jpg,test,PRICE,PRICE:가격,1
test_3975.jpg,test,COMPOSITE,"SPELLING:이름.{0,3}(뭐|무엇);;OBJECT:무엇",2
test_3976.jpg,test,OBJECT,OBJECT:무엇,1
test_3977.jpg,test,OBJECT,OBJECT:무엇,1
test_3978.jpg,test,COMPOSITE,TABLE:항목;;OBJECT:무엇,2
test_3979.jpg,test,OBJECT,OBJECT:무엇,1
test_3980.jpg,test,OBJECT,OBJECT:무엇,1
test_3981.jpg,test,PRICE,PRICE:얼마,1
test_3982.jpg,test,COMPOSITE,PRICE:가격;;OBJECT:무엇,2
test_3983.jpg,test,COMPOSITE,"SPELLING:이름.{0,3}(뭐|무엇);;OBJECT:무엇",2
test_3984.jpg,test,UNKNOWN,,0
test_3985.jpg,test,OBJECT,OBJECT:무엇,1
test_3986.jpg,test,OBJECT,OBJECT:있(나요|습니까|어),1
test_3987.jpg,test,LOGO,LOGO:브랜드,1
test_3988.jpg,test,COMPOSITE,"SPELLING:이름.{0,3}(뭐|무엇);;OBJECT:무엇",2
test_3989.jpg,test,TIMEDATE,TIMEDATE:날짜,1
test_3990.jpg,test,OBJECT,OBJECT:있(나요|습니까|어),1
test_3991.jpg,test,COMPOSITE,NUMBER:번호;;OBJECT:무엇,2
test_3992.jpg,test,OBJECT,OBJECT:무엇,1
test_3993.jpg,test,COMPOSITE,OBJECT:무엇;;RELATION:아래,2
test_3994.jpg,test,OBJECT,OBJECT:무엇,1
test_3995.jpg,test,OBJECT,OBJECT:무엇,1
test_3996.jpg,test,PRICE,PRICE:얼마,1
test_3997.jpg,test,OBJECT,OBJECT:무엇,1
test_3998.jpg,test,COMPOSITE,NUMBER:번호;;OBJECT:무엇;;RELATION:아래,3
test_3999.jpg,test,OBJECT,OBJECT:있(나요|습니까|어),1
test_4000.jpg,test,OBJECT,OBJECT:있(나요|습니까|어),1
test_4001.jpg,test,UNKNOWN,,0
test_4002.jpg,test,OBJECT,OBJECT:무엇,1
test_4003.jpg,test,COMPOSITE,"SPELLING:이름.{0,3}(뭐|무엇);;OBJECT:무엇",2
test_4004.jpg,test,COMPOSITE,OBJECT:무엇;;RELATION:왼쪽,2
test_4005.jpg,test,COMPOSITE,"SPELLING:이름.{0,3}(뭐|무엇);;OBJECT:무엇",2
test_4006.jpg,test,COMPOSITE,"SPELLING:이름.{0,3}(뭐|무엇);;OBJECT:무엇",2
test_4007.jpg,test,COMPOSITE,"SPELLING:이름.{0,3}(뭐|무엇);;OBJECT:무엇",2
test_4008.jpg,test,OBJECT,OBJECT:무엇,1
test_4009.jpg,test,UNKNOWN,,0
test_4010.jpg,test,OBJECT,OBJECT:무엇,1
test_4011.jpg,test,COMPOSITE,"SPELLING:이름.{0,3}(뭐|무엇);;OBJECT:무엇",2
test_4012.jpg,test,COMPOSITE,"SPELLING:이름.{0,3}(뭐|무엇);;OBJECT:무엇",2
test_4013.jpg,test,OBJECT,OBJECT:있(나요|습니까|어),1
test_4014.jpg,test,OBJECT,OBJECT:무엇,1
test_4015.jpg,test,COMPOSITE,"SPELLING:이름.{0,3}(뭐|무엇);;OBJECT:무엇",2
test_4016.jpg,test,UNKNOWN,,0
test_4017.jpg,test,OBJECT,OBJECT:무엇,1
test_4018.jpg,test,OBJECT,OBJECT:있(나요|습니까|어),1
test_4019.jpg,test,COMPOSITE,"SPELLING:이름.{0,3}(뭐|무엇);;OBJECT:무엇",2
test_4020.jpg,test,COMPOSITE,SPELLING:글자;;OBJECT:무엇,2
test_4021.jpg,test,OBJECT,OBJECT:무엇,1
test_4022.jpg,test,OBJECT,OBJECT:무엇,1
test_4023.jpg,test,UNKNOWN,,0
test_4024.jpg,test,COMPOSITE,"SPELLING:이름.{0,3}(뭐|무엇);;LOGO:브랜드;;OBJECT:무엇",3
test_4025.jpg,test,OBJECT,OBJECT:무엇,1
test_4026.jpg,test,COMPOSITE,SPELLING:글자;;OBJECT:무엇,2
test_4027.jpg,test,PRICE,PRICE:얼마,1
test_4028.jpg,test,OBJECT,OBJECT:무엇,1
test_4029.jpg,test,COMPOSITE,"SPELLING:이름.{0,3}(뭐|무엇);;OBJECT:무엇",2
test_4030.jpg,test,COMPOSITE,NUMBER:번호;;OBJECT:무엇,2
test_4031.jpg,test,OBJECT,OBJECT:무엇,1
test_4032.jpg,test,OBJECT,OBJECT:무엇,1
test_4033.jpg,test,OBJECT,OBJECT:무엇,1
test_4034.jpg,test,COMPOSITE,NUMBER:번호;;OBJECT:무엇,2
test_4035.jpg,test,TIMEDATE,TIMEDATE:언제,1
test_4036.jpg,test,OBJECT,OBJECT:무엇,1
test_4037.jpg,test,OBJECT,OBJECT:무엇,1
test_4038.jpg,test,COMPOSITE,"SPELLING:이름.{0,3}(뭐|무엇);;OBJECT:무엇",2
test_4039.jpg,test,COMPOSITE,"SPELLING:이름.{0,3}(뭐|무엇);;OBJECT:무엇",2
test_4040.jpg,test,OBJECT,OBJECT:무엇,1
test_4041.jpg,test,OBJECT,OBJECT:무엇,1
test_4042.jpg,test,OBJECT,OBJECT:무엇,1
test_4043.jpg,test,COMPOSITE,OBJECT:무엇;;RELATION:위에,2
test_4044.jpg,test,COMPOSITE,NUMBER:번호;;OBJECT:무엇,2
test_4045.jpg,test,COMPOSITE,SPELLING:글자;;OBJECT:무엇,2
test_4046.jpg,test,OBJECT,OBJECT:무엇,1
test_4047.jpg,test,OBJECT,OBJECT:무엇,1
test_4048.jpg,test,OBJECT,OBJECT:있(나요|습니까|어),1
test_4049.jpg,test,COMPOSITE,"SPELLING:이름.{0,3}(뭐|무엇);;OBJECT:무엇",2
test_4050.jpg,test,UNKNOWN,,0
test_4051.jpg,test,UNKNOWN,,0
test_4052.jpg,test,OBJECT,OBJECT:무엇,1
test_4053.jpg,test,COMPOSITE,TIMEDATE:영업\s*시간;;OBJECT:있(나요|습니까|어),2
test_4054.jpg,test,OBJECT,OBJECT:무엇,1
test_4055.jpg,test,OBJECT,OBJECT:무엇,1
test_4056.jpg,test,COMPOSITE,NUMBER:번호;;OBJECT:무엇,2
test_4057.jpg,test,OBJECT,OBJECT:무엇,1
test_4058.jpg,test,OBJECT,OBJECT:무엇,1
test_4059.jpg,test,COMPOSITE,"SPELLING:이름.{0,3}(뭐|무엇);;OBJECT:무엇",2
test_4060.jpg,test,COMPOSITE,PRICE:가격;;OBJECT:무엇,2
test_4061.jpg,test,TIMEDATE,TIMEDATE:언제,1
test_4062.jpg,test,UNKNOWN,,0
test_4063.jpg,test,OBJECT,OBJECT:무엇,1
test_4064.jpg,test,OBJECT,OBJECT:무엇,1
test_4065.jpg,test,OBJECT,OBJECT:무엇,1
test_4066.jpg,test,OBJECT,OBJECT:있(나요|습니까|어),1
test_4067.jpg,test,PRICE,PRICE:가격,1
test_4068.jpg,test,COMPOSITE,"SPELLING:이름.{0,3}(뭐|무엇);;OBJECT:무엇",2
test_4069.jpg,test,COMPOSITE,"SPELLING:이름.{0,3}(뭐|무엇);;OBJECT:무엇",2
test_4070.jpg,test,COMPOSITE,"SPELLING:이름.{0,3}(뭐|무엇);;OBJECT:무엇",2
test_4071.jpg,test,OBJECT,OBJECT:무엇,1
test_4072.jpg,test,COMPOSITE,NUMBER:번호;;OBJECT:무엇,2
test_4073.jpg,test,OBJECT,OBJECT:무엇,1
test_4074.jpg,test,OBJECT,OBJECT:무엇,1
test_4075.jpg,test,COMPOSITE,NUMBER:번호;;OBJECT:무엇,2
test_4076.jpg,test,OBJECT,OBJECT:무엇,1
test_4077.jpg,test,OBJECT,OBJECT:무엇,1
test_4078.jpg,test,COMPOSITE,"SPELLING:이름.{0,3}(뭐|무엇);;OBJECT:무엇",2
test_4079.jpg,test,TIMEDATE,TIMEDATE:언제,1
test_4080.jpg,test,PRICE,PRICE:얼마,1
test_4081.jpg,test,OBJECT,OBJECT:무엇,1
test_4082.jpg,test,OBJECT,OBJECT:무엇,1
test_4083.jpg,test,OBJECT,OBJECT:무엇,1
test_4084.jpg,test,OBJECT,OBJECT:무엇,1
test_4085.jpg,test,PRICE,PRICE:가격,1
test_4086.jpg,test,LOGO,LOGO:브랜드,1
test_4087.jpg,test,OBJECT,OBJECT:무엇,1
test_4088.jpg,test,OBJECT,OBJECT:무엇,1
test_4089.jpg,test,OBJECT,OBJECT:무엇,1
test_4090.jpg,test,COMPOSITE,"SPELLING:이름.{0,3}(뭐|무엇);;LOGO:브랜드;;OBJECT:무엇",3
test_4091.jpg,test,OBJECT,OBJECT:무엇,1
test_4092.jpg,test,COMPOSITE,"SPELLING:이름.{0,3}(뭐|무엇);;OBJECT:무엇",2
test_4093.jpg,test,COMPOSITE,"SPELLING:이름.{0,3}(뭐|무엇);;OBJECT:무엇",2
test_4094.jpg,test,UNKNOWN,,0
test_4095.jpg,test,COMPOSITE,"SPELLING:이름.{0,3}(뭐|무엇);;OBJECT:무엇",2
test_4096.jpg,test,COMPOSITE,OBJECT:무엇;;RELATION:위에,2
test_4097.jpg,test,OBJECT,OBJECT:무엇,1
test_4098.jpg,test,OBJECT,OBJECT:무엇,1
test_4099.jpg,test,UNKNOWN,,0
test_4100.jpg,test,PRICE,PRICE:가격,1
test_4101.jpg,test,COMPOSITE,"SPELLING:이름.{0,3}(뭐|무엇);;OBJECT:무엇",2
test_4102.jpg,test,OBJECT,OBJECT:무엇,1
test_4103.jpg,test,PRICE,PRICE:가격,1
test_4104.jpg,test,COMPOSITE,SPELLING:글자;;OBJECT:무엇,2
test_4105.jpg,test,PRICE,PRICE:가격,1
test_4106.jpg,test,COMPOSITE,"SPELLING:이름.{0,3}(뭐|무엇);;LOGO:브랜드;;OBJECT:무엇",3
test_4107.jpg,test,COMPOSITE,SPELLING:글자;;OBJECT:무엇,2
test_4108.jpg,test,TIMEDATE,TIMEDATE:기간,1
test_4109.jpg,test,UNKNOWN,,0
test_4110.jpg,test,TIMEDATE,TIMEDATE:영업\s*시간,1
test_4111.jpg,test,UNKNOWN,,0
test_4112.jpg,test,COMPOSITE,"SPELLING:이름.{0,3}(뭐|무엇);;OBJECT:무엇",2
test_4113.jpg,test,PRICE,PRICE:가격,1
test_4114.jpg,test,COMPOSITE,"SPELLING:이름.{0,3}(뭐|무엇);;OBJECT:무엇",2
test_4115.jpg,test,OBJECT,OBJECT:무엇,1
test_4116.jpg,test,OBJECT,OBJECT:무엇,1
test_4117.jpg,test,OBJECT,OBJECT:무엇,1
test_4118.jpg,test,PRICE,PRICE:얼마,1
test_4119.jpg,test,COMPOSITE,"SPELLING:이름.{0,3}(뭐|무엇);;OBJECT:무엇",2
test_4120.jpg,test,PRICE,PRICE:얼마,1
test_4121.jpg,test,COMPOSITE,LOGO:브랜드;;OBJECT:무엇,2
test_4122.jpg,test,PRICE,PRICE:얼마,1
test_4123.jpg,test,OBJECT,OBJECT:무엇,1
test_4124.jpg,test,COMPOSITE,"SPELLING:이름.{0,3}(뭐|무엇);;OBJECT:무엇",2
test_4125.jpg,test,OBJECT,OBJECT:무엇,1
test_4126.jpg,test,COMPOSITE,"SPELLING:이름.{0,3}(뭐|무엇);;OBJECT:무엇",2
test_4127.jpg,test,COMPOSITE,"SPELLING:이름.{0,3}(뭐|무엇);;OBJECT:무엇",2
test_4128.jpg,test,PRICE,PRICE:얼마,1
test_4129.jpg,test,COMPOSITE,PRICE:가격;;OBJECT:무엇,2
test_4130.jpg,test,TIMEDATE,TIMEDATE:언제,1
test_4131.jpg,test,OBJECT,OBJECT:무엇,1
test_4132.jpg,test,UNKNOWN,,0
test_4133.jpg,test,COMPOSITE,TABLE:항목;;OBJECT:무엇,2
test_4134.jpg,test,OBJECT,OBJECT:무엇,1
test_4135.jpg,test,UNKNOWN,,0
test_4136.jpg,test,PRICE,PRICE:가격,1
test_4137.jpg,test,UNKNOWN,,0
test_4138.jpg,test,OBJECT,OBJECT:무엇,1
test_4139.jpg,test,OBJECT,OBJECT:무엇,1
test_4140.jpg,test,OBJECT,OBJECT:무엇,1
test_4141.jpg,test,COMPOSITE,"SPELLING:이름.{0,3}(뭐|무엇);;OBJECT:무엇",2
test_4142.jpg,test,COMPOSITE,PRICE:가격;;OBJECT:무엇,2
test_4143.jpg,test,OBJECT,OBJECT:무엇,1
test_4144.jpg,test,OBJECT,OBJECT:무엇,1
test_4145.jpg,test,COMPOSITE,"SPELLING:이름.{0,3}(뭐|무엇);;OBJECT:무엇",2
test_4146.jpg,test,OBJECT,OBJECT:무엇,1
test_4147.jpg,test,OBJECT,OBJECT:무엇,1
test_4148.jpg,test,COMPOSITE,NUMBER:번호;;OBJECT:무엇,2
test_4149.jpg,test,UNKNOWN,,0
test_4150.jpg,test,OBJECT,OBJECT:무엇,1
test_4151.jpg,test,OBJECT,OBJECT:무엇,1
test_4152.jpg,test,TIMEDATE,TIMEDATE:날짜,1
test_4153.jpg,test,COMPOSITE,NUMBER:번호;;OBJECT:무엇,2
test_4154.jpg,test,PRICE,PRICE:가격,1
test_4155.jpg,test,OBJECT,OBJECT:무엇,1
test_4156.jpg,test,OBJECT,OBJECT:무엇,1
test_4157.jpg,test,TIMEDATE,TIMEDATE:언제,1
test_4158.jpg,test,COMPOSITE,NUMBER:번호;;OBJECT:무엇,2
test_4159.jpg,test,COMPOSITE,"SPELLING:이름.{0,3}(뭐|무엇);;OBJECT:무엇",2
test_4160.jpg,test,OBJECT,OBJECT:있(나요|습니까|어),1
test_4161.jpg,test,OBJECT,OBJECT:무엇,1
test_4162.jpg,test,UNKNOWN,,0
test_4163.jpg,test,OBJECT,OBJECT:무엇,1
test_4164.jpg,test,OBJECT,OBJECT:무엇,1
test_4165.jpg,test,COMPOSITE,NUMBER:번호;;OBJECT:무엇,2
test_4166.jpg,test,PRICE,PRICE:가격,1
test_4167.jpg,test,UNKNOWN,,0
test_4168.jpg,test,OBJECT,OBJECT:무엇,1
test_4169.jpg,test,TIMEDATE,TIMEDATE:언제,1
test_4170.jpg,test,COMPOSITE,"SPELLING:이름.{0,3}(뭐|무엇);;LOGO:브랜드;;OBJECT:무엇",3
test_4171.jpg,test,COMPOSITE,OBJECT:무엇;;RELATION:오른쪽,2
test_4172.jpg,test,UNKNOWN,,0
test_4173.jpg,test,OBJECT,OBJECT:있(나요|습니까|어),1
test_4174.jpg,test,PRICE,PRICE:가격,1
test_4175.jpg,test,OBJECT,OBJECT:무엇,1
test_4176.jpg,test,COMPOSITE,"SPELLING:이름.{0,3}(뭐|무엇);;OBJECT:무엇",2
test_4177.jpg,test,OBJECT,OBJECT:무엇,1
test_4178.jpg,test,OBJECT,OBJECT:무엇,1
test_4179.jpg,test,COMPOSITE,"SPELLING:이름.{0,3}(뭐|무엇);;OBJECT:무엇",2
test_4180.jpg,test,COMPOSITE,"SPELLING:이름.{0,3}(뭐|무엇);;LOGO:브랜드;;OBJECT:무엇",3
test_4181.jpg,test,PRICE,PRICE:얼마,1
test_4182.jpg,test,UNKNOWN,,0
test_4183.jpg,test,OBJECT,OBJECT:무엇,1
test_4184.jpg,test,TIMEDATE,TIMEDATE:언제,1
test_4185.jpg,test,PRICE,PRICE:가격,1
test_4186.jpg,test,COMPOSITE,"SPELLING:이름.{0,3}(뭐|무엇);;OBJECT:무엇",2
test_4187.jpg,test,COMPOSITE,OBJECT:무엇;;RELATION:왼쪽,2
test_4188.jpg,test,OBJECT,OBJECT:무엇,1
test_4189.jpg,test,OBJECT,OBJECT:있(나요|습니까|어),1
test_4190.jpg,test,OBJECT,OBJECT:무엇,1
test_4191.jpg,test,PRICE,PRICE:가격,1
test_4192.jpg,test,OBJECT,OBJECT:무엇,1
test_4193.jpg,test,OBJECT,OBJECT:무엇,1
test_4194.jpg,test,COMPOSITE,OBJECT:무엇;;RELATION:위에,2
test_4195.jpg,test,COMPOSITE,"SPELLING:이름.{0,3}(뭐|무엇);;OBJECT:무엇",2
test_4196.jpg,test,COMPOSITE,OBJECT:있(나요|습니까|어);;RELATION:아래,2
test_4197.jpg,test,OBJECT,OBJECT:무엇,1
test_4198.jpg,test,COMPOSITE,"SPELLING:이름.{0,3}(뭐|무엇);;OBJECT:무엇",2
test_4199.jpg,test,PRICE,PRICE:가격,1
test_4200.jpg,test,COMPOSITE,"SPELLING:이름.{0,3}(뭐|무엇);;OBJECT:무엇",2
test_4201.jpg,test,COMPOSITE,"SPELLING:이름.{0,3}(뭐|무엇);;OBJECT:무엇",2
test_4202.jpg,test,COMPOSITE,"SPELLING:이름.{0,3}(뭐|무엇);;LOGO:브랜드;;OBJECT:무엇",3
test_4203.jpg,test,PRICE,PRICE:가격,1
test_4204.jpg,test,COMPOSITE,"SPELLING:이름.{0,3}(뭐|무엇);;OBJECT:무엇;;RELATION:위에",3
test_4205.jpg,test,OBJECT,OBJECT:무엇,1
test_4206.jpg,test,OBJECT,OBJECT:무엇,1
test_4207.jpg,test,OBJECT,OBJECT:있(나요|습니까|어),1
test_4208.jpg,test,COMPOSITE,"SPELLING:이름.{0,3}(뭐|무엇);;OBJECT:무엇",2
test_4209.jpg,test,OBJECT,OBJECT:무엇,1
test_4210.jpg,test,OBJECT,OBJECT:무엇,1
test_4211.jpg,test,COMPOSITE,PRICE:얼마;;RELATION:왼쪽,2
test_4212.jpg,test,UNKNOWN,,0
test_4213.jpg,test,COMPOSITE,"SPELLING:이름.{0,3}(뭐|무엇);;OBJECT:무엇",2
test_4214.jpg,test,COMPOSITE,SPELLING:글자;;OBJECT:무엇;;RELATION:위에,3
test_4215.jpg,test,UNKNOWN,,0
test_4216.jpg,test,OBJECT,OBJECT:무엇,1
test_4217.jpg,test,COMPOSITE,NUMBER:번호;;OBJECT:무엇,2
test_4218.jpg,test,UNKNOWN,,0
test_4219.jpg,test,OBJECT,OBJECT:있(나요|습니까|어),1
test_4220.jpg,test,PRICE,PRICE:얼마,1
test_4221.jpg,test,PRICE,PRICE:가격,1
test_4222.jpg,test,OBJECT,OBJECT:무엇,1
test_4223.jpg,test,COMPOSITE,NUMBER:번호;;OBJECT:무엇,2
test_4224.jpg,test,OBJECT,OBJECT:무엇,1
test_4225.jpg,test,PRICE,PRICE:가격,1
test_4226.jpg,test,UNKNOWN,,0
test_4227.jpg,test,UNKNOWN,,0
test_4228.jpg,test,OBJECT,OBJECT:무엇,1
test_4229.jpg,test,PRICE,PRICE:얼마,1
test_4230.jpg,test,OBJECT,OBJECT:무엇,1
test_4231.jpg,test,OBJECT,OBJECT:무엇,1
test_4232.jpg,test,COMPOSITE,"SPELLING:이름.{0,3}(뭐|무엇);;OBJECT:무엇",2
test_4233.jpg,test,PRICE,PRICE:얼마,1
test_4234.jpg,test,TIMEDATE,TIMEDATE:언제,1
test_4235.jpg,test,OBJECT,OBJECT:무엇,1
test_4236.jpg,test,OBJECT,OBJECT:무엇,1
test_4237.jpg,test,OBJECT,OBJECT:무엇,1
test_4238.jpg,test,OBJECT,OBJECT:무엇,1
test_4239.jpg,test,COMPOSITE,"SPELLING:이름.{0,3}(뭐|무엇);;LOGO:브랜드;;OBJECT:무엇",3
test_4240.jpg,test,OBJECT,OBJECT:무엇,1
test_4241.jpg,test,COMPOSITE,NUMBER:번호;;OBJECT:무엇,2
test_4242.jpg,test,OBJECT,OBJECT:무엇,1
test_4243.jpg,test,COMPOSITE,OBJECT:무엇;;RELATION:아래,2
test_4244.jpg,test,OBJECT,OBJECT:무엇,1
test_4245.jpg,test,OBJECT,OBJECT:무엇,1
test_4246.jpg,test,NUMBER,NUMBER:번호,1
test_4247.jpg,test,COMPOSITE,NUMBER:번호;;OBJECT:무엇,2
test_4248.jpg,test,COMPOSITE,"SPELLING:이름.{0,3}(뭐|무엇);;OBJECT:무엇",2
test_4249.jpg,test,OBJECT,OBJECT:무엇,1
test_4250.jpg,test,OBJECT,OBJECT:무엇,1
test_4251.jpg,test,OBJECT,OBJECT:무엇,1
test_4252.jpg,test,PRICE,PRICE:가격,1
test_4253.jpg,test,COMPOSITE,"SPELLING:이름.{0,3}(뭐|무엇);;OBJECT:무엇",2
test_4254.jpg,test,PRICE,PRICE:얼마,1
test_4255.jpg,test,TIMEDATE,TIMEDATE:언제,1
test_4256.jpg,test,UNKNOWN,,0
test_4257.jpg,test,PRICE,PRICE:얼마,1
test_4258.jpg,test,COMPOSITE,SPELLING:글자;;OBJECT:무엇,2
test_4259.jpg,test,OBJECT,OBJECT:무엇,1
test_4260.jpg,test,OBJECT,OBJECT:무엇,1
test_4261.jpg,test,OBJECT,OBJECT:무엇,1
test_4262.jpg,test,COMPOSITE,OBJECT:무엇;;RELATION:위에,2
test_4263.jpg,test,OBJECT,OBJECT:무엇,1
test_4264.jpg,test,OBJECT,OBJECT:무엇,1
test_4265.jpg,test,COMPOSITE,"SPELLING:이름.{0,3}(뭐|무엇);;OBJECT:무엇",2
test_4266.jpg,test,COMPOSITE,SPELLING:글자;;OBJECT:무엇,2
test_4267.jpg,test,OBJECT,OBJECT:무엇,1
test_4268.jpg,test,OBJECT,OBJECT:무엇,1
test_4269.jpg,test,OBJECT,OBJECT:있(나요|습니까|어),1
test_4270.jpg,test,TIMEDATE,TIMEDATE:언제,1
test_4271.jpg,test,COMPOSITE,"SPELLING:이름.{0,3}(뭐|무엇);;OBJECT:무엇",2
test_4272.jpg,test,UNKNOWN,,0
test_4273.jpg,test,COMPOSITE,"SPELLING:이름.{0,3}(뭐|무엇);;LOGO:브랜드;;OBJECT:무엇",3
test_4274.jpg,test,COMPOSITE,"SPELLING:이름.{0,3}(뭐|무엇);;OBJECT:무엇",2
test_4275.jpg,test,COMPOSITE,"SPELLING:이름.{0,3}(뭐|무엇);;OBJECT:무엇",2
test_4276.jpg,test,COMPOSITE,NUMBER:번호;;OBJECT:무엇,2
test_4277.jpg,test,OBJECT,OBJECT:무엇,1
test_4278.jpg,test,OBJECT,OBJECT:무엇,1
test_4279.jpg,test,OBJECT,OBJECT:무엇,1
test_4280.jpg,test,COMPOSITE,"SPELLING:이름.{0,3}(뭐|무엇);;OBJECT:무엇",2
test_4281.jpg,test,OBJECT,OBJECT:무엇,1
test_4282.jpg,test,COMPOSITE,TABLE:항목;;OBJECT:무엇,2
test_4283.jpg,test,OBJECT,OBJECT:무엇,1
test_4284.jpg,test,OBJECT,OBJECT:무엇,1
test_4285.jpg,test,OBJECT,OBJECT:무엇,1
test_4286.jpg,test,COMPOSITE,"SPELLING:이름.{0,3}(뭐|무엇);;OBJECT:무엇",2
test_4287.jpg,test,OBJECT,OBJECT:무엇,1
test_4288.jpg,test,TIMEDATE,TIMEDATE:기간,1
test_4289.jpg,test,COMPOSITE,"SPELLING:이름.{0,3}(뭐|무엇);;OBJECT:무엇",2
test_4290.jpg,test,NUMBER,NUMBER:번호,1
test_4291.jpg,test,UNKNOWN,,0
test_4292.jpg,test,COMPOSITE,"SPELLING:이름.{0,3}(뭐|무엇);;OBJECT:무엇",2
test_4293.jpg,test,COMPOSITE,OBJECT:무엇;;RELATION:아래,2
test_4294.jpg,test,COMPOSITE,"SPELLING:이름.{0,3}(뭐|무엇);;OBJECT:무엇",2
test_4295.jpg,test,OBJECT,OBJECT:무엇,1
test_4296.jpg,test,OBJECT,OBJECT:무엇,1
test_4297.jpg,test,COMPOSITE,"SPELLING:이름.{0,3}(뭐|무엇);;OBJECT:무엇",2
test_4298.jpg,test,OBJECT,OBJECT:무엇,1
test_4299.jpg,test,OBJECT,OBJECT:무엇,1
test_4300.jpg,test,OBJECT,OBJECT:무엇,1
test_4301.jpg,test,COMPOSITE,TABLE:항목;;OBJECT:무엇,2
test_4302.jpg,test,OBJECT,OBJECT:무엇,1
test_4303.jpg,test,COMPOSITE,"SPELLING:이름.{0,3}(뭐|무엇);;OBJECT:무엇",2
test_4304.jpg,test,COMPOSITE,"SPELLING:이름.{0,3}(뭐|무엇);;LOGO:브랜드;;OBJECT:무엇",3
test_4305.jpg,test,UNKNOWN,,0
test_4306.jpg,test,COMPOSITE,"SPELLING:이름.{0,3}(뭐|무엇);;OBJECT:무엇",2
test_4307.jpg,test,OBJECT,OBJECT:무엇,1
test_4308.jpg,test,OBJECT,OBJECT:무엇,1
test_4309.jpg,test,UNKNOWN,,0
test_4310.jpg,test,OBJECT,OBJECT:무엇,1
test_4311.jpg,test,TIMEDATE,TIMEDATE:언제,1
test_4312.jpg,test,UNKNOWN,,0
test_4313.jpg,test,OBJECT,OBJECT:있(나요|습니까|어),1
test_4314.jpg,test,PRICE,PRICE:얼마,1
test_4315.jpg,test,COMPOSITE,SPELLING:글자;;OBJECT:무엇,2
test_4316.jpg,test,COMPOSITE,"SPELLING:이름.{0,3}(뭐|무엇);;OBJECT:무엇",2
test_4317.jpg,test,OBJECT,OBJECT:있(나요|습니까|어),1
test_4318.jpg,test,OBJECT,OBJECT:무엇,1
test_4319.jpg,test,OBJECT,OBJECT:무엇,1
test_4320.jpg,test,COMPOSITE,"SPELLING:이름.{0,3}(뭐|무엇);;OBJECT:무엇",2
test_4321.jpg,test,COMPOSITE,"SPELLING:이름.{0,3}(뭐|무엇);;OBJECT:무엇",2
test_4322.jpg,test,COMPOSITE,SPELLING:글자;;OBJECT:무엇,2
test_4323.jpg,test,OBJECT,OBJECT:무엇,1
test_4324.jpg,test,COMPOSITE,"SPELLING:이름.{0,3}(뭐|무엇);;OBJECT:무엇",2
test_4325.jpg,test,OBJECT,OBJECT:무엇,1
test_4326.jpg,test,OBJECT,OBJECT:무엇,1
test_4327.jpg,test,COMPOSITE,"SPELLING:이름.{0,3}(뭐|무엇);;OBJECT:무엇",2
test_4328.jpg,test,OBJECT,OBJECT:무엇,1
test_4329.jpg,test,UNKNOWN,,0
test_4330.jpg,test,OBJECT,OBJECT:무엇,1
test_4331.jpg,test,OBJECT,OBJECT:무엇,1
test_4332.jpg,test,PRICE,PRICE:가격,1
test_4333.jpg,test,OBJECT,OBJECT:무엇,1
test_4334.jpg,test,COMPOSITE,"SPELLING:이름.{0,3}(뭐|무엇);;OBJECT:무엇",2
test_4335.jpg,test,COMPOSITE,"SPELLING:이름.{0,3}(뭐|무엇);;OBJECT:무엇",2
test_4336.jpg,test,OBJECT,OBJECT:무엇,1
test_4337.jpg,test,OBJECT,OBJECT:무엇,1
test_4338.jpg,test,COMPOSITE,PRICE:가격;;OBJECT:무엇,2
test_4339.jpg,test,SPELLING,SPELLING:글자,1
test_4340.jpg,test,UNKNOWN,,0
test_4341.jpg,test,COMPOSITE,"SPELLING:이름.{0,3}(뭐|무엇);;OBJECT:무엇",2
test_4342.jpg,test,PRICE,PRICE:얼마,1
test_4343.jpg,test,COMPOSITE,"SPELLING:이름.{0,3}(뭐|무엇);;OBJECT:무엇",2
test_4344.jpg,test,COMPOSITE,"SPELLING:이름.{0,3}(뭐|무엇);;OBJECT:무엇",2
test_4345.jpg,test,OBJECT,OBJECT:있(나요|습니까|어),1
test_4346.jpg,test,UNKNOWN,,0
test_4347.jpg,test,COMPOSITE,"SPELLING:이름.{0,3}(뭐|무엇);;OBJECT:무엇",2
test_4348.jpg,test,OBJECT,OBJECT:무엇,1
test_4349.jpg,test,COMPOSITE,"SPELLING:이름.{0,3}(뭐|무엇);;OBJECT:무엇",2
test_4350.jpg,test,COMPOSITE,OBJECT:무엇;;RELATION:아래,2
test_4351.jpg,test,COMPOSITE,"SPELLING:이름.{0,3}(뭐|무엇);;OBJECT:무엇",2
test_4352.jpg,test,COMPOSITE,PRICE:가격;;OBJECT:무엇,2
test_4353.jpg,test,OBJECT,OBJECT:무엇,1
test_4354.jpg,test,OBJECT,OBJECT:무엇,1
test_4355.jpg,test,PRICE,PRICE:가격,1
test_4356.jpg,test,OBJECT,OBJECT:무엇,1
test_4357.jpg,test,COMPOSITE,"SPELLING:이름.{0,3}(뭐|무엇);;OBJECT:무엇",2
test_4358.jpg,test,COMPOSITE,OBJECT:무엇;;RELATION:위에,2
test_4359.jpg,test,COMPOSITE,"SPELLING:이름.{0,3}(뭐|무엇);;OBJECT:무엇",2
test_4360.jpg,test,UNKNOWN,,0
test_4361.jpg,test,COMPOSITE,"SPELLING:이름.{0,3}(뭐|무엇);;OBJECT:무엇",2
test_4362.jpg,test,OBJECT,OBJECT:무엇,1
test_4363.jpg,test,OBJECT,OBJECT:무엇,1
test_4364.jpg,test,OBJECT,OBJECT:무엇,1
test_4365.jpg,test,COMPOSITE,SPELLING:글자;;OBJECT:무엇,2
test_4366.jpg,test,COMPOSITE,PRICE:얼마;;TIMEDATE:기간,2
test_4367.jpg,test,COMPOSITE,"SPELLING:이름.{0,3}(뭐|무엇);;OBJECT:무엇",2
test_4368.jpg,test,COMPOSITE,"SPELLING:이름.{0,3}(뭐|무엇);;OBJECT:무엇",2
test_4369.jpg,test,PRICE,PRICE:가격,1
test_4370.jpg,test,OBJECT,OBJECT:무엇,1
test_4371.jpg,test,UNKNOWN,,0
test_4372.jpg,test,UNKNOWN,,0
test_4373.jpg,test,COMPOSITE,LOGO:브랜드;;OBJECT:무엇,2
test_4374.jpg,test,COMPOSITE,"SPELLING:이름.{0,3}(뭐|무엇);;OBJECT:무엇",2
test_4375.jpg,test,UNKNOWN,,0
test_4376.jpg,test,OBJECT,OBJECT:무엇,1
test_4377.jpg,test,OBJECT,OBJECT:무엇,1
test_4378.jpg,test,COMPOSITE,SPELLING:글자;;OBJECT:무엇,2
test_4379.jpg,test,UNKNOWN,,0
test_4380.jpg,test,OBJECT,OBJECT:무엇,1
test_4381.jpg,test,OBJECT,OBJECT:무엇,1
test_4382.jpg,test,COMPOSITE,"SPELLING:이름.{0,3}(뭐|무엇);;OBJECT:무엇",2
test_4383.jpg,test,OBJECT,OBJECT:무엇,1
test_4384.jpg,test,COMPOSITE,NUMBER:번호;;OBJECT:무엇,2
test_4385.jpg,test,OBJECT,OBJECT:무엇,1
test_4386.jpg,test,COMPOSITE,SPELLING:글자;;OBJECT:무엇,2
test_4387.jpg,test,OBJECT,OBJECT:무엇,1
test_4388.jpg,test,COMPOSITE,SPELLING:글자;;OBJECT:무엇,2
test_4389.jpg,test,OBJECT,OBJECT:무엇,1
test_4390.jpg,test,OBJECT,OBJECT:무엇,1
test_4391.jpg,test,OBJECT,OBJECT:무엇,1
test_4392.jpg,test,OBJECT,OBJECT:무엇,1
test_4393.jpg,test,OBJECT,OBJECT:무엇,1
test_4394.jpg,test,UNKNOWN,,0
test_4395.jpg,test,UNKNOWN,,0
test_4396.jpg,test,OBJECT,OBJECT:있(나요|습니까|어),1
test_4397.jpg,test,COMPOSITE,"SPELLING:이름.{0,3}(뭐|무엇);;OBJECT:무엇",2
test_4398.jpg,test,TIMEDATE,TIMEDATE:언제,1
test_4399.jpg,test,PRICE,PRICE:가격,1
test_4400.jpg,test,OBJECT,OBJECT:무엇,1
test_4401.jpg,test,UNKNOWN,,0
test_4402.jpg,test,OBJECT,OBJECT:무엇,1
test_4403.jpg,test,COMPOSITE,NUMBER:번호;;OBJECT:무엇,2
test_4404.jpg,test,COMPOSITE,OBJECT:무엇;;RELATION:위에,2
test_4405.jpg,test,COMPOSITE,"SPELLING:이름.{0,3}(뭐|무엇);;OBJECT:무엇",2
test_4406.jpg,test,TIMEDATE,TIMEDATE:기간,1
test_4407.jpg,test,OBJECT,OBJECT:무엇,1
test_4408.jpg,test,OBJECT,OBJECT:무엇,1
test_4409.jpg,test,TIMEDATE,TIMEDATE:언제,1
test_4410.jpg,test,PRICE,PRICE:얼마,1
test_4411.jpg,test,COMPOSITE,NUMBER:번호;;OBJECT:무엇,2
test_4412.jpg,test,COMPOSITE,"SPELLING:이름.{0,3}(뭐|무엇);;OBJECT:무엇",2
test_4413.jpg,test,UNKNOWN,,0
test_4414.jpg,test,OBJECT,OBJECT:무엇,1
test_4415.jpg,test,COMPOSITE,"SPELLING:이름.{0,3}(뭐|무엇);;OBJECT:무엇",2
test_4416.jpg,test,COMPOSITE,SPELLING:글자;;OBJECT:무엇,2
test_4417.jpg,test,PRICE,PRICE:얼마,1
test_4418.jpg,test,COMPOSITE,NUMBER:번호;;OBJECT:무엇,2
test_4419.jpg,test,OBJECT,OBJECT:무엇,1
test_4420.jpg,test,OBJECT,OBJECT:무엇,1
test_4421.jpg,test,UNKNOWN,,0
test_4422.jpg,test,TIMEDATE,TIMEDATE:몇\s*시,1
test_4423.jpg,test,OBJECT,OBJECT:무엇,1
test_4424.jpg,test,COMPOSITE,"SPELLING:이름.{0,3}(뭐|무엇);;OBJECT:무엇",2
test_4425.jpg,test,COMPOSITE,TIMEDATE:언제;;OBJECT:있(나요|습니까|어),2
test_4426.jpg,test,COMPOSITE,"SPELLING:이름.{0,3}(뭐|무엇);;OBJECT:무엇",2
test_4427.jpg,test,RELATION,RELATION:보다,1
test_4428.jpg,test,UNKNOWN,,0
test_4429.jpg,test,UNKNOWN,,0
test_4430.jpg,test,COMPOSITE,NUMBER:번호;;OBJECT:무엇,2
test_4431.jpg,test,UNKNOWN,,0
test_4432.jpg,test,UNKNOWN,,0
test_4433.jpg,test,COMPOSITE,OBJECT:무엇;;RELATION:옆에,2
test_4434.jpg,test,OBJECT,OBJECT:무엇,1
test_4435.jpg,test,COMPOSITE,"SPELLING:이름.{0,3}(뭐|무엇);;OBJECT:무엇",2
test_4436.jpg,test,OBJECT,OBJECT:무엇,1
test_4437.jpg,test,OBJECT,OBJECT:있(나요|습니까|어),1
test_4438.jpg,test,OBJECT,OBJECT:무엇,1
test_4439.jpg,test,OBJECT,OBJECT:무엇,1
test_4440.jpg,test,COMPOSITE,"SPELLING:이름.{0,3}(뭐|무엇);;OBJECT:무엇",2
test_4441.jpg,test,OBJECT,OBJECT:무엇,1
test_4442.jpg,test,COMPOSITE,NUMBER:번호;;OBJECT:무엇,2
test_4443.jpg,test,OBJECT,OBJECT:무엇,1
test_4444.jpg,test,UNKNOWN,,0
test_4445.jpg,test,COMPOSITE,NUMBER:번호;;OBJECT:무엇,2
test_4446.jpg,test,COMPOSITE,OBJECT:무엇;;RELATION:옆에,2
test_4447.jpg,test,COMPOSITE,"SPELLING:이름.{0,3}(뭐|무엇);;OBJECT:무엇",2
test_4448.jpg,test,OBJECT,OBJECT:무엇,1
test_4449.jpg,test,COMPOSITE,"SPELLING:이름.{0,3}(뭐|무엇);;OBJECT:무엇",2
test_4450.jpg,test,COMPOSITE,"SPELLING:이름.{0,3}(뭐|무엇);;OBJECT:무엇",2
test_4451.jpg,test,OBJECT,OBJECT:무엇,1
test_4452.jpg,test,COMPOSITE,"SPELLING:이름.{0,3}(뭐|무엇);;LOGO:브랜드;;OBJECT:무엇",3
test_4453.jpg,test,OBJECT,OBJECT:무엇,1
test_4454.jpg,test,COMPOSITE,"SPELLING:이름.{0,3}(뭐|무엇);;OBJECT:무엇",2
test_4455.jpg,test,COMPOSITE,NUMBER:번호;;OBJECT:무엇,2
test_4456.jpg,test,PRICE,PRICE:가격,1
test_4457.jpg,test,OBJECT,OBJECT:있(나요|습니까|어),1
test_4458.jpg,test,OBJECT,OBJECT:무엇,1
test_4459.jpg,test,OBJECT,OBJECT:있(나요|습니까|어),1
test_4460.jpg,test,OBJECT,OBJECT:무엇,1
test_4461.jpg,test,COMPOSITE,"SPELLING:이름.{0,3}(뭐|무엇);;OBJECT:무엇",2
test_4462.jpg,test,PRICE,PRICE:가격,1
test_4463.jpg,test,COMPOSITE,NUMBER:번호;;OBJECT:무엇,2
test_4464.jpg,test,PRICE,PRICE:가격,1
test_4465.jpg,test,COMPOSITE,OBJECT:무엇;;RELATION:옆에,2
test_4466.jpg,test,COMPOSITE,"SPELLING:이름.{0,3}(뭐|무엇);;OBJECT:무엇",2
test_4467.jpg,test,PRICE,PRICE:얼마,1
test_4468.jpg,test,OBJECT,OBJECT:있(나요|습니까|어),1
test_4469.jpg,test,COMPOSITE,"SPELLING:이름.{0,3}(뭐|무엇);;OBJECT:무엇",2
test_4470.jpg,test,OBJECT,OBJECT:무엇,1
test_4471.jpg,test,PRICE,PRICE:가격,1
test_4472.jpg,test,OBJECT,OBJECT:무엇,1
test_4473.jpg,test,PRICE,PRICE:가격,1
test_4474.jpg,test,PRICE,PRICE:얼마,1
test_4475.jpg,test,OBJECT,OBJECT:무엇,1
test_4476.jpg,test,COMPOSITE,"SPELLING:이름.{0,3}(뭐|무엇);;OBJECT:무엇",2
test_4477.jpg,test,COMPOSITE,"SPELLING:이름.{0,3}(뭐|무엇);;OBJECT:무엇",2
test_4478.jpg,test,TIMEDATE,TIMEDATE:언제,1
test_4479.jpg,test,OBJECT,OBJECT:있(나요|습니까|어),1
test_4480.jpg,test,OBJECT,OBJECT:무엇,1
test_4481.jpg,test,UNKNOWN,,0
test_4482.jpg,test,OBJECT,OBJECT:무엇,1
test_4483.jpg,test,PRICE,PRICE:얼마,1
test_4484.jpg,test,PRICE,PRICE:얼마,1
test_4485.jpg,test,COMPOSITE,"SPELLING:이름.{0,3}(뭐|무엇);;LOGO:브랜드;;OBJECT:무엇",3
test_4486.jpg,test,OBJECT,OBJECT:무엇,1
test_4487.jpg,test,RELATION,RELATION:위에,1
test_4488.jpg,test,PRICE,PRICE:얼마,1
test_4489.jpg,test,OBJECT,OBJECT:무엇,1
test_4490.jpg,test,COMPOSITE,"SPELLING:이름.{0,3}(뭐|무엇);;OBJECT:무엇",2
test_4491.jpg,test,COMPOSITE,OBJECT:무엇;;RELATION:왼쪽,2
test_4492.jpg,test,OBJECT,OBJECT:무엇,1
test_4493.jpg,test,OBJECT,OBJECT:무엇,1
test_4494.jpg,test,COMPOSITE,"SPELLING:이름.{0,3}(뭐|무엇);;OBJECT:무엇",2
test_4495.jpg,test,OBJECT,OBJECT:무엇,1
test_4496.jpg,test,UNKNOWN,,0
test_4497.jpg,test,COMPOSITE,"SPELLING:이름.{0,3}(뭐|무엇);;LOGO:브랜드;;OBJECT:무엇",3
test_4498.jpg,test,OBJECT,OBJECT:무엇,1
test_4499.jpg,test,OBJECT,OBJECT:무엇,1
test_4500.jpg,test,UNKNOWN,,0
test_4501.jpg,test,TIMEDATE,TIMEDATE:기간,1
test_4502.jpg,test,COMPOSITE,"SPELLING:이름.{0,3}(뭐|무엇);;LOGO:브랜드;;OBJECT:무엇",3
test_4503.jpg,test,OBJECT,OBJECT:있(나요|습니까|어),1
test_4504.jpg,test,OBJECT,OBJECT:무엇,1
test_4505.jpg,test,COMPOSITE,SPELLING:글자;;OBJECT:무엇,2
test_4506.jpg,test,COMPOSITE,"SPELLING:이름.{0,3}(뭐|무엇);;OBJECT:무엇",2
test_4507.jpg,test,OBJECT,OBJECT:있(나요|습니까|어),1
test_4508.jpg,test,OBJECT,OBJECT:무엇,1
test_4509.jpg,test,COMPOSITE,"SPELLING:이름.{0,3}(뭐|무엇);;OBJECT:무엇",2
test_4510.jpg,test,UNKNOWN,,0
test_4511.jpg,test,OBJECT,OBJECT:무엇,1
test_4512.jpg,test,PRICE,PRICE:가격,1
test_4513.jpg,test,PRICE,PRICE:가격,1
test_4514.jpg,test,OBJECT,OBJECT:무엇,1
test_4515.jpg,test,COMPOSITE,SPELLING:글자;;OBJECT:무엇,2
test_4516.jpg,test,UNKNOWN,,0
test_4517.jpg,test,COMPOSITE,"SPELLING:이름.{0,3}(뭐|무엇);;OBJECT:무엇;;RELATION:왼쪽",3
test_4518.jpg,test,COMPOSITE,"SPELLING:이름.{0,3}(뭐|무엇);;OBJECT:무엇",2
test_4519.jpg,test,OBJECT,OBJECT:무엇,1
test_4520.jpg,test,PRICE,PRICE:가격,1
test_4521.jpg,test,COMPOSITE,NUMBER:번호;;OBJECT:무엇,2
test_4522.jpg,test,OBJECT,OBJECT:무엇,1
test_4523.jpg,test,OBJECT,OBJECT:무엇,1
test_4524.jpg,test,OBJECT,OBJECT:무엇,1
test_4525.jpg,test,OBJECT,OBJECT:있(나요|습니까|어),1
test_4526.jpg,test,COMPOSITE,"SPELLING:이름.{0,3}(뭐|무엇);;OBJECT:무엇",2
test_4527.jpg,test,UNKNOWN,,0
test_4528.jpg,test,COMPOSITE,"SPELLING:이름.{0,3}(뭐|무엇);;OBJECT:무엇",2
test_4529.jpg,test,PRICE,PRICE:얼마,1
test_4530.jpg,test,TIMEDATE,TIMEDATE:언제,1
test_4531.jpg,test,PRICE,PRICE:얼마,1
test_4532.jpg,test,OBJECT,OBJECT:무엇,1
test_4533.jpg,test,COMPOSITE,NUMBER:번호;;OBJECT:무엇,2
test_4534.jpg,test,COMPOSITE,"SPELLING:이름.{0,3}(뭐|무엇);;LOGO:브랜드;;OBJECT:무엇",3
test_4535.jpg,test,OBJECT,OBJECT:있(나요|습니까|어),1
test_4536.jpg,test,UNKNOWN,,0
test_4537.jpg,test,COMPOSITE,NUMBER:번호;;OBJECT:무엇,2
test_4538.jpg,test,OBJECT,OBJECT:무엇,1
test_4539.jpg,test,COMPOSITE,NUMBER:번호;;OBJECT:무엇,2
test_4540.jpg,test,OBJECT,OBJECT:무엇,1
test_4541.jpg,test,COMPOSITE,"SPELLING:이름.{0,3}(뭐|무엇);;OBJECT:무엇",2
test_4542.jpg,test,UNKNOWN,,0
test_4543.jpg,test,PRICE,PRICE:가격,1
test_4544.jpg,test,COMPOSITE,"SPELLING:이름.{0,3}(뭐|무엇);;OBJECT:무엇",2
test_4545.jpg,test,COMPOSITE,TIMEDATE:날짜;;OBJECT:무엇,2
test_4546.jpg,test,OBJECT,OBJECT:무엇,1
test_4547.jpg,test,OBJECT,OBJECT:무엇,1
test_4548.jpg,test,COMPOSITE,"SPELLING:이름.{0,3}(뭐|무엇);;OBJECT:무엇",2
test_4549.jpg,test,PRICE,PRICE:얼마,1
test_4550.jpg,test,PRICE,PRICE:가격,1
test_4551.jpg,test,UNKNOWN,,0
test_4552.jpg,test,PRICE,PRICE:가격,1
test_4553.jpg,test,COMPOSITE,"SPELLING:이름.{0,3}(뭐|무엇);;OBJECT:무엇",2
test_4554.jpg,test,UNKNOWN,,0
test_4555.jpg,test,UNKNOWN,,0
test_4556.jpg,test,COMPOSITE,NUMBER:번호;;OBJECT:무엇,2
test_4557.jpg,test,COMPOSITE,NUMBER:번호;;OBJECT:무엇,2
test_4558.jpg,test,COMPOSITE,"SPELLING:이름.{0,3}(뭐|무엇);;OBJECT:무엇",2
test_4559.jpg,test,PRICE,PRICE:가격,1
test_4560.jpg,test,COMPOSITE,NUMBER:번호;;OBJECT:무엇,2
test_4561.jpg,test,OBJECT,OBJECT:무엇,1
test_4562.jpg,test,TIMEDATE,TIMEDATE:날짜,1
test_4563.jpg,test,COMPOSITE,"SPELLING:이름.{0,3}(뭐|무엇);;OBJECT:무엇",2
test_4564.jpg,test,OBJECT,OBJECT:무엇,1
test_4565.jpg,test,COMPOSITE,"SPELLING:이름.{0,3}(뭐|무엇);;OBJECT:무엇",2
test_4566.jpg,test,PRICE,PRICE:가격,1
test_4567.jpg,test,OBJECT,OBJECT:무엇,1
test_4568.jpg,test,TIMEDATE,TIMEDATE:영업\s*시간,1
test_4569.jpg,test,OBJECT,OBJECT:있(나요|습니까|어),1
test_4570.jpg,test,COMPOSITE,NUMBER:번호;;OBJECT:무엇;;RELATION:위에,3
test_4571.jpg,test,OBJECT,OBJECT:있(나요|습니까|어),1
test_4572.jpg,test,OBJECT,OBJECT:무엇,1
test_4573.jpg,test,TIMEDATE,TIMEDATE:언제,1
test_4574.jpg,test,UNKNOWN,,0
test_4575.jpg,test,COMPOSITE,"SPELLING:이름.{0,3}(뭐|무엇);;OBJECT:무엇",2
test_4576.jpg,test,PRICE,PRICE:가격,1
test_4577.jpg,test,OBJECT,OBJECT:무엇,1
test_4578.jpg,test,OBJECT,OBJECT:무엇,1
test_4579.jpg,test,UNKNOWN,,0
test_4580.jpg,test,OBJECT,OBJECT:무엇,1
test_4581.jpg,test,COMPOSITE,"SPELLING:이름.{0,3}(뭐|무엇);;OBJECT:무엇",2
test_4582.jpg,test,OBJECT,OBJECT:무엇,1
test_4583.jpg,test,OBJECT,OBJECT:무엇,1
test_4584.jpg,test,LOGO,LOGO:브랜드,1
test_4585.jpg,test,COMPOSITE,PRICE:가격;;OBJECT:무엇,2
test_4586.jpg,test,LOGO,LOGO:브랜드,1
test_4587.jpg,test,OBJECT,OBJECT:무엇,1
test_4588.jpg,test,COMPOSITE,"SPELLING:이름.{0,3}(뭐|무엇);;OBJECT:무엇",2
test_4589.jpg,test,PRICE,PRICE:얼마,1
test_4590.jpg,test,UNKNOWN,,0
test_4591.jpg,test,COMPOSITE,NUMBER:번호;;OBJECT:무엇,2
test_4592.jpg,test,UNKNOWN,,0
test_4593.jpg,test,COMPOSITE,"SPELLING:이름.{0,3}(뭐|무엇);;OBJECT:무엇",2
test_4594.jpg,test,COMPOSITE,NUMBER:번호;;OBJECT:무엇,2
test_4595.jpg,test,UNKNOWN,,0
test_4596.jpg,test,OBJECT,OBJECT:무엇,1
test_4597.jpg,test,OBJECT,OBJECT:무엇,1
test_4598.jpg,test,OBJECT,OBJECT:무엇,1
test_4599.jpg,test,COMPOSITE,SPELLING:글자;;OBJECT:무엇,2
test_4600.jpg,test,COMPOSITE,"SPELLING:이름.{0,3}(뭐|무엇);;OBJECT:무엇",2
test_4601.jpg,test,COMPOSITE,NUMBER:번호;;OBJECT:무엇;;RELATION:아래,3
test_4602.jpg,test,PRICE,PRICE:얼마,1
test_4603.jpg,test,UNKNOWN,,0
test_4604.jpg,test,OBJECT,OBJECT:무엇,1
test_4605.jpg,test,COMPOSITE,"SPELLING:이름.{0,3}(뭐|무엇);;OBJECT:무엇",2
test_4606.jpg,test,TIMEDATE,TIMEDATE:언제,1
test_4607.jpg,test,COMPOSITE,PRICE:가격;;OBJECT:무엇,2
test_4608.jpg,test,PRICE,PRICE:가격,1
test_4609.jpg,test,UNKNOWN,,0
test_4610.jpg,test,OBJECT,OBJECT:무엇,1
test_4611.jpg,test,COMPOSITE,SPELLING:글자;;OBJECT:무엇,2
test_4612.jpg,test,COMPOSITE,"SPELLING:이름.{0,3}(뭐|무엇);;OBJECT:무엇",2
test_4613.jpg,test,OBJECT,OBJECT:있(나요|습니까|어),1
test_4614.jpg,test,PRICE,PRICE:가격,1
test_4615.jpg,test,OBJECT,OBJECT:무엇,1
test_4616.jpg,test,OBJECT,OBJECT:있(나요|습니까|어),1
test_4617.jpg,test,UNKNOWN,,0
test_4618.jpg,test,TIMEDATE,TIMEDATE:요일,1
test_4619.jpg,test,OBJECT,OBJECT:무엇,1
test_4620.jpg,test,UNKNOWN,,0
test_4621.jpg,test,COMPOSITE,"SPELLING:이름.{0,3}(뭐|무엇);;OBJECT:무엇",2
test_4622.jpg,test,OBJECT,OBJECT:무엇,1
test_4623.jpg,test,OBJECT,OBJECT:무엇,1
test_4624.jpg,test,OBJECT,OBJECT:무엇,1
test_4625.jpg,test,COMPOSITE,"SPELLING:이름.{0,3}(뭐|무엇);;OBJECT:무엇",2
test_4626.jpg,test,OBJECT,OBJECT:무엇,1
test_4627.jpg,test,COMPOSITE,OBJECT:무엇;;RELATION:순서,2
test_4628.jpg,test,COMPOSITE,SPELLING:글자;;OBJECT:무엇,2
test_4629.jpg,test,OBJECT,OBJECT:무엇,1
test_4630.jpg,test,OBJECT,OBJECT:무엇,1
test_4631.jpg,test,UNKNOWN,,0
test_4632.jpg,test,COMPOSITE,"SPELLING:이름.{0,3}(뭐|무엇);;OBJECT:무엇",2
test_4633.jpg,test,PRICE,PRICE:가격,1
test_4634.jpg,test,OBJECT,OBJECT:무엇,1
test_4635.jpg,test,OBJECT,OBJECT:무엇,1
test_4636.jpg,test,UNKNOWN,,0
test_4637.jpg,test,PRICE,PRICE:얼마,1
test_4638.jpg,test,OBJECT,OBJECT:무엇,1
test_4639.jpg,test,OBJECT,OBJECT:무엇,1
test_4640.jpg,test,OBJECT,OBJECT:무엇,1
test_4641.jpg,test,COMPOSITE,"SPELLING:이름.{0,3}(뭐|무엇);;OBJECT:무엇;;RELATION:위에",3
test_4642.jpg,test,OBJECT,OBJECT:무엇,1
test_4643.jpg,test,OBJECT,OBJECT:있(나요|습니까|어),1
test_4644.jpg,test,COMPOSITE,"SPELLING:이름.{0,3}(뭐|무엇);;OBJECT:무엇",2
test_4645.jpg,test,OBJECT,OBJECT:무엇,1
test_4646.jpg,test,UNKNOWN,,0
test_4647.jpg,test,COMPOSITE,"SPELLING:이름.{0,3}(뭐|무엇);;OBJECT:무엇",2
test_4648.jpg,test,COMPOSITE,"SPELLING:이름.{0,3}(뭐|무엇);;OBJECT:무엇",2
test_4649.jpg,test,COMPOSITE,"SPELLING:이름.{0,3}(뭐|무엇);;OBJECT:무엇",2
test_4650.jpg,test,OBJECT,OBJECT:무엇,1
test_4651.jpg,test,UNKNOWN,,0
test_4652.jpg,test,UNKNOWN,,0
test_4653.jpg,test,OBJECT,OBJECT:무엇,1
test_4654.jpg,test,OBJECT,OBJECT:무엇,1
test_4655.jpg,test,OBJECT,OBJECT:무엇,1
test_4656.jpg,test,COMPOSITE,TIMEDATE:언제;;TABLE:표에서,2
test_4657.jpg,test,COMPOSITE,"SPELLING:이름.{0,3}(뭐|무엇);;LOGO:브랜드;;OBJECT:무엇",3
test_4658.jpg,test,OBJECT,OBJECT:무엇,1
test_4659.jpg,test,COMPOSITE,"SPELLING:이름.{0,3}(뭐|무엇);;OBJECT:무엇",2
test_4660.jpg,test,OBJECT,OBJECT:있(나요|습니까|어),1
test_4661.jpg,test,COMPOSITE,"SPELLING:이름.{0,3}(뭐|무엇);;OBJECT:무엇",2
test_4662.jpg,test,OBJECT,OBJECT:무엇,1
test_4663.jpg,test,OBJECT,OBJECT:무엇,1
test_4664.jpg,test,OBJECT,OBJECT:무엇,1
test_4665.jpg,test,COMPOSITE,"SPELLING:이름.{0,3}(뭐|무엇);;LOGO:브랜드;;OBJECT:무엇",3
test_4666.jpg,test,OBJECT,OBJECT:무엇,1
test_4667.jpg,test,COMPOSITE,"SPELLING:이름.{0,3}(뭐|무엇);;OBJECT:무엇",2
test_4668.jpg,test,PRICE,PRICE:얼마,1
test_4669.jpg,test,UNKNOWN,,0
test_4670.jpg,test,OBJECT,OBJECT:무엇,1
test_4671.jpg,test,OBJECT,OBJECT:무엇,1
test_4672.jpg,test,OBJECT,OBJECT:무엇,1
test_4673.jpg,test,PRICE,PRICE:가격,1
test_4674.jpg,test,COMPOSITE,"SPELLING:이름.{0,3}(뭐|무엇);;OBJECT:무엇",2
test_4675.jpg,test,UNKNOWN,,0
test_4676.jpg,test,PRICE,PRICE:얼마,1
test_4677.jpg,test,COMPOSITE,"SPELLING:이름.{0,3}(뭐|무엇);;OBJECT:무엇",2
test_4678.jpg,test,COMPOSITE,NUMBER:번호;;OBJECT:무엇,2
test_4679.jpg,test,PRICE,PRICE:가격,1
test_4680.jpg,test,OBJECT,OBJECT:무엇,1
test_4681.jpg,test,OBJECT,OBJECT:무엇,1
test_4682.jpg,test,COMPOSITE,"SPELLING:이름.{0,3}(뭐|무엇);;OBJECT:무엇",2
test_4683.jpg,test,TIMEDATE,TIMEDATE:언제,1
test_4684.jpg,test,COMPOSITE,SPELLING:글자;;OBJECT:무엇,2
test_4685.jpg,test,PRICE,PRICE:가격,1
test_4686.jpg,test,OBJECT,OBJECT:무엇,1
test_4687.jpg,test,OBJECT,OBJECT:무엇,1
test_4688.jpg,test,COMPOSITE,PRICE:가격;;OBJECT:무엇,2
test_4689.jpg,test,PRICE,PRICE:얼마,1
test_4690.jpg,test,PRICE,PRICE:얼마,1
test_4691.jpg,test,COMPOSITE,"SPELLING:이름.{0,3}(뭐|무엇);;OBJECT:무엇",2
test_4692.jpg,test,UNKNOWN,,0
test_4693.jpg,test,OBJECT,OBJECT:무엇,1
test_4694.jpg,test,PRICE,PRICE:가격,1
test_4695.jpg,test,COMPOSITE,PRICE:얼마;;TIMEDATE:기간,2
test_4696.jpg,test,COMPOSITE,SPELLING:글자;;OBJECT:무엇,2
test_4697.jpg,test,COMPOSITE,"SPELLING:이름.{0,3}(뭐|무엇);;OBJECT:무엇",2
test_4698.jpg,test,COMPOSITE,TIMEDATE:언제;;OBJECT:있(나요|습니까|어),2
test_4699.jpg,test,PRICE,PRICE:얼마,1
test_4700.jpg,test,OBJECT,OBJECT:무엇,1
test_4701.jpg,test,PRICE,PRICE:얼마,1
test_4702.jpg,test,PRICE,PRICE:얼마,1
test_4703.jpg,test,OBJECT,OBJECT:무엇,1
test_4704.jpg,test,PRICE,PRICE:얼마,1
test_4705.jpg,test,COMPOSITE,"SPELLING:이름.{0,3}(뭐|무엇);;OBJECT:무엇",2
test_4706.jpg,test,PRICE,PRICE:가격,1
test_4707.jpg,test,COMPOSITE,SPELLING:글자;;OBJECT:무엇,2
test_4708.jpg,test,COMPOSITE,"SPELLING:이름.{0,3}(뭐|무엇);;OBJECT:무엇",2
test_4709.jpg,test,OBJECT,OBJECT:무엇,1
test_4710.jpg,test,PRICE,PRICE:가격,1
test_4711.jpg,test,OBJECT,OBJECT:있(나요|습니까|어),1
test_4712.jpg,test,OBJECT,OBJECT:무엇,1
test_4713.jpg,test,OBJECT,OBJECT:무엇,1
test_4714.jpg,test,COMPOSITE,"SPELLING:이름.{0,3}(뭐|무엇);;OBJECT:무엇",2
test_4715.jpg,test,COMPOSITE,SPELLING:글자;;OBJECT:무엇;;RELATION:오른쪽,3
test_4716.jpg,test,COMPOSITE,"SPELLING:이름.{0,3}(뭐|무엇);;OBJECT:무엇",2
test_4717.jpg,test,TIMEDATE,TIMEDATE:언제,1
test_4718.jpg,test,PRICE,PRICE:얼마,1
test_4719.jpg,test,PRICE,PRICE:가격,1
test_4720.jpg,test,UNKNOWN,,0
test_4721.jpg,test,PRICE,PRICE:가격,1
test_4722.jpg,test,OBJECT,OBJECT:무엇,1
test_4723.jpg,test,PRICE,PRICE:가격,1
test_4724.jpg,test,COMPOSITE,NUMBER:번호;;OBJECT:무엇,2
test_4725.jpg,test,OBJECT,OBJECT:무엇,1
test_4726.jpg,test,OBJECT,OBJECT:무엇,1
test_4727.jpg,test,PRICE,PRICE:가격,1
test_4728.jpg,test,COMPOSITE,PRICE:얼마;;NUMBER:수량,2
test_4729.jpg,test,COMPOSITE,PRICE:가격;;OBJECT:무엇,2
test_4730.jpg,test,OBJECT,OBJECT:무엇,1
test_4731.jpg,test,COMPOSITE,TIMEDATE:언제;;OBJECT:있(나요|습니까|어),2
test_4732.jpg,test,OBJECT,OBJECT:무엇,1
test_4733.jpg,test,COMPOSITE,"SPELLING:이름.{0,3}(뭐|무엇);;OBJECT:무엇",2
test_4734.jpg,test,COMPOSITE,PRICE:가격;;OBJECT:무엇,2
test_4735.jpg,test,COMPOSITE,SPELLING:글자;;OBJECT:무엇,2
test_4736.jpg,test,COMPOSITE,"SPELLING:이름.{0,3}(뭐|무엇);;OBJECT:무엇",2
test_4737.jpg,test,COMPOSITE,"SPELLING:이름.{0,3}(뭐|무엇);;OBJECT:무엇",2
test_4738.jpg,test,OBJECT,OBJECT:무엇,1
test_4739.jpg,test,PRICE,PRICE:가격,1
test_4740.jpg,test,COMPOSITE,NUMBER:번호;;OBJECT:무엇,2
test_4741.jpg,test,PRICE,PRICE:얼마,1
test_4742.jpg,test,OBJECT,OBJECT:무엇,1
test_4743.jpg,test,OBJECT,OBJECT:무엇,1
test_4744.jpg,test,OBJECT,OBJECT:무엇,1
test_4745.jpg,test,OBJECT,OBJECT:무엇,1
test_4746.jpg,test,COMPOSITE,"SPELLING:이름.{0,3}(뭐|무엇);;OBJECT:무엇",2
test_4747.jpg,test,OBJECT,OBJECT:무엇,1
test_4748.jpg,test,COMPOSITE,OBJECT:무엇;;RELATION:위에,2
test_4749.jpg,test,COMPOSITE,NUMBER:번호;;OBJECT:무엇,2
test_4750.jpg,test,COMPOSITE,"SPELLING:이름.{0,3}(뭐|무엇);;OBJECT:무엇",2
test_4751.jpg,test,OBJECT,OBJECT:무엇,1
test_4752.jpg,test,COMPOSITE,NUMBER:번호;;OBJECT:무엇,2
test_4753.jpg,test,COMPOSITE,"SPELLING:이름.{0,3}(뭐|무엇);;OBJECT:무엇",2
test_4754.jpg,test,COMPOSITE,"SPELLING:이름.{0,3}(뭐|무엇);;OBJECT:무엇",2
test_4755.jpg,test,OBJECT,OBJECT:무엇,1
test_4756.jpg,test,COMPOSITE,"SPELLING:이름.{0,3}(뭐|무엇);;OBJECT:무엇",2
test_4757.jpg,test,OBJECT,OBJECT:무엇,1
test_4758.jpg,test,OBJECT,OBJECT:있(나요|습니까|어),1
test_4759.jpg,test,PRICE,PRICE:얼마,1
test_4760.jpg,test,OBJECT,OBJECT:무엇,1
test_4761.jpg,test,OBJECT,OBJECT:무엇,1
test_4762.jpg,test,COMPOSITE,"SPELLING:이름.{0,3}(뭐|무엇);;OBJECT:무엇",2
test_4763.jpg,test,OBJECT,OBJECT:무엇,1
test_4764.jpg,test,OBJECT,OBJECT:무엇,1
test_4765.jpg,test,COMPOSITE,SPELLING:글자;;OBJECT:무엇,2
test_4766.jpg,test,OBJECT,OBJECT:무엇,1
test_4767.jpg,test,OBJECT,OBJECT:무엇,1
test_4768.jpg,test,OBJECT,OBJECT:무엇,1
test_4769.jpg,test,SPELLING,SPELLING:글자,1
test_4770.jpg,test,PRICE,PRICE:얼마,1
test_4771.jpg,test,COMPOSITE,SPELLING:글자;;OBJECT:무엇,2
test_4772.jpg,test,OBJECT,OBJECT:무엇,1
test_4773.jpg,test,COMPOSITE,NUMBER:번호;;OBJECT:있(나요|습니까|어),2
test_4774.jpg,test,COMPOSITE,"SPELLING:이름.{0,3}(뭐|무엇);;OBJECT:무엇",2
test_4775.jpg,test,OBJECT,OBJECT:무엇,1
test_4776.jpg,test,COMPOSITE,PRICE:가격;;OBJECT:무엇,2
test_4777.jpg,test,OBJECT,OBJECT:무엇,1
test_4778.jpg,test,OBJECT,OBJECT:무엇,1
test_4779.jpg,test,OBJECT,OBJECT:무엇,1
test_4780.jpg,test,UNKNOWN,,0
test_4781.jpg,test,OBJECT,OBJECT:무엇,1
test_4782.jpg,test,COMPOSITE,"SPELLING:이름.{0,3}(뭐|무엇);;OBJECT:무엇",2
test_4783.jpg,test,OBJECT,OBJECT:무엇,1
test_4784.jpg,test,OBJECT,OBJECT:무엇,1
test_4785.jpg,test,COMPOSITE,"SPELLING:이름.{0,3}(뭐|무엇);;LOGO:브랜드;;OBJECT:무엇",3
test_4786.jpg,test,UNKNOWN,,0
test_4787.jpg,test,COMPOSITE,"SPELLING:이름.{0,3}(뭐|무엇);;LOGO:브랜드;;OBJECT:무엇",3
test_4788.jpg,test,COMPOSITE,"SPELLING:이름.{0,3}(뭐|무엇);;OBJECT:무엇",2
test_4789.jpg,test,OBJECT,OBJECT:무엇,1
test_4790.jpg,test,OBJECT,OBJECT:무엇,1
test_4791.jpg,test,OBJECT,OBJECT:무엇,1
test_4792.jpg,test,OBJECT,OBJECT:무엇,1
test_4793.jpg,test,COMPOSITE,"SPELLING:이름.{0,3}(뭐|무엇);;OBJECT:무엇",2
test_4794.jpg,test,PRICE,PRICE:얼마,1
test_4795.jpg,test,OBJECT,OBJECT:무엇,1
test_4796.jpg,test,COMPOSITE,SPELLING:글자;;OBJECT:무엇,2
test_4797.jpg,test,OBJECT,OBJECT:무엇,1
test_4798.jpg,test,OBJECT,OBJECT:무엇,1
test_4799.jpg,test,COMPOSITE,"SPELLING:이름.{0,3}(뭐|무엇);;OBJECT:무엇",2
test_4800.jpg,test,OBJECT,OBJECT:무엇,1
test_4801.jpg,test,OBJECT,OBJECT:무엇,1
test_4802.jpg,test,UNKNOWN,,0
test_4803.jpg,test,COMPOSITE,"SPELLING:이름.{0,3}(뭐|무엇);;OBJECT:무엇",2
test_4804.jpg,test,OBJECT,OBJECT:무엇,1
test_4805.jpg,test,TIMEDATE,TIMEDATE:기간,1
test_4806.jpg,test,UNKNOWN,,0
test_4807.jpg,test,PRICE,PRICE:얼마,1
test_4808.jpg,test,OBJECT,OBJECT:무엇,1
test_4809.jpg,test,COMPOSITE,PRICE:얼마;;OBJECT:있(나요|습니까|어),2
test_4810.jpg,test,OBJECT,OBJECT:무엇,1
test_4811.jpg,test,UNKNOWN,,0
test_4812.jpg,test,OBJECT,OBJECT:무엇,1
test_4813.jpg,test,OBJECT,OBJECT:무엇,1
test_4814.jpg,test,OBJECT,OBJECT:무엇,1
test_4815.jpg,test,PRICE,PRICE:얼마,1
test_4816.jpg,test,OBJECT,OBJECT:무엇,1
test_4817.jpg,test,PRICE,PRICE:가격,1
test_4818.jpg,test,COMPOSITE,"SPELLING:이름.{0,3}(뭐|무엇);;OBJECT:무엇",2
test_4819.jpg,test,PRICE,PRICE:얼마,1
test_4820.jpg,test,OBJECT,OBJECT:무엇,1
test_4821.jpg,test,SPELLING,SPELLING:글자,1
test_4822.jpg,test,PRICE,PRICE:가격,1
test_4823.jpg,test,COMPOSITE,NUMBER:번호;;OBJECT:무엇,2
test_4824.jpg,test,OBJECT,OBJECT:무엇,1
test_4825.jpg,test,COMPOSITE,SPELLING:글자;;OBJECT:무엇,2
test_4826.jpg,test,OBJECT,OBJECT:무엇,1
test_4827.jpg,test,COMPOSITE,OBJECT:무엇;;RELATION:왼쪽,2
test_4828.jpg,test,COMPOSITE,TIMEDATE:요일;;OBJECT:무엇,2
test_4829.jpg,test,PRICE,PRICE:가격,1
test_4830.jpg,test,UNKNOWN,,0
test_4831.jpg,test,OBJECT,OBJECT:있(나요|습니까|어),1
test_4832.jpg,test,OBJECT,OBJECT:있(나요|습니까|어),1
test_4833.jpg,test,OBJECT,OBJECT:무엇,1
test_4834.jpg,test,OBJECT,OBJECT:있(나요|습니까|어),1
test_4835.jpg,test,COMPOSITE,PRICE:얼마;;OBJECT:있(나요|습니까|어),2
test_4836.jpg,test,OBJECT,OBJECT:무엇,1
test_4837.jpg,test,OBJECT,OBJECT:무엇,1
test_4838.jpg,test,COMPOSITE,NUMBER:번호;;OBJECT:무엇,2
test_4839.jpg,test,COMPOSITE,SPELLING:글자;;OBJECT:무엇,2
test_4840.jpg,test,COMPOSITE,"SPELLING:이름.{0,3}(뭐|무엇);;OBJECT:무엇",2
test_4841.jpg,test,PRICE,PRICE:얼마,1
test_4842.jpg,test,OBJECT,OBJECT:있(나요|습니까|어),1
test_4843.jpg,test,COMPOSITE,NUMBER:번호;;OBJECT:무엇,2
test_4844.jpg,test,TIMEDATE,TIMEDATE:영업\s*시간,1
test_4845.jpg,test,OBJECT,OBJECT:무엇,1
test_4846.jpg,test,COMPOSITE,NUMBER:몇\s*개;;OBJECT:있(나요|습니까|어),2
test_4847.jpg,test,OBJECT,OBJECT:있(나요|습니까|어),1
test_4848.jpg,test,OBJECT,OBJECT:무엇,1
test_4849.jpg,test,OBJECT,OBJECT:무엇,1
test_4850.jpg,test,UNKNOWN,,0
test_4851.jpg,test,COMPOSITE,"SPELLING:이름.{0,3}(뭐|무엇);;OBJECT:무엇",2
test_4852.jpg,test,OBJECT,OBJECT:무엇,1
test_4853.jpg,test,OBJECT,OBJECT:무엇,1
test_4854.jpg,test,OBJECT,OBJECT:무엇,1
test_4855.jpg,test,OBJECT,OBJECT:무엇,1
test_4856.jpg,test,COMPOSITE,NUMBER:번호;;OBJECT:무엇,2
test_4857.jpg,test,OBJECT,OBJECT:무엇,1
test_4858.jpg,test,PRICE,PRICE:가격,1
test_4859.jpg,test,OBJECT,OBJECT:무엇,1
test_4860.jpg,test,OBJECT,OBJECT:무엇,1
test_4861.jpg,test,COMPOSITE,"SPELLING:이름.{0,3}(뭐|무엇);;OBJECT:무엇",2
test_4862.jpg,test,PRICE,PRICE:얼마,1
test_4863.jpg,test,COMPOSITE,NUMBER:번호;;OBJECT:무엇,2
test_4864.jpg,test,COMPOSITE,"SPELLING:이름.{0,3}(뭐|무엇);;OBJECT:무엇",2
test_4865.jpg,test,OBJECT,OBJECT:무엇,1
test_4866.jpg,test,TIMEDATE,TIMEDATE:요일,1
test_4867.jpg,test,COMPOSITE,SPELLING:글자;;OBJECT:무엇,2
test_4868.jpg,test,UNKNOWN,,0
test_4869.jpg,test,COMPOSITE,"SPELLING:이름.{0,3}(뭐|무엇);;OBJECT:무엇",2
test_4870.jpg,test,COMPOSITE,"SPELLING:이름.{0,3}(뭐|무엇);;OBJECT:무엇",2
test_4871.jpg,test,OBJECT,OBJECT:무엇,1
test_4872.jpg,test,UNKNOWN,,0
test_4873.jpg,test,OBJECT,OBJECT:무엇,1
test_4874.jpg,test,COMPOSITE,SPELLING:글자;;OBJECT:무엇,2
test_4875.jpg,test,COMPOSITE,TIMEDATE:날짜;;OBJECT:무엇,2
test_4876.jpg,test,OBJECT,OBJECT:무엇,1
test_4877.jpg,test,OBJECT,OBJECT:무엇,1
test_4878.jpg,test,PRICE,PRICE:가격,1
test_4879.jpg,test,OBJECT,OBJECT:있(나요|습니까|어),1
test_4880.jpg,test,OBJECT,OBJECT:무엇,1
test_4881.jpg,test,COMPOSITE,"SPELLING:이름.{0,3}(뭐|무엇);;OBJECT:무엇",2
test_4882.jpg,test,COMPOSITE,TABLE:항목;;OBJECT:무엇,2
test_4883.jpg,test,OBJECT,OBJECT:무엇,1
test_4884.jpg,test,OBJECT,OBJECT:무엇,1
test_4885.jpg,test,COMPOSITE,"SPELLING:이름.{0,3}(뭐|무엇);;LOGO:브랜드;;OBJECT:무엇;;RELATION:왼쪽",4
test_4886.jpg,test,COMPOSITE,"SPELLING:이름.{0,3}(뭐|무엇);;OBJECT:무엇",2
test_4887.jpg,test,OBJECT,OBJECT:무엇,1
test_4888.jpg,test,OBJECT,OBJECT:있(나요|습니까|어),1
test_4889.jpg,test,COMPOSITE,"SPELLING:이름.{0,3}(뭐|무엇);;OBJECT:무엇",2
test_4890.jpg,test,OBJECT,OBJECT:무엇,1
test_4891.jpg,test,OBJECT,OBJECT:있(나요|습니까|어),1
test_4892.jpg,test,OBJECT,OBJECT:무엇,1
test_4893.jpg,test,OBJECT,OBJECT:있(나요|습니까|어),1
test_4894.jpg,test,OBJECT,OBJECT:무엇,1
test_4895.jpg,test,OBJECT,OBJECT:무엇,1
test_4896.jpg,test,PRICE,PRICE:얼마,1
test_4897.jpg,test,UNKNOWN,,0
test_4898.jpg,test,COMPOSITE,LOGO:브랜드;;OBJECT:무엇,2
test_4899.jpg,test,COMPOSITE,PRICE:가격;;OBJECT:무엇,2
test_4900.jpg,test,COMPOSITE,"SPELLING:이름.{0,3}(뭐|무엇);;OBJECT:무엇",2
test_4901.jpg,test,UNKNOWN,,0
test_4902.jpg,test,COMPOSITE,"SPELLING:이름.{0,3}(뭐|무엇);;OBJECT:무엇",2
test_4903.jpg,test,OBJECT,OBJECT:무엇,1
test_4904.jpg,test,OBJECT,OBJECT:무엇,1
test_4905.jpg,test,COMPOSITE,"SPELLING:이름.{0,3}(뭐|무엇);;OBJECT:무엇",2
test_4906.jpg,test,PRICE,PRICE:얼마,1
test_4907.jpg,test,COMPOSITE,TABLE:표에서;;OBJECT:무엇,2
test_4908.jpg,test,OBJECT,OBJECT:무엇,1
test_4909.jpg,test,PRICE,PRICE:가격,1
test_4910.jpg,test,COMPOSITE,"SPELLING:이름.{0,3}(뭐|무엇);;OBJECT:무엇",2
test_4911.jpg,test,COMPOSITE,SPELLING:글자;;OBJECT:무엇,2
test_4912.jpg,test,OBJECT,OBJECT:무엇,1
test_4913.jpg,test,OBJECT,OBJECT:무엇,1
test_4914.jpg,test,TIMEDATE,TIMEDATE:언제,1
test_4915.jpg,test,PRICE,PRICE:가격,1
test_4916.jpg,test,OBJECT,OBJECT:무엇,1
test_4917.jpg,test,TIMEDATE,TIMEDATE:기간,1
test_4918.jpg,test,COMPOSITE,"SPELLING:이름.{0,3}(뭐|무엇);;LOGO:브랜드;;OBJECT:무엇",3
test_4919.jpg,test,OBJECT,OBJECT:있(나요|습니까|어),1
test_4920.jpg,test,OBJECT,OBJECT:무엇,1
test_4921.jpg,test,OBJECT,OBJECT:무엇,1
test_4922.jpg,test,OBJECT,OBJECT:무엇,1
test_4923.jpg,test,UNKNOWN,,0
test_4924.jpg,test,OBJECT,OBJECT:무엇,1
test_4925.jpg,test,RELATION,RELATION:아래,1
test_4926.jpg,test,OBJECT,OBJECT:무엇,1
test_4927.jpg,test,COMPOSITE,NUMBER:번호;;OBJECT:무엇,2
test_4928.jpg,test,OBJECT,OBJECT:무엇,1
test_4929.jpg,test,UNKNOWN,,0
test_4930.jpg,test,NUMBER,NUMBER:몇\s*개,1
test_4931.jpg,test,OBJECT,OBJECT:무엇,1
test_4932.jpg,test,COMPOSITE,"SPELLING:이름.{0,3}(뭐|무엇);;OBJECT:무엇",2
test_4933.jpg,test,UNKNOWN,,0
test_4934.jpg,test,PRICE,PRICE:얼마,1
test_4935.jpg,test,OBJECT,OBJECT:무엇,1
test_4936.jpg,test,UNKNOWN,,0
test_4937.jpg,test,OBJECT,OBJECT:무엇,1
test_4938.jpg,test,TIMEDATE,TIMEDATE:영업\s*시간,1
test_4939.jpg,test,OBJECT,OBJECT:무엇,1
test_4940.jpg,test,OBJECT,OBJECT:무엇,1
test_4941.jpg,test,COMPOSITE,"SPELLING:이름.{0,3}(뭐|무엇);;OBJECT:무엇",2
test_4942.jpg,test,OBJECT,OBJECT:무엇,1
test_4943.jpg,test,PRICE,PRICE:가격,1
test_4944.jpg,test,OBJECT,OBJECT:무엇,1
test_4945.jpg,test,PRICE,PRICE:가격,1
test_4946.jpg,test,COMPOSITE,"SPELLING:이름.{0,3}(뭐|무엇);;OBJECT:무엇",2
test_4947.jpg,test,OBJECT,OBJECT:무엇,1
test_4948.jpg,test,UNKNOWN,,0
test_4949.jpg,test,COMPOSITE,"SPELLING:이름.{0,3}(뭐|무엇);;LOGO:브랜드;;OBJECT:무엇;;RELATION:왼쪽",4
test_4950.jpg,test,OBJECT,OBJECT:무엇,1
test_4951.jpg,test,COMPOSITE,"SPELLING:이름.{0,3}(뭐|무엇);;LOGO:브랜드;;OBJECT:무엇",3
test_4952.jpg,test,OBJECT,OBJECT:무엇,1
test_4953.jpg,test,COMPOSITE,OBJECT:무엇;;RELATION:왼쪽,2
test_4954.jpg,test,OBJECT,OBJECT:무엇,1
test_4955.jpg,test,COMPOSITE,OBJECT:무엇;;RELATION:왼쪽,2
test_4956.jpg,test,OBJECT,OBJECT:무엇,1
test_4957.jpg,test,OBJECT,OBJECT:무엇,1
test_4958.jpg,test,OBJECT,OBJECT:무엇,1
test_4959.jpg,test,OBJECT,OBJECT:무엇,1
test_4960.jpg,test,COMPOSITE,"SPELLING:이름.{0,3}(뭐|무엇);;OBJECT:무엇",2
test_4961.jpg,test,PRICE,PRICE:가격,1
test_4962.jpg,test,UNKNOWN,,0
test_4963.jpg,test,OBJECT,OBJECT:무엇,1
test_4964.jpg,test,COMPOSITE,PRICE:얼마;;OBJECT:있(나요|습니까|어),2
test_4965.jpg,test,UNKNOWN,,0
test_4966.jpg,test,OBJECT,OBJECT:무엇,1
test_4967.jpg,test,OBJECT,OBJECT:무엇,1
test_4968.jpg,test,OBJECT,OBJECT:무엇,1
test_4969.jpg,test,OBJECT,OBJECT:무엇,1
test_4970.jpg,test,OBJECT,OBJECT:무엇,1
test_4971.jpg,test,COMPOSITE,"SPELLING:이름.{0,3}(뭐|무엇);;OBJECT:무엇",2
test_4972.jpg,test,COMPOSITE,"SPELLING:이름.{0,3}(뭐|무엇);;LOGO:브랜드;;OBJECT:무엇",3
test_4973.jpg,test,OBJECT,OBJECT:무엇,1
test_4974.jpg,test,COMPOSITE,"SPELLING:이름.{0,3}(뭐|무엇);;OBJECT:무엇",2
test_4975.jpg,test,OBJECT,OBJECT:무엇,1
test_4976.jpg,test,COMPOSITE,"SPELLING:이름.{0,3}(뭐|무엇);;OBJECT:무엇",2
test_4977.jpg,test,OBJECT,OBJECT:무엇,1
test_4978.jpg,test,OBJECT,OBJECT:무엇,1
test_4979.jpg,test,OBJECT,OBJECT:무엇,1
test_4980.jpg,test,COMPOSITE,"SPELLING:이름.{0,3}(뭐|무엇);;OBJECT:무엇",2
test_4981.jpg,test,COMPOSITE,"SPELLING:이름.{0,3}(뭐|무엇);;OBJECT:무엇",2
test_4982.jpg,test,COMPOSITE,"SPELLING:이름.{0,3}(뭐|무엇);;LOGO:브랜드;;OBJECT:무엇",3
test_4983.jpg,test,UNKNOWN,,0
test_4984.jpg,test,COMPOSITE,NUMBER:번호;;OBJECT:무엇,2
test_4985.jpg,test,COMPOSITE,NUMBER:번호;;OBJECT:무엇,2
test_4986.jpg,test,TIMEDATE,TIMEDATE:몇\s*시,1
test_4987.jpg,test,OBJECT,OBJECT:무엇,1
test_4988.jpg,test,OBJECT,OBJECT:있(나요|습니까|어),1
test_4989.jpg,test,OBJECT,OBJECT:무엇,1
test_4990.jpg,test,COMPOSITE,NUMBER:번호;;OBJECT:무엇,2
test_4991.jpg,test,COMPOSITE,"SPELLING:이름.{0,3}(뭐|무엇);;OBJECT:무엇",2
test_4992.jpg,test,PRICE,PRICE:가격,1
test_4993.jpg,test,OBJECT,OBJECT:무엇,1
test_4994.jpg,test,PRICE,PRICE:요금,1
test_4995.jpg,test,OBJECT,OBJECT:무엇,1
test_4996.jpg,test,COMPOSITE,"SPELLING:이름.{0,3}(뭐|무엇);;NUMBER:번호;;OBJECT:무엇",3
test_4997.jpg,test,OBJECT,OBJECT:무엇,1
test_4998.jpg,test,OBJECT,OBJECT:있(나요|습니까|어),1
test_4999.jpg,test,COMPOSITE,"SPELLING:이름.{0,3}(뭐|무엇);;OBJECT:무엇",2
test_5000.jpg,test,OBJECT,OBJECT:있(나요|습니까|어),1
test_5001.jpg,test,OBJECT,OBJECT:무엇,1
test_5002.jpg,test,COMPOSITE,"SPELLING:이름.{0,3}(뭐|무엇);;OBJECT:무엇",2
test_5003.jpg,test,PRICE,PRICE:가격,1
test_5004.jpg,test,OBJECT,OBJECT:무엇,1
test_5005.jpg,test,COMPOSITE,"SPELLING:이름.{0,3}(뭐|무엇);;OBJECT:무엇",2
test_5006.jpg,test,OBJECT,OBJECT:무엇,1
test_5007.jpg,test,COMPOSITE,SPELLING:글자;;OBJECT:무엇,2
test_5008.jpg,test,COMPOSITE,TIMEDATE:언제;;RELATION:오른쪽,2
test_5009.jpg,test,COMPOSITE,SPELLING:글자;;OBJECT:무엇,2
test_5010.jpg,test,LOGO,LOGO:브랜드,1
test_5011.jpg,test,COMPOSITE,LOGO:브랜드;;OBJECT:무엇,2
test_5012.jpg,test,OBJECT,OBJECT:무엇,1
test_5013.jpg,test,OBJECT,OBJECT:무엇,1
test_5014.jpg,test,UNKNOWN,,0
test_5015.jpg,test,TIMEDATE,TIMEDATE:기간,1
test_5016.jpg,test,OBJECT,OBJECT:무엇,1
test_5017.jpg,test,UNKNOWN,,0
test_5018.jpg,test,OBJECT,OBJECT:무엇,1
test_5019.jpg,test,COMPOSITE,"SPELLING:이름.{0,3}(뭐|무엇);;OBJECT:무엇",2
test_5020.jpg,test,OBJECT,OBJECT:무엇,1
test_5021.jpg,test,TIMEDATE,TIMEDATE:영업\s*시간,1
test_5022.jpg,test,OBJECT,OBJECT:있(나요|습니까|어),1
test_5023.jpg,test,COMPOSITE,NUMBER:번호;;OBJECT:무엇,2
test_5024.jpg,test,COMPOSITE,"SPELLING:이름.{0,3}(뭐|무엇);;OBJECT:무엇",2
test_5025.jpg,test,OBJECT,OBJECT:무엇,1
test_5026.jpg,test,OBJECT,OBJECT:무엇,1
test_5027.jpg,test,OBJECT,OBJECT:무엇,1
test_5028.jpg,test,UNKNOWN,,0
test_5029.jpg,test,COMPOSITE,"SPELLING:이름.{0,3}(뭐|무엇);;OBJECT:무엇",2
test_5030.jpg,test,PRICE,PRICE:얼마,1
test_5031.jpg,test,UNKNOWN,,0
test_5032.jpg,test,OBJECT,OBJECT:무엇,1
test_5033.jpg,test,OBJECT,OBJECT:무엇,1
test_5034.jpg,test,OBJECT,OBJECT:무엇,1
test_5035.jpg,test,COMPOSITE,"SPELLING:이름.{0,3}(뭐|무엇);;OBJECT:무엇",2
test_5036.jpg,test,COMPOSITE,"SPELLING:이름.{0,3}(뭐|무엇);;OBJECT:무엇",2
test_5037.jpg,test,PRICE,PRICE:가격,1
test_5038.jpg,test,COMPOSITE,NUMBER:번호;;OBJECT:무엇,2
test_5039.jpg,test,OBJECT,OBJECT:무엇,1
test_5040.jpg,test,OBJECT,OBJECT:무엇,1
test_5041.jpg,test,TIMEDATE,TIMEDATE:언제,1
test_5042.jpg,test,UNKNOWN,,0
test_5043.jpg,test,COMPOSITE,"SPELLING:이름.{0,3}(뭐|무엇);;OBJECT:무엇",2
test_5044.jpg,test,OBJECT,OBJECT:있(나요|습니까|어),1
test_5045.jpg,test,OBJECT,OBJECT:무엇,1
test_5046.jpg,test,OBJECT,OBJECT:무엇,1
test_5047.jpg,test,OBJECT,OBJECT:무엇,1
test_5048.jpg,test,OBJECT,OBJECT:무엇,1
test_5049.jpg,test,TIMEDATE,TIMEDATE:몇\s*시,1
test_5050.jpg,test,COMPOSITE,"SPELLING:이름.{0,3}(뭐|무엇);;OBJECT:무엇",2
test_5051.jpg,test,COMPOSITE,LOGO:브랜드;;OBJECT:무엇,2
test_5052.jpg,test,COMPOSITE,"SPELLING:이름.{0,3}(뭐|무엇);;OBJECT:무엇",2
test_5053.jpg,test,OBJECT,OBJECT:무엇,1
test_5054.jpg,test,COMPOSITE,SPELLING:글자;;OBJECT:무엇,2
test_5055.jpg,test,PRICE,PRICE:가격,1
test_5056.jpg,test,TIMEDATE,TIMEDATE:언제,1
test_5057.jpg,test,OBJECT,OBJECT:무엇,1
test_5058.jpg,test,OBJECT,OBJECT:무엇,1
test_5059.jpg,test,OBJECT,OBJECT:무엇,1
test_5060.jpg,test,PRICE,PRICE:가격,1
test_5061.jpg,test,TIMEDATE,TIMEDATE:언제,1
test_5062.jpg,test,UNKNOWN,,0
test_5063.jpg,test,UNKNOWN,,0
test_5064.jpg,test,UNKNOWN,,0
test_5065.jpg,test,COMPOSITE,PRICE:얼마;;RELATION:오른쪽,2
test_5066.jpg,test,COMPOSITE,"SPELLING:이름.{0,3}(뭐|무엇);;OBJECT:무엇",2
test_5067.jpg,test,COMPOSITE,"SPELLING:이름.{0,3}(뭐|무엇);;OBJECT:무엇",2
test_5068.jpg,test,OBJECT,OBJECT:무엇,1
test_5069.jpg,test,OBJECT,OBJECT:무엇,1
test_5070.jpg,test,COMPOSITE,"SPELLING:이름.{0,3}(뭐|무엇);;OBJECT:무엇",2
test_5071.jpg,test,COMPOSITE,"SPELLING:이름.{0,3}(뭐|무엇);;OBJECT:무엇",2
test_5072.jpg,test,OBJECT,OBJECT:있(나요|습니까|어),1
test_5073.jpg,test,OBJECT,OBJECT:무엇,1
test_5074.jpg,test,OBJECT,OBJECT:무엇,1
test_5075.jpg,test,OBJECT,OBJECT:있(나요|습니까|어),1
test_5076.jpg,test,COMPOSITE,"SPELLING:이름.{0,3}(뭐|무엇);;OBJECT:무엇",2
test_5077.jpg,test,PRICE,PRICE:가격,1
test_5078.jpg,test,OBJECT,OBJECT:무엇,1
test_5079.jpg,test,COMPOSITE,"SPELLING:이름.{0,3}(뭐|무엇);;OBJECT:무엇",2
test_5080.jpg,test,COMPOSITE,"SPELLING:이름.{0,3}(뭐|무엇);;OBJECT:무엇",2
test_5081.jpg,test,OBJECT,OBJECT:무엇,1
test_5082.jpg,test,OBJECT,OBJECT:무엇,1
test_5083.jpg,test,OBJECT,OBJECT:무엇,1
test_5084.jpg,test,OBJECT,OBJECT:무엇,1
test_5085.jpg,test,OBJECT,OBJECT:무엇,1
test_5086.jpg,test,COMPOSITE,PRICE:가격;;OBJECT:무엇,2
test_5087.jpg,test,OBJECT,OBJECT:무엇,1
test_5088.jpg,test,OBJECT,OBJECT:무엇,1
test_5089.jpg,test,OBJECT,OBJECT:무엇,1
test_5090.jpg,test,OBJECT,OBJECT:무엇,1
test_5091.jpg,test,OBJECT,OBJECT:무엇,1
test_5092.jpg,test,UNKNOWN,,0
test_5093.jpg,test,OBJECT,OBJECT:무엇,1
test_5094.jpg,test,PRICE,PRICE:얼마,1
test_5095.jpg,test,OBJECT,OBJECT:있(나요|습니까|어),1
test_5096.jpg,test,COMPOSITE,SPELLING:글자;;OBJECT:무엇;;RELATION:위에,3
test_5097.jpg,test,COMPOSITE,"SPELLING:이름.{0,3}(뭐|무엇);;OBJECT:무엇",2
test_5098.jpg,test,PRICE,PRICE:가격,1
test_5099.jpg,test,COMPOSITE,SPELLING:글자;;OBJECT:무엇,2
test_5100.jpg,test,OBJECT,OBJECT:무엇,1
test_5101.jpg,test,TIMEDATE,TIMEDATE:영업\s*시간,1
test_5102.jpg,test,TIMEDATE,TIMEDATE:기간,1
test_5103.jpg,test,OBJECT,OBJECT:무엇,1
test_5104.jpg,test,PRICE,PRICE:가격,1
test_5105.jpg,test,OBJECT,OBJECT:무엇,1
test_5106.jpg,test,COMPOSITE,"SPELLING:이름.{0,3}(뭐|무엇);;OBJECT:무엇",2
test_5107.jpg,test,PRICE,PRICE:가격,1
test_5108.jpg,test,PRICE,PRICE:가격,1
test_5109.jpg,test,UNKNOWN,,0
test_5110.jpg,test,COMPOSITE,"SPELLING:이름.{0,3}(뭐|무엇);;OBJECT:무엇",2
test_5111.jpg,test,OBJECT,OBJECT:무엇,1
test_5112.jpg,test,PRICE,PRICE:얼마,1
test_5113.jpg,test,UNKNOWN,,0
test_5114.jpg,test,UNKNOWN,,0
test_5115.jpg,test,UNKNOWN,,0
test_5116.jpg,test,OBJECT,OBJECT:무엇,1
test_5117.jpg,test,COMPOSITE,NUMBER:번호;;OBJECT:무엇,2
test_5118.jpg,test,PRICE,PRICE:얼마,1
test_5119.jpg,test,COMPOSITE,"SPELLING:이름.{0,3}(뭐|무엇);;OBJECT:무엇",2
test_5120.jpg,test,COMPOSITE,"SPELLING:이름.{0,3}(뭐|무엇);;OBJECT:무엇",2
test_5121.jpg,test,OBJECT,OBJECT:무엇,1
test_5122.jpg,test,OBJECT,OBJECT:무엇,1
test_5123.jpg,test,PRICE,PRICE:가격,1
test_5124.jpg,test,OBJECT,OBJECT:무엇,1
test_5125.jpg,test,COMPOSITE,"SPELLING:이름.{0,3}(뭐|무엇);;OBJECT:무엇",2
test_5126.jpg,test,COMPOSITE,"SPELLING:이름.{0,3}(뭐|무엇);;OBJECT:무엇",2
test_5127.jpg,test,OBJECT,OBJECT:무엇,1
test_5128.jpg,test,TIMEDATE,TIMEDATE:언제,1
test_5129.jpg,test,UNKNOWN,,0
test_5130.jpg,test,COMPOSITE,NUMBER:번호;;OBJECT:무엇,2
test_5131.jpg,test,RELATION,RELATION:아래,1
test_5132.jpg,test,TIMEDATE,TIMEDATE:언제,1
test_5133.jpg,test,OBJECT,OBJECT:있(나요|습니까|어),1
test_5134.jpg,test,TIMEDATE,TIMEDATE:언제,1
test_5135.jpg,test,COMPOSITE,OBJECT:무엇;;RELATION:왼쪽,2
test_5136.jpg,test,OBJECT,OBJECT:무엇,1
test_5137.jpg,test,COMPOSITE,OBJECT:무엇;;RELATION:아래,2
test_5138.jpg,test,PRICE,PRICE:얼마,1
test_5139.jpg,test,OBJECT,OBJECT:무엇,1
test_5140.jpg,test,PRICE,PRICE:얼마,1
test_5141.jpg,test,COMPOSITE,SPELLING:글자;;OBJECT:무엇,2
test_5142.jpg,test,COMPOSITE,TIMEDATE:몇\s*시;;OBJECT:있(나요|습니까|어),2
test_5143.jpg,test,COMPOSITE,NUMBER:몇\s*번;;OBJECT:있(나요|습니까|어),2
test_5144.jpg,test,COMPOSITE,"SPELLING:이름.{0,3}(뭐|무엇);;OBJECT:무엇",2
test_5145.jpg,test,COMPOSITE,LOGO:상표;;OBJECT:무엇,2
test_5146.jpg,test,OBJECT,OBJECT:무엇,1
test_5147.jpg,test,OBJECT,OBJECT:무엇,1
test_5148.jpg,test,TIMEDATE,TIMEDATE:요일,1
test_5149.jpg,test,PRICE,PRICE:얼마,1
test_5150.jpg,test,OBJECT,OBJECT:무엇,1
test_5151.jpg,test,OBJECT,OBJECT:무엇,1
test_5152.jpg,test,OBJECT,OBJECT:무엇,1
test_5153.jpg,test,TIMEDATE,TIMEDATE:언제,1
test_5154.jpg,test,OBJECT,OBJECT:무엇,1
test_5155.jpg,test,COMPOSITE,TIMEDATE:기간;;OBJECT:있(나요|습니까|어),2
test_5156.jpg,test,COMPOSITE,SPELLING:글자;;OBJECT:무엇;;RELATION:위에,3
test_5157.jpg,test,UNKNOWN,,0
test_5158.jpg,test,UNKNOWN,,0
test_5159.jpg,test,OBJECT,OBJECT:무엇,1
test_5160.jpg,test,COMPOSITE,"SPELLING:이름.{0,3}(뭐|무엇);;LOGO:브랜드;;OBJECT:무엇",3
test_5161.jpg,test,COMPOSITE,"SPELLING:이름.{0,3}(뭐|무엇);;NUMBER:번호;;OBJECT:무엇",3
test_5162.jpg,test,PRICE,PRICE:얼마,1
test_5163.jpg,test,COMPOSITE,NUMBER:번호;;OBJECT:무엇,2
test_5164.jpg,test,PRICE,PRICE:얼마,1
test_5165.jpg,test,COMPOSITE,"SPELLING:이름.{0,3}(뭐|무엇);;OBJECT:무엇",2
test_5166.jpg,test,COMPOSITE,"SPELLING:이름.{0,3}(뭐|무엇);;OBJECT:무엇",2
test_5167.jpg,test,OBJECT,OBJECT:무엇,1
test_5168.jpg,test,OBJECT,OBJECT:무엇,1
test_5169.jpg,test,PRICE,PRICE:얼마,1
test_5170.jpg,test,SPELLING,SPELLING:글자,1
test_5171.jpg,test,COMPOSITE,"SPELLING:이름.{0,3}(뭐|무엇);;OBJECT:무엇",2
test_5172.jpg,test,TIMEDATE,TIMEDATE:언제,1
test_5173.jpg,test,OBJECT,OBJECT:무엇,1
test_5174.jpg,test,OBJECT,OBJECT:있(나요|습니까|어),1
test_5175.jpg,test,OBJECT,OBJECT:무엇,1
test_5176.jpg,test,OBJECT,OBJECT:있(나요|습니까|어),1
test_5177.jpg,test,TIMEDATE,TIMEDATE:언제,1
test_5178.jpg,test,PRICE,PRICE:가격,1
test_5179.jpg,test,UNKNOWN,,0
test_5180.jpg,test,COMPOSITE,PRICE:얼마;;LOGO:브랜드,2
test_5181.jpg,test,TIMEDATE,TIMEDATE:요일,1
test_5182.jpg,test,OBJECT,OBJECT:무엇,1
test_5183.jpg,test,PRICE,PRICE:가격,1
test_5184.jpg,test,PRICE,PRICE:얼마,1
test_5185.jpg,test,COMPOSITE,SPELLING:글자;;OBJECT:무엇,2
test_5186.jpg,test,OBJECT,OBJECT:무엇,1
test_5187.jpg,test,COMPOSITE,"SPELLING:이름.{0,3}(뭐|무엇);;OBJECT:무엇",2
test_5188.jpg,test,PRICE,PRICE:얼마,1
test_5189.jpg,test,OBJECT,OBJECT:있(나요|습니까|어),1
test_5190.jpg,test,OBJECT,OBJECT:무엇,1
test_5191.jpg,test,COMPOSITE,"SPELLING:이름.{0,3}(뭐|무엇);;OBJECT:무엇",2
test_5192.jpg,test,COMPOSITE,"SPELLING:이름.{0,3}(뭐|무엇);;OBJECT:무엇",2
test_5193.jpg,test,OBJECT,OBJECT:무엇,1
test_5194.jpg,test,NUMBER,NUMBER:번호,1
test_5195.jpg,test,TIMEDATE,TIMEDATE:몇\s*시,1
test_5196.jpg,test,TIMEDATE,TIMEDATE:언제,1
test_5197.jpg,test,OBJECT,OBJECT:무엇,1
test_5198.jpg,test,OBJECT,OBJECT:무엇,1
test_5199.jpg,test,UNKNOWN,,0
test_5200.jpg,test,PRICE,PRICE:가격,1
test_5201.jpg,test,PRICE,PRICE:가격,1
test_5202.jpg,test,OBJECT,OBJECT:무엇,1
test_5203.jpg,test,UNKNOWN,,0
test_5204.jpg,test,PRICE,PRICE:가격,1
test_5205.jpg,test,COMPOSITE,"SPELLING:이름.{0,3}(뭐|무엇);;OBJECT:무엇",2
test_5206.jpg,test,UNKNOWN,,0
test_5207.jpg,test,OBJECT,OBJECT:무엇,1
test_5208.jpg,test,OBJECT,OBJECT:무엇,1
test_5209.jpg,test,UNKNOWN,,0
test_5210.jpg,test,OBJECT,OBJECT:무엇,1
test_5211.jpg,test,COMPOSITE,NUMBER:번호;;OBJECT:무엇,2
test_5212.jpg,test,COMPOSITE,"SPELLING:이름.{0,3}(뭐|무엇);;OBJECT:무엇",2
test_5213.jpg,test,OBJECT,OBJECT:무엇,1
test_5214.jpg,test,TIMEDATE,TIMEDATE:요일,1
test_5215.jpg,test,PRICE,PRICE:가격,1
test_5216.jpg,test,UNKNOWN,,0
test_5217.jpg,test,UNKNOWN,,0
test_5218.jpg,test,PRICE,PRICE:가격,1
test_5219.jpg,test,COMPOSITE,SPELLING:글자;;OBJECT:있(나요|습니까|어),2
test_5220.jpg,test,OBJECT,OBJECT:무엇,1
test_5221.jpg,test,OBJECT,OBJECT:무엇,1
test_5222.jpg,test,OBJECT,OBJECT:무엇,1
test_5223.jpg,test,PRICE,PRICE:얼마,1
test_5224.jpg,test,OBJECT,OBJECT:무엇,1
test_5225.jpg,test,OBJECT,OBJECT:무엇,1
test_5226.jpg,test,COMPOSITE,SPELLING:글자;;OBJECT:무엇,2
test_5227.jpg,test,COMPOSITE,TABLE:항목;;OBJECT:무엇,2
test_5228.jpg,test,PRICE,PRICE:가격,1
test_5229.jpg,test,OBJECT,OBJECT:무엇,1
test_5230.jpg,test,OBJECT,OBJECT:무엇,1
test_5231.jpg,test,COMPOSITE,OBJECT:무엇;;RELATION:위에,2
test_5232.jpg,test,COMPOSITE,"SPELLING:이름.{0,3}(뭐|무엇);;OBJECT:무엇",2
test_5233.jpg,test,COMPOSITE,PRICE:가격;;RELATION:오른쪽,2
test_5234.jpg,test,UNKNOWN,,0
test_5235.jpg,test,OBJECT,OBJECT:무엇,1
test_5236.jpg,test,COMPOSITE,"SPELLING:이름.{0,3}(뭐|무엇);;OBJECT:무엇",2
test_5237.jpg,test,PRICE,PRICE:가격,1
test_5238.jpg,test,OBJECT,OBJECT:무엇,1
test_5239.jpg,test,OBJECT,OBJECT:무엇,1
test_5240.jpg,test,OBJECT,OBJECT:무엇,1
test_5241.jpg,test,OBJECT,OBJECT:무엇,1
test_5242.jpg,test,OBJECT,OBJECT:무엇,1
test_5243.jpg,test,OBJECT,OBJECT:무엇,1
test_5244.jpg,test,UNKNOWN,,0
test_5245.jpg,test,OBJECT,OBJECT:무엇,1
test_5246.jpg,test,PRICE,PRICE:가격,1
test_5247.jpg,test,COMPOSITE,"PRICE:가격;;SPELLING:이름.{0,3}(뭐|무엇);;OBJECT:무엇",3
test_5248.jpg,test,PRICE,PRICE:가격,1
test_5249.jpg,test,OBJECT,OBJECT:무엇,1
test_5250.jpg,test,PRICE,PRICE:얼마,1
test_5251.jpg,test,TIMEDATE,TIMEDATE:요일,1
test_5252.jpg,test,OBJECT,OBJECT:무엇,1
test_5253.jpg,test,COMPOSITE,"SPELLING:이름.{0,3}(뭐|무엇);;OBJECT:무엇",2
test_5254.jpg,test,OBJECT,OBJECT:무엇,1
test_5255.jpg,test,COMPOSITE,"SPELLING:이름.{0,3}(뭐|무엇);;OBJECT:무엇",2
test_5256.jpg,test,COMPOSITE,LOGO:브랜드;;OBJECT:무엇,2
test_5257.jpg,test,OBJECT,OBJECT:무엇,1
test_5258.jpg,test,PRICE,PRICE:가격,1
test_5259.jpg,test,OBJECT,OBJECT:무엇,1
test_5260.jpg,test,COMPOSITE,"SPELLING:이름.{0,3}(뭐|무엇);;OBJECT:무엇",2
test_5261.jpg,test,OBJECT,OBJECT:무엇,1
test_5262.jpg,test,UNKNOWN,,0
test_5263.jpg,test,UNKNOWN,,0
test_5264.jpg,test,UNKNOWN,,0
test_5265.jpg,test,OBJECT,OBJECT:있(나요|습니까|어),1
test_5266.jpg,test,COMPOSITE,"SPELLING:이름.{0,3}(뭐|무엇);;OBJECT:무엇;;RELATION:왼쪽",3
test_5267.jpg,test,TIMEDATE,TIMEDATE:언제,1
test_5268.jpg,test,OBJECT,OBJECT:무엇,1
test_5269.jpg,test,COMPOSITE,"SPELLING:이름.{0,3}(뭐|무엇);;OBJECT:무엇",2
test_5270.jpg,test,UNKNOWN,,0
test_5271.jpg,test,UNKNOWN,,0
test_5272.jpg,test,TIMEDATE,TIMEDATE:언제,1
test_5273.jpg,test,OBJECT,OBJECT:무엇,1
test_5274.jpg,test,UNKNOWN,,0
test_5275.jpg,test,COMPOSITE,OBJECT:무엇;;RELATION:오른쪽,2
test_5276.jpg,test,COMPOSITE,SPELLING:글자;;OBJECT:무엇;;RELATION:위에,3
test_5277.jpg,test,COMPOSITE,OBJECT:무엇;;RELATION:옆에,2
test_5278.jpg,test,COMPOSITE,"SPELLING:이름.{0,3}(뭐|무엇);;OBJECT:무엇",2
test_5279.jpg,test,COMPOSITE,"SPELLING:이름.{0,3}(뭐|무엇);;OBJECT:무엇",2
test_5280.jpg,test,COMPOSITE,"SPELLING:이름.{0,3}(뭐|무엇);;OBJECT:무엇",2
test_5281.jpg,test,OBJECT,OBJECT:무엇,1
test_5282.jpg,test,COMPOSITE,SPELLING:글자;;OBJECT:무엇,2
test_5283.jpg,test,OBJECT,OBJECT:무엇,1
test_5284.jpg,test,UNKNOWN,,0
test_5285.jpg,test,OBJECT,OBJECT:있(나요|습니까|어),1
test_5286.jpg,test,NUMBER,NUMBER:몇\s*명,1
test_5287.jpg,test,OBJECT,OBJECT:무엇,1
test_5288.jpg,test,OBJECT,OBJECT:무엇,1
test_5289.jpg,test,COMPOSITE,TABLE:항목;;OBJECT:무엇;;RELATION:아래,3
test_5290.jpg,test,UNKNOWN,,0
test_5291.jpg,test,UNKNOWN,,0
test_5292.jpg,test,PRICE,PRICE:가격,1
test_5293.jpg,test,PRICE,PRICE:얼마,1
test_5294.jpg,test,COMPOSITE,"SPELLING:이름.{0,3}(뭐|무엇);;OBJECT:무엇",2
test_5295.jpg,test,COMPOSITE,SPELLING:글자;;OBJECT:무엇,2
test_5296.jpg,test,OBJECT,OBJECT:무엇,1
test_5297.jpg,test,COMPOSITE,SPELLING:글자;;OBJECT:무엇,2
test_5298.jpg,test,OBJECT,OBJECT:무엇,1
test_5299.jpg,test,OBJECT,OBJECT:무엇,1
test_5300.jpg,test,OBJECT,OBJECT:무엇,1
test_5301.jpg,test,COMPOSITE,"SPELLING:이름.{0,3}(뭐|무엇);;OBJECT:무엇",2
test_5302.jpg,test,COMPOSITE,"SPELLING:이름.{0,3}(뭐|무엇);;OBJECT:무엇",2
test_5303.jpg,test,COMPOSITE,TABLE:항목;;OBJECT:무엇,2
test_5304.jpg,test,OBJECT,OBJECT:무엇,1
test_5305.jpg,test,OBJECT,OBJECT:무엇,1
test_5306.jpg,test,OBJECT,OBJECT:무엇,1
test_5307.jpg,test,OBJECT,OBJECT:무엇,1
test_5308.jpg,test,OBJECT,OBJECT:있(나요|습니까|어),1
test_5309.jpg,test,OBJECT,OBJECT:무엇,1
test_5310.jpg,test,OBJECT,OBJECT:무엇,1
test_5311.jpg,test,PRICE,PRICE:가격,1
test_5312.jpg,test,OBJECT,OBJECT:무엇,1
test_5313.jpg,test,PRICE,PRICE:가격,1
test_5314.jpg,test,COMPOSITE,"SPELLING:이름.{0,3}(뭐|무엇);;OBJECT:무엇",2
test_5315.jpg,test,UNKNOWN,,0
test_5316.jpg,test,COMPOSITE,OBJECT:무엇;;RELATION:아래,2
test_5317.jpg,test,UNKNOWN,,0
test_5318.jpg,test,OBJECT,OBJECT:있(나요|습니까|어),1
test_5319.jpg,test,UNKNOWN,,0
test_5320.jpg,test,OBJECT,OBJECT:무엇,1
test_5321.jpg,test,OBJECT,OBJECT:무엇,1
test_5322.jpg,test,COMPOSITE,"SPELLING:이름.{0,3}(뭐|무엇);;OBJECT:무엇",2
test_5323.jpg,test,PRICE,PRICE:얼마,1
test_5324.jpg,test,PRICE,PRICE:얼마,1
test_5325.jpg,test,OBJECT,OBJECT:무엇,1
test_5326.jpg,test,PRICE,PRICE:얼마,1
test_5327.jpg,test,COMPOSITE,"SPELLING:이름.{0,3}(뭐|무엇);;OBJECT:무엇",2
test_5328.jpg,test,COMPOSITE,"SPELLING:이름.{0,3}(뭐|무엇);;OBJECT:무엇",2
test_5329.jpg,test,COMPOSITE,NUMBER:번호;;OBJECT:무엇,2
test_5330.jpg,test,TIMEDATE,TIMEDATE:기간,1
test_5331.jpg,test,OBJECT,OBJECT:무엇,1
test_5332.jpg,test,COMPOSITE,"SPELLING:이름.{0,3}(뭐|무엇);;LOGO:브랜드;;OBJECT:무엇",3
test_5333.jpg,test,COMPOSITE,NUMBER:번호;;OBJECT:무엇,2
test_5334.jpg,test,OBJECT,OBJECT:무엇,1
test_5335.jpg,test,UNKNOWN,,0
test_5336.jpg,test,COMPOSITE,"SPELLING:이름.{0,3}(뭐|무엇);;OBJECT:무엇",2
test_5337.jpg,test,UNKNOWN,,0
test_5338.jpg,test,OBJECT,OBJECT:무엇,1
test_5339.jpg,test,PRICE,PRICE:얼마,1
test_5340.jpg,test,COMPOSITE,"SPELLING:이름.{0,3}(뭐|무엇);;OBJECT:무엇",2
test_5341.jpg,test,OBJECT,OBJECT:무엇,1
test_5342.jpg,test,UNKNOWN,,0
test_5343.jpg,test,OBJECT,OBJECT:무엇,1
test_5344.jpg,test,COMPOSITE,"SPELLING:이름.{0,3}(뭐|무엇);;OBJECT:무엇",2
test_5345.jpg,test,PRICE,PRICE:가격,1
test_5346.jpg,test,COMPOSITE,NUMBER:번호;;OBJECT:무엇,2
test_5347.jpg,test,COMPOSITE,NUMBER:번호;;OBJECT:무엇,2
test_5348.jpg,test,OBJECT,OBJECT:무엇,1
test_5349.jpg,test,COMPOSITE,NUMBER:번호;;OBJECT:무엇,2
test_5350.jpg,test,UNKNOWN,,0
test_5351.jpg,test,OBJECT,OBJECT:무엇,1
test_5352.jpg,test,OBJECT,OBJECT:무엇,1
test_5353.jpg,test,COMPOSITE,OBJECT:있(나요|습니까|어);;RELATION:아래,2
test_5354.jpg,test,COMPOSITE,SPELLING:글자;;OBJECT:무엇,2
test_5355.jpg,test,OBJECT,OBJECT:무엇,1
test_5356.jpg,test,COMPOSITE,"SPELLING:이름.{0,3}(뭐|무엇);;OBJECT:무엇",2
test_5357.jpg,test,COMPOSITE,NUMBER:번호;;OBJECT:무엇,2
test_5358.jpg,test,PRICE,PRICE:얼마,1
test_5359.jpg,test,OBJECT,OBJECT:무엇,1
test_5360.jpg,test,OBJECT,OBJECT:무엇,1
test_5361.jpg,test,COMPOSITE,"SPELLING:이름.{0,3}(뭐|무엇);;OBJECT:무엇",2
test_5362.jpg,test,OBJECT,OBJECT:무엇,1
test_5363.jpg,test,OBJECT,OBJECT:무엇,1
test_5364.jpg,test,OBJECT,OBJECT:무엇,1
test_5365.jpg,test,COMPOSITE,"SPELLING:이름.{0,3}(뭐|무엇);;LOGO:브랜드;;OBJECT:무엇",3
test_5366.jpg,test,OBJECT,OBJECT:무엇,1
test_5367.jpg,test,OBJECT,OBJECT:무엇,1
test_5368.jpg,test,PRICE,PRICE:가격,1
test_5369.jpg,test,PRICE,PRICE:얼마,1
test_5370.jpg,test,COMPOSITE,"SPELLING:이름.{0,3}(뭐|무엇);;OBJECT:무엇",2
test_5371.jpg,test,UNKNOWN,,0
test_5372.jpg,test,COMPOSITE,"SPELLING:이름.{0,3}(뭐|무엇);;OBJECT:무엇",2
test_5373.jpg,test,TIMEDATE,TIMEDATE:언제,1
test_5374.jpg,test,UNKNOWN,,0
test_5375.jpg,test,OBJECT,OBJECT:무엇,1
test_5376.jpg,test,COMPOSITE,NUMBER:번호;;OBJECT:무엇,2
test_5377.jpg,test,COMPOSITE,NUMBER:번호;;OBJECT:무엇,2
test_5378.jpg,test,PRICE,PRICE:얼마,1
test_5379.jpg,test,PRICE,PRICE:가격,1
test_5380.jpg,test,OBJECT,OBJECT:무엇,1
test_5381.jpg,test,COMPOSITE,NUMBER:번호;;OBJECT:무엇;;RELATION:순서,3
test_5382.jpg,test,TIMEDATE,TIMEDATE:언제,1
test_5383.jpg,test,PRICE,PRICE:가격,1
test_5384.jpg,test,COMPOSITE,"SPELLING:이름.{0,3}(뭐|무엇);;OBJECT:무엇",2
test_5385.jpg,test,OBJECT,OBJECT:무엇,1
test_5386.jpg,test,UNKNOWN,,0
test_5387.jpg,test,OBJECT,OBJECT:무엇,1
test_5388.jpg,test,PRICE,PRICE:가격,1
test_5389.jpg,test,OBJECT,OBJECT:있(나요|습니까|어),1
test_5390.jpg,test,COMPOSITE,"SPELLING:이름.{0,3}(뭐|무엇);;OBJECT:무엇",2
test_5391.jpg,test,UNKNOWN,,0
test_5392.jpg,test,COMPOSITE,"SPELLING:이름.{0,3}(뭐|무엇);;OBJECT:무엇",2
test_5393.jpg,test,OBJECT,OBJECT:있(나요|습니까|어),1
test_5394.jpg,test,COMPOSITE,NUMBER:번호;;OBJECT:무엇,2
test_5395.jpg,test,UNKNOWN,,0
test_5396.jpg,test,COMPOSITE,"SPELLING:이름.{0,3}(뭐|무엇);;LOGO:브랜드;;OBJECT:무엇",3
test_5397.jpg,test,UNKNOWN,,0
test_5398.jpg,test,COMPOSITE,NUMBER:번호;;OBJECT:무엇,2
test_5399.jpg,test,COMPOSITE,"SPELLING:이름.{0,3}(뭐|무엇);;OBJECT:무엇",2
test_5400.jpg,test,OBJECT,OBJECT:있(나요|습니까|어),1
test_5401.jpg,test,COMPOSITE,SPELLING:글자;;OBJECT:무엇,2
test_5402.jpg,test,PRICE,PRICE:가격,1
test_5403.jpg,test,UNKNOWN,,0
test_5404.jpg,test,UNKNOWN,,0
test_5405.jpg,test,OBJECT,OBJECT:무엇,1
test_5406.jpg,test,COMPOSITE,"SPELLING:이름.{0,3}(뭐|무엇);;OBJECT:무엇",2
test_5407.jpg,test,COMPOSITE,PRICE:가격;;OBJECT:무엇,2
test_5408.jpg,test,PRICE,PRICE:가격,1
test_5409.jpg,test,OBJECT,OBJECT:있(나요|습니까|어),1
test_5410.jpg,test,OBJECT,OBJECT:무엇,1
test_5411.jpg,test,OBJECT,OBJECT:무엇,1
test_5412.jpg,test,PRICE,PRICE:얼마,1
test_5413.jpg,test,OBJECT,OBJECT:무엇,1
test_5414.jpg,test,PRICE,PRICE:얼마,1
test_5415.jpg,test,OBJECT,OBJECT:무엇,1
test_5416.jpg,test,OBJECT,OBJECT:무엇,1
test_5417.jpg,test,COMPOSITE,"SPELLING:이름.{0,3}(뭐|무엇);;OBJECT:무엇",2
test_5418.jpg,test,COMPOSITE,"SPELLING:이름.{0,3}(뭐|무엇);;OBJECT:무엇",2
test_5419.jpg,test,COMPOSITE,"SPELLING:이름.{0,3}(뭐|무엇);;OBJECT:무엇",2
test_5420.jpg,test,OBJECT,OBJECT:무엇,1
test_5421.jpg,test,COMPOSITE,"SPELLING:이름.{0,3}(뭐|무엇);;OBJECT:무엇",2
test_5422.jpg,test,OBJECT,OBJECT:무엇,1
test_5423.jpg,test,OBJECT,OBJECT:무엇,1
test_5424.jpg,test,OBJECT,OBJECT:무엇,1
test_5425.jpg,test,TIMEDATE,TIMEDATE:기간,1
test_5426.jpg,test,OBJECT,OBJECT:무엇,1
test_5427.jpg,test,COMPOSITE,OBJECT:무엇;;RELATION:왼쪽,2
test_5428.jpg,test,COMPOSITE,"SPELLING:이름.{0,3}(뭐|무엇);;OBJECT:무엇",2
test_5429.jpg,test,OBJECT,OBJECT:무엇,1
test_5430.jpg,test,UNKNOWN,,0
test_5431.jpg,test,PRICE,PRICE:가격,1
test_5432.jpg,test,OBJECT,OBJECT:무엇,1
test_5433.jpg,test,OBJECT,OBJECT:무엇,1
test_5434.jpg,test,OBJECT,OBJECT:무엇,1
test_5435.jpg,test,PRICE,PRICE:얼마,1
test_5436.jpg,test,COMPOSITE,"SPELLING:이름.{0,3}(뭐|무엇);;LOGO:브랜드;;OBJECT:무엇",3
test_5437.jpg,test,COMPOSITE,NUMBER:번호;;OBJECT:무엇,2
test_5438.jpg,test,OBJECT,OBJECT:무엇,1
test_5439.jpg,test,TIMEDATE,TIMEDATE:기간,1
test_5440.jpg,test,OBJECT,OBJECT:무엇,1
test_5441.jpg,test,OBJECT,OBJECT:무엇,1
test_5442.jpg,test,OBJECT,OBJECT:무엇,1
test_5443.jpg,test,COMPOSITE,NUMBER:번호;;OBJECT:무엇,2
test_5444.jpg,test,COMPOSITE,"SPELLING:이름.{0,3}(뭐|무엇);;OBJECT:무엇",2
test_5445.jpg,test,OBJECT,OBJECT:무엇,1
test_5446.jpg,test,OBJECT,OBJECT:무엇,1
test_5447.jpg,test,OBJECT,OBJECT:있(나요|습니까|어),1
test_5448.jpg,test,COMPOSITE,"SPELLING:이름.{0,3}(뭐|무엇);;OBJECT:무엇",2
test_5449.jpg,test,COMPOSITE,"SPELLING:이름.{0,3}(뭐|무엇);;OBJECT:무엇",2
test_5450.jpg,test,COMPOSITE,"SPELLING:이름.{0,3}(뭐|무엇);;OBJECT:무엇",2
test_5451.jpg,test,COMPOSITE,"SPELLING:이름.{0,3}(뭐|무엇);;OBJECT:무엇",2
test_5452.jpg,test,UNKNOWN,,0
test_5453.jpg,test,OBJECT,OBJECT:무엇,1
test_5454.jpg,test,OBJECT,OBJECT:무엇,1
test_5455.jpg,test,UNKNOWN,,0
test_5456.jpg,test,COMPOSITE,"SPELLING:이름.{0,3}(뭐|무엇);;OBJECT:무엇",2
test_5457.jpg,test,COMPOSITE,"SPELLING:이름.{0,3}(뭐|무엇);;OBJECT:무엇",2
test_5458.jpg,test,COMPOSITE,"SPELLING:이름.{0,3}(뭐|무엇);;OBJECT:무엇",2
test_5459.jpg,test,OBJECT,OBJECT:무엇,1
test_5460.jpg,test,COMPOSITE,"SPELLING:이름.{0,3}(뭐|무엇);;OBJECT:무엇",2
test_5461.jpg,test,OBJECT,OBJECT:무엇,1
test_5462.jpg,test,OBJECT,OBJECT:무엇,1
test_5463.jpg,test,UNKNOWN,,0
test_5464.jpg,test,PRICE,PRICE:가격,1
test_5465.jpg,test,PRICE,PRICE:가격,1
test_5466.jpg,test,COMPOSITE,"SPELLING:이름.{0,3}(뭐|무엇);;OBJECT:무엇",2
test_5467.jpg,test,UNKNOWN,,0
test_5468.jpg,test,OBJECT,OBJECT:무엇,1
test_5469.jpg,test,OBJECT,OBJECT:무엇,1
test_5470.jpg,test,UNKNOWN,,0
test_5471.jpg,test,COMPOSITE,"SPELLING:이름.{0,3}(뭐|무엇);;OBJECT:무엇",2
test_5472.jpg,test,TIMEDATE,TIMEDATE:기간,1
test_5473.jpg,test,OBJECT,OBJECT:무엇,1
test_5474.jpg,test,OBJECT,OBJECT:있(나요|습니까|어),1
test_5475.jpg,test,OBJECT,OBJECT:무엇,1
test_5476.jpg,test,COMPOSITE,"SPELLING:이름.{0,3}(뭐|무엇);;OBJECT:무엇",2
test_5477.jpg,test,OBJECT,OBJECT:무엇,1
test_5478.jpg,test,OBJECT,OBJECT:무엇,1
test_5479.jpg,test,OBJECT,OBJECT:있(나요|습니까|어),1
test_5480.jpg,test,PRICE,PRICE:얼마,1
test_5481.jpg,test,COMPOSITE,PRICE:얼마;;TIMEDATE:기간,2
test_5482.jpg,test,OBJECT,OBJECT:무엇,1
test_5483.jpg,test,UNKNOWN,,0
test_5484.jpg,test,COMPOSITE,"SPELLING:이름.{0,3}(뭐|무엇);;OBJECT:무엇",2
test_5485.jpg,test,PRICE,PRICE:얼마,1
test_5486.jpg,test,COMPOSITE,OBJECT:무엇;;RELATION:옆에,2
test_5487.jpg,test,COMPOSITE,"SPELLING:이름.{0,3}(뭐|무엇);;LOGO:브랜드;;OBJECT:무엇",3
test_5488.jpg,test,OBJECT,OBJECT:무엇,1
test_5489.jpg,test,UNKNOWN,,0
test_5490.jpg,test,PRICE,PRICE:가격,1
test_5491.jpg,test,OBJECT,OBJECT:무엇,1
test_5492.jpg,test,OBJECT,OBJECT:무엇,1
test_5493.jpg,test,COMPOSITE,OBJECT:무엇;;RELATION:옆에,2
test_5494.jpg,test,OBJECT,OBJECT:무엇,1
test_5495.jpg,test,COMPOSITE,"SPELLING:이름.{0,3}(뭐|무엇);;OBJECT:무엇",2
test_5496.jpg,test,OBJECT,OBJECT:무엇,1
test_5497.jpg,test,COMPOSITE,"SPELLING:이름.{0,3}(뭐|무엇);;OBJECT:무엇",2
test_5498.jpg,test,COMPOSITE,LOGO:브랜드;;OBJECT:무엇,2
test_5499.jpg,test,COMPOSITE,"SPELLING:이름.{0,3}(뭐|무엇);;OBJECT:무엇",2
test_5500.jpg,test,OBJECT,OBJECT:무엇,1
test_5501.jpg,test,COMPOSITE,"SPELLING:이름.{0,3}(뭐|무엇);;OBJECT:무엇",2
test_5502.jpg,test,OBJECT,OBJECT:무엇,1
test_5503.jpg,test,UNKNOWN,,0
test_5504.jpg,test,COMPOSITE,NUMBER:개수;;OBJECT:무엇,2
test_5505.jpg,test,PRICE,PRICE:가격,1
test_5506.jpg,test,UNKNOWN,,0
test_5507.jpg,test,OBJECT,OBJECT:무엇,1
test_5508.jpg,test,PRICE,PRICE:가격,1
test_5509.jpg,test,OBJECT,OBJECT:무엇,1
test_5510.jpg,test,OBJECT,OBJECT:무엇,1
test_5511.jpg,test,PRICE,PRICE:요금,1
test_5512.jpg,test,COMPOSITE,NUMBER:번호;;OBJECT:무엇,2
test_5513.jpg,test,COMPOSITE,"SPELLING:이름.{0,3}(뭐|무엇);;OBJECT:무엇",2
test_5514.jpg,test,OBJECT,OBJECT:무엇,1
test_5515.jpg,test,PRICE,PRICE:얼마,1
test_5516.jpg,test,UNKNOWN,,0
test_5517.jpg,test,OBJECT,OBJECT:무엇,1
test_5518.jpg,test,OBJECT,OBJECT:무엇,1
test_5519.jpg,test,OBJECT,OBJECT:무엇,1
test_5520.jpg,test,PRICE,PRICE:얼마,1
test_5521.jpg,test,COMPOSITE,"SPELLING:이름.{0,3}(뭐|무엇);;OBJECT:무엇",2
test_5522.jpg,test,COMPOSITE,"SPELLING:이름.{0,3}(뭐|무엇);;OBJECT:무엇",2
test_5523.jpg,test,PRICE,PRICE:가격,1
test_5524.jpg,test,NUMBER,NUMBER:번호,1
test_5525.jpg,test,COMPOSITE,"SPELLING:이름.{0,3}(뭐|무엇);;OBJECT:무엇",2
test_5526.jpg,test,COMPOSITE,"SPELLING:이름.{0,3}(뭐|무엇);;OBJECT:무엇",2
test_5527.jpg,test,OBJECT,OBJECT:무엇,1
test_5528.jpg,test,OBJECT,OBJECT:무엇,1
test_5529.jpg,test,OBJECT,OBJECT:무엇,1
test_5530.jpg,test,COMPOSITE,"SPELLING:이름.{0,3}(뭐|무엇);;OBJECT:무엇",2
test_5531.jpg,test,COMPOSITE,"SPELLING:이름.{0,3}(뭐|무엇);;OBJECT:무엇",2
test_5532.jpg,test,OBJECT,OBJECT:무엇,1
test_5533.jpg,test,OBJECT,OBJECT:무엇,1
test_5534.jpg,test,PRICE,PRICE:가격,1
test_5535.jpg,test,OBJECT,OBJECT:무엇,1
test_5536.jpg,test,PRICE,PRICE:가격,1
test_5537.jpg,test,COMPOSITE,"SPELLING:이름.{0,3}(뭐|무엇);;OBJECT:무엇",2
test_5538.jpg,test,OBJECT,OBJECT:무엇,1
test_5539.jpg,test,COMPOSITE,NUMBER:번호;;OBJECT:무엇,2
test_5540.jpg,test,OBJECT,OBJECT:무엇,1
test_5541.jpg,test,UNKNOWN,,0
test_5542.jpg,test,OBJECT,OBJECT:무엇,1
test_5543.jpg,test,OBJECT,OBJECT:무엇,1
test_5544.jpg,test,COMPOSITE,"SPELLING:이름.{0,3}(뭐|무엇);;OBJECT:무엇",2
test_5545.jpg,test,COMPOSITE,NUMBER:번호;;OBJECT:무엇,2
test_5546.jpg,test,UNKNOWN,,0
test_5547.jpg,test,OBJECT,OBJECT:무엇,1
test_5548.jpg,test,OBJECT,OBJECT:무엇,1
test_5549.jpg,test,PRICE,PRICE:가격,1
test_5550.jpg,test,OBJECT,OBJECT:무엇,1
test_5551.jpg,test,OBJECT,OBJECT:무엇,1
test_5552.jpg,test,COMPOSITE,"SPELLING:이름.{0,3}(뭐|무엇);;OBJECT:무엇",2
test_5553.jpg,test,COMPOSITE,TIMEDATE:요일;;OBJECT:있(나요|습니까|어),2
test_5554.jpg,test,UNKNOWN,,0
test_5555.jpg,test,COMPOSITE,"SPELLING:이름.{0,3}(뭐|무엇);;OBJECT:무엇",2
test_5556.jpg,test,OBJECT,OBJECT:무엇,1
test_5557.jpg,test,OBJECT,OBJECT:무엇,1
test_5558.jpg,test,COMPOSITE,"SPELLING:이름.{0,3}(뭐|무엇);;OBJECT:무엇",2
test_5559.jpg,test,PRICE,PRICE:얼마,1
test_5560.jpg,test,PRICE,PRICE:가격,1
test_5561.jpg,test,UNKNOWN,,0
test_5562.jpg,test,UNKNOWN,,0
test_5563.jpg,test,COMPOSITE,OBJECT:무엇;;RELATION:위에,2
test_5564.jpg,test,OBJECT,OBJECT:무엇,1
test_5565.jpg,test,OBJECT,OBJECT:무엇,1
test_5566.jpg,test,PRICE,PRICE:가격,1
test_5567.jpg,test,TIMEDATE,TIMEDATE:날짜,1
test_5568.jpg,test,COMPOSITE,NUMBER:번호;;OBJECT:무엇,2
test_5569.jpg,test,COMPOSITE,"SPELLING:이름.{0,3}(뭐|무엇);;OBJECT:무엇",2
test_5570.jpg,test,OBJECT,OBJECT:무엇,1
test_5571.jpg,test,COMPOSITE,"SPELLING:이름.{0,3}(뭐|무엇);;OBJECT:무엇",2
test_5572.jpg,test,COMPOSITE,"SPELLING:이름.{0,3}(뭐|무엇);;OBJECT:무엇",2
test_5573.jpg,test,OBJECT,OBJECT:무엇,1
test_5574.jpg,test,PRICE,PRICE:얼마,1
test_5575.jpg,test,OBJECT,OBJECT:무엇,1
test_5576.jpg,test,OBJECT,OBJECT:무엇,1
test_5577.jpg,test,TIMEDATE,TIMEDATE:언제,1
test_5578.jpg,test,OBJECT,OBJECT:무엇,1
test_5579.jpg,test,OBJECT,OBJECT:무엇,1
test_5580.jpg,test,UNKNOWN,,0
test_5581.jpg,test,OBJECT,OBJECT:무엇,1
test_5582.jpg,test,OBJECT,OBJECT:무엇,1
test_5583.jpg,test,OBJECT,OBJECT:있(나요|습니까|어),1
test_5584.jpg,test,UNKNOWN,,0
test_5585.jpg,test,OBJECT,OBJECT:무엇,1
test_5586.jpg,test,OBJECT,OBJECT:무엇,1
test_5587.jpg,test,COMPOSITE,NUMBER:번호;;OBJECT:무엇,2
test_5588.jpg,test,UNKNOWN,,0
test_5589.jpg,test,OBJECT,OBJECT:무엇,1
test_5590.jpg,test,OBJECT,OBJECT:무엇,1
test_5591.jpg,test,UNKNOWN,,0
test_5592.jpg,test,COMPOSITE,SPELLING:글자;;OBJECT:무엇,2
test_5593.jpg,test,PRICE,PRICE:얼마,1
test_5594.jpg,test,COMPOSITE,TIMEDATE:날짜;;OBJECT:무엇,2
test_5595.jpg,test,OBJECT,OBJECT:무엇,1
test_5596.jpg,test,OBJECT,OBJECT:무엇,1
test_5597.jpg,test,COMPOSITE,PRICE:얼마;;TIMEDATE:기간,2
test_5598.jpg,test,UNKNOWN,,0
test_5599.jpg,test,PRICE,PRICE:가격,1
test_5600.jpg,test,OBJECT,OBJECT:무엇,1
test_5601.jpg,test,OBJECT,OBJECT:무엇,1
test_5602.jpg,test,OBJECT,OBJECT:무엇,1
test_5603.jpg,test,OBJECT,OBJECT:무엇,1
test_5604.jpg,test,OBJECT,OBJECT:무엇,1
test_5605.jpg,test,COMPOSITE,"SPELLING:이름.{0,3}(뭐|무엇);;OBJECT:무엇",2
test_5606.jpg,test,COMPOSITE,NUMBER:번호;;OBJECT:무엇,2
test_5607.jpg,test,COMPOSITE,"SPELLING:이름.{0,3}(뭐|무엇);;OBJECT:무엇",2
test_5608.jpg,test,OBJECT,OBJECT:무엇,1
test_5609.jpg,test,PRICE,PRICE:가격,1
test_5610.jpg,test,COMPOSITE,LOGO:브랜드;;OBJECT:무엇,2
test_5611.jpg,test,COMPOSITE,TIMEDATE:몇\s*시;;RELATION:위에,2
test_5612.jpg,test,COMPOSITE,SPELLING:글자;;OBJECT:무엇,2
test_5613.jpg,test,UNKNOWN,,0
test_5614.jpg,test,OBJECT,OBJECT:무엇,1
test_5615.jpg,test,TIMEDATE,TIMEDATE:언제,1
test_5616.jpg,test,PRICE,PRICE:얼마,1
test_5617.jpg,test,OBJECT,OBJECT:무엇,1
test_5618.jpg,test,COMPOSITE,"SPELLING:이름.{0,3}(뭐|무엇);;OBJECT:무엇",2
test_5619.jpg,test,UNKNOWN,,0
test_5620.jpg,test,UNKNOWN,,0
test_5621.jpg,test,OBJECT,OBJECT:무엇,1
test_5622.jpg,test,OBJECT,OBJECT:무엇,1
test_5623.jpg,test,OBJECT,OBJECT:무엇,1
test_5624.jpg,test,OBJECT,OBJECT:무엇,1
test_5625.jpg,test,OBJECT,OBJECT:무엇,1
test_5626.jpg,test,OBJECT,OBJECT:무엇,1
test_5627.jpg,test,NUMBER,NUMBER:번호,1
test_5628.jpg,test,COMPOSITE,"SPELLING:이름.{0,3}(뭐|무엇);;LOGO:브랜드;;OBJECT:무엇",3
test_5629.jpg,test,OBJECT,OBJECT:무엇,1
test_5630.jpg,test,COMPOSITE,"SPELLING:이름.{0,3}(뭐|무엇);;OBJECT:무엇",2
test_5631.jpg,test,PRICE,PRICE:가격,1
test_5632.jpg,test,OBJECT,OBJECT:무엇,1
test_5633.jpg,test,COMPOSITE,NUMBER:개수;;OBJECT:무엇,2
test_5634.jpg,test,COMPOSITE,"SPELLING:이름.{0,3}(뭐|무엇);;OBJECT:무엇",2
test_5635.jpg,test,COMPOSITE,"SPELLING:이름.{0,3}(뭐|무엇);;OBJECT:무엇",2
test_5636.jpg,test,COMPOSITE,"SPELLING:이름.{0,3}(뭐|무엇);;OBJECT:무엇",2
test_5637.jpg,test,PRICE,PRICE:얼마,1
test_5638.jpg,test,OBJECT,OBJECT:무엇,1
test_5639.jpg,test,COMPOSITE,"SPELLING:이름.{0,3}(뭐|무엇);;OBJECT:무엇",2
test_5640.jpg,test,PRICE,PRICE:얼마,1
test_5641.jpg,test,OBJECT,OBJECT:무엇,1
test_5642.jpg,test,UNKNOWN,,0
test_5643.jpg,test,COMPOSITE,"SPELLING:이름.{0,3}(뭐|무엇);;OBJECT:무엇",2
test_5644.jpg,test,COMPOSITE,"SPELLING:이름.{0,3}(뭐|무엇);;OBJECT:무엇",2
test_5645.jpg,test,OBJECT,OBJECT:무엇,1
test_5646.jpg,test,OBJECT,OBJECT:무엇,1
test_5647.jpg,test,OBJECT,OBJECT:있(나요|습니까|어),1
test_5648.jpg,test,COMPOSITE,SPELLING:글자;;OBJECT:무엇,2
test_5649.jpg,test,UNKNOWN,,0
test_5650.jpg,test,OBJECT,OBJECT:무엇,1
test_5651.jpg,test,COMPOSITE,OBJECT:무엇;;RELATION:오른쪽,2
test_5652.jpg,test,OBJECT,OBJECT:무엇,1
test_5653.jpg,test,PRICE,PRICE:가격,1
test_5654.jpg,test,UNKNOWN,,0
test_5655.jpg,test,COMPOSITE,TABLE:항목;;OBJECT:무엇,2
test_5656.jpg,test,OBJECT,OBJECT:무엇,1
test_5657.jpg,test,OBJECT,OBJECT:있(나요|습니까|어),1
test_5658.jpg,test,OBJECT,OBJECT:무엇,1
test_5659.jpg,test,COMPOSITE,"SPELLING:이름.{0,3}(뭐|무엇);;LOGO:브랜드;;OBJECT:무엇",3
test_5660.jpg,test,COMPOSITE,"SPELLING:이름.{0,3}(뭐|무엇);;OBJECT:무엇",2
test_5661.jpg,test,OBJECT,OBJECT:무엇,1
test_5662.jpg,test,COMPOSITE,NUMBER:번호;;OBJECT:무엇,2
test_5663.jpg,test,OBJECT,OBJECT:무엇,1
test_5664.jpg,test,OBJECT,OBJECT:무엇,1
test_5665.jpg,test,COMPOSITE,NUMBER:번호;;OBJECT:무엇,2
test_5666.jpg,test,OBJECT,OBJECT:무엇,1
test_5667.jpg,test,OBJECT,OBJECT:무엇,1
test_5668.jpg,test,UNKNOWN,,0
test_5669.jpg,test,PRICE,PRICE:가격,1
test_5670.jpg,test,TIMEDATE,TIMEDATE:기간,1
test_5671.jpg,test,OBJECT,OBJECT:무엇,1
test_5672.jpg,test,SPELLING,SPELLING:글자,1
test_5673.jpg,test,OBJECT,OBJECT:무엇,1
test_5674.jpg,test,UNKNOWN,,0
test_5675.jpg,test,OBJECT,OBJECT:있(나요|습니까|어),1
test_5676.jpg,test,COMPOSITE,"SPELLING:이름.{0,3}(뭐|무엇);;OBJECT:무엇",2
test_5677.jpg,test,OBJECT,OBJECT:무엇,1
test_5678.jpg,test,COMPOSITE,"SPELLING:이름.{0,3}(뭐|무엇);;OBJECT:무엇",2
test_5679.jpg,test,COMPOSITE,"SPELLING:이름.{0,3}(뭐|무엇);;OBJECT:무엇",2
test_5680.jpg,test,COMPOSITE,"SPELLING:이름.{0,3}(뭐|무엇);;OBJECT:무엇",2
test_5681.jpg,test,COMPOSITE,PRICE:가격;;OBJECT:무엇,2
test_5682.jpg,test,OBJECT,OBJECT:무엇,1
test_5683.jpg,test,COMPOSITE,SPELLING:글자;;OBJECT:무엇,2
test_5684.jpg,test,COMPOSITE,"SPELLING:이름.{0,3}(뭐|무엇);;OBJECT:무엇",2
test_5685.jpg,test,COMPOSITE,OBJECT:무엇;;RELATION:아래,2
test_5686.jpg,test,OBJECT,OBJECT:무엇,1
test_5687.jpg,test,OBJECT,OBJECT:무엇,1
test_5688.jpg,test,OBJECT,OBJECT:무엇,1
test_5689.jpg,test,OBJECT,OBJECT:무엇,1
test_5690.jpg,test,COMPOSITE,NUMBER:번호;;OBJECT:무엇,2
test_5691.jpg,test,COMPOSITE,"SPELLING:이름.{0,3}(뭐|무엇);;OBJECT:무엇",2
test_5692.jpg,test,COMPOSITE,"SPELLING:이름.{0,3}(뭐|무엇);;OBJECT:무엇",2
test_5693.jpg,test,OBJECT,OBJECT:무엇,1
test_5694.jpg,test,OBJECT,OBJECT:무엇,1
test_5695.jpg,test,PRICE,PRICE:가격,1
test_5696.jpg,test,OBJECT,OBJECT:무엇,1
test_5697.jpg,test,PRICE,PRICE:가격,1
test_5698.jpg,test,COMPOSITE,OBJECT:무엇;;RELATION:왼쪽,2
test_5699.jpg,test,SPELLING,SPELLING:글자,1
test_5700.jpg,test,OBJECT,OBJECT:있(나요|습니까|어),1
test_5701.jpg,test,OBJECT,OBJECT:무엇,1
test_5702.jpg,test,UNKNOWN,,0
test_5703.jpg,test,NUMBER,NUMBER:번호,1
test_5704.jpg,test,UNKNOWN,,0
test_5705.jpg,test,OBJECT,OBJECT:무엇,1
test_5706.jpg,test,OBJECT,OBJECT:무엇,1
test_5707.jpg,test,COMPOSITE,NUMBER:번호;;OBJECT:무엇,2
test_5708.jpg,test,COMPOSITE,"SPELLING:이름.{0,3}(뭐|무엇);;OBJECT:무엇",2
test_5709.jpg,test,COMPOSITE,NUMBER:번호;;OBJECT:무엇,2
test_5710.jpg,test,PRICE,PRICE:가격,1
test_5711.jpg,test,COMPOSITE,OBJECT:무엇;;RELATION:아래,2
test_5712.jpg,test,OBJECT,OBJECT:무엇,1
test_5713.jpg,test,COMPOSITE,"SPELLING:이름.{0,3}(뭐|무엇);;OBJECT:무엇",2
test_5714.jpg,test,UNKNOWN,,0
test_5715.jpg,test,TIMEDATE,TIMEDATE:언제,1
test_5716.jpg,test,PRICE,PRICE:가격,1
test_5717.jpg,test,OBJECT,OBJECT:무엇,1
test_5718.jpg,test,COMPOSITE,"SPELLING:이름.{0,3}(뭐|무엇);;OBJECT:무엇",2
test_5719.jpg,test,PRICE,PRICE:얼마,1
test_5720.jpg,test,TIMEDATE,TIMEDATE:영업\s*시간,1
test_5721.jpg,test,OBJECT,OBJECT:있(나요|습니까|어),1
test_5722.jpg,test,OBJECT,OBJECT:무엇,1
test_5723.jpg,test,OBJECT,OBJECT:무엇,1
test_5724.jpg,test,COMPOSITE,"SPELLING:이름.{0,3}(뭐|무엇);;OBJECT:무엇",2
test_5725.jpg,test,OBJECT,OBJECT:무엇,1
test_5726.jpg,test,OBJECT,OBJECT:있(나요|습니까|어),1
test_5727.jpg,test,PRICE,PRICE:가격,1
test_5728.jpg,test,PRICE,PRICE:가격,1
test_5729.jpg,test,OBJECT,OBJECT:무엇,1
test_5730.jpg,test,COMPOSITE,NUMBER:번호;;OBJECT:무엇,2
test_5731.jpg,test,TIMEDATE,TIMEDATE:언제,1
test_5732.jpg,test,COMPOSITE,OBJECT:무엇;;RELATION:옆에,2
test_5733.jpg,test,COMPOSITE,"SPELLING:이름.{0,3}(뭐|무엇);;OBJECT:무엇",2
test_5734.jpg,test,COMPOSITE,SPELLING:글자;;OBJECT:무엇,2
test_5735.jpg,test,PRICE,PRICE:가격,1
test_5736.jpg,test,COMPOSITE,OBJECT:무엇;;RELATION:아래,2
test_5737.jpg,test,UNKNOWN,,0
test_5738.jpg,test,COMPOSITE,"SPELLING:이름.{0,3}(뭐|무엇);;OBJECT:무엇",2
test_5739.jpg,test,COMPOSITE,NUMBER:번호;;OBJECT:무엇,2
test_5740.jpg,test,UNKNOWN,,0
test_5741.jpg,test,OBJECT,OBJECT:무엇,1
test_5742.jpg,test,COMPOSITE,"SPELLING:이름.{0,3}(뭐|무엇);;LOGO:브랜드;;OBJECT:무엇",3
test_5743.jpg,test,TIMEDATE,TIMEDATE:날짜,1
test_5744.jpg,test,OBJECT,OBJECT:무엇,1
test_5745.jpg,test,COMPOSITE,SPELLING:글자;;OBJECT:무엇,2
test_5746.jpg,test,COMPOSITE,NUMBER:번호;;OBJECT:무엇,2
test_5747.jpg,test,COMPOSITE,"SPELLING:이름.{0,3}(뭐|무엇);;NUMBER:번호;;OBJECT:무엇",3
test_5748.jpg,test,COMPOSITE,TABLE:항목;;OBJECT:무엇,2
test_5749.jpg,test,COMPOSITE,NUMBER:번호;;OBJECT:무엇,2
test_5750.jpg,test,COMPOSITE,TIMEDATE:날짜;;OBJECT:무엇,2
test_5751.jpg,test,OBJECT,OBJECT:무엇,1
test_5752.jpg,test,COMPOSITE,SPELLING:글자;;OBJECT:무엇;;RELATION:위에,3
test_5753.jpg,test,OBJECT,OBJECT:무엇,1
test_5754.jpg,test,COMPOSITE,TIMEDATE:언제;;TABLE:표에서,2
test_5755.jpg,test,PRICE,PRICE:가격,1
test_5756.jpg,test,COMPOSITE,NUMBER:번호;;OBJECT:무엇,2
test_5757.jpg,test,UNKNOWN,,0
test_5758.jpg,test,OBJECT,OBJECT:무엇,1
test_5759.jpg,test,OBJECT,OBJECT:무엇,1
test_5760.jpg,test,COMPOSITE,"SPELLING:이름.{0,3}(뭐|무엇);;OBJECT:무엇",2
test_5761.jpg,test,COMPOSITE,"SPELLING:이름.{0,3}(뭐|무엇);;OBJECT:무엇",2
test_5762.jpg,test,PRICE,PRICE:가격,1
test_5763.jpg,test,PRICE,PRICE:가격,1
test_5764.jpg,test,TIMEDATE,TIMEDATE:영업\s*시간,1
test_5765.jpg,test,OBJECT,OBJECT:무엇,1
test_5766.jpg,test,COMPOSITE,"SPELLING:이름.{0,3}(뭐|무엇);;OBJECT:무엇",2
test_5767.jpg,test,COMPOSITE,"SPELLING:이름.{0,3}(뭐|무엇);;OBJECT:무엇",2
test_5768.jpg,test,PRICE,PRICE:가격,1
test_5769.jpg,test,PRICE,PRICE:가격,1
test_5770.jpg,test,PRICE,PRICE:가격,1
test_5771.jpg,test,OBJECT,OBJECT:무엇,1
test_5772.jpg,test,COMPOSITE,"SPELLING:이름.{0,3}(뭐|무엇);;OBJECT:무엇",2
test_5773.jpg,test,COMPOSITE,"SPELLING:이름.{0,3}(뭐|무엇);;NUMBER:번호;;OBJECT:무엇",3
test_5774.jpg,test,OBJECT,OBJECT:무엇,1
test_5775.jpg,test,OBJECT,OBJECT:무엇,1
test_5776.jpg,test,OBJECT,OBJECT:무엇,1
test_5777.jpg,test,COMPOSITE,NUMBER:번호;;OBJECT:무엇,2
test_5778.jpg,test,OBJECT,OBJECT:무엇,1
test_5779.jpg,test,COMPOSITE,"SPELLING:이름.{0,3}(뭐|무엇);;OBJECT:무엇",2
test_5780.jpg,test,UNKNOWN,,0
test_5781.jpg,test,TIMEDATE,TIMEDATE:언제,1
test_5782.jpg,test,OBJECT,OBJECT:무엇,1
test_5783.jpg,test,OBJECT,OBJECT:무엇,1
test_5784.jpg,test,UNKNOWN,,0
test_5785.jpg,test,COMPOSITE,SPELLING:글자;;OBJECT:무엇,2
test_5786.jpg,test,OBJECT,OBJECT:있(나요|습니까|어),1
test_5787.jpg,test,UNKNOWN,,0
test_5788.jpg,test,OBJECT,OBJECT:무엇,1
test_5789.jpg,test,OBJECT,OBJECT:무엇,1
test_5790.jpg,test,COMPOSITE,SPELLING:글자;;OBJECT:무엇,2
test_5791.jpg,test,OBJECT,OBJECT:무엇,1
test_5792.jpg,test,OBJECT,OBJECT:무엇,1
test_5793.jpg,test,TIMEDATE,TIMEDATE:언제,1
test_5794.jpg,test,TIMEDATE,TIMEDATE:언제,1
test_5795.jpg,test,COMPOSITE,LOGO:브랜드;;OBJECT:무엇,2
test_5796.jpg,test,TIMEDATE,TIMEDATE:언제,1
test_5797.jpg,test,OBJECT,OBJECT:있(나요|습니까|어),1
test_5798.jpg,test,OBJECT,OBJECT:무엇,1
test_5799.jpg,test,OBJECT,OBJECT:무엇,1
test_5800.jpg,test,OBJECT,OBJECT:무엇,1
test_5801.jpg,test,COMPOSITE,PRICE:가격;;OBJECT:무엇,2
test_5802.jpg,test,OBJECT,OBJECT:무엇,1
test_5803.jpg,test,TIMEDATE,TIMEDATE:몇\s*시,1
test_5804.jpg,test,OBJECT,OBJECT:무엇,1
test_5805.jpg,test,OBJECT,OBJECT:무엇,1
test_5806.jpg,test,COMPOSITE,NUMBER:번호;;OBJECT:무엇,2
test_5807.jpg,test,OBJECT,OBJECT:무엇,1
test_5808.jpg,test,COMPOSITE,OBJECT:무엇;;RELATION:왼쪽,2
test_5809.jpg,test,COMPOSITE,"SPELLING:이름.{0,3}(뭐|무엇);;OBJECT:무엇",2
test_5810.jpg,test,COMPOSITE,TIMEDATE:몇\s*시;;OBJECT:있(나요|습니까|어),2
test_5811.jpg,test,OBJECT,OBJECT:무엇,1
test_5812.jpg,test,COMPOSITE,"SPELLING:이름.{0,3}(뭐|무엇);;OBJECT:무엇",2
test_5813.jpg,test,COMPOSITE,"SPELLING:이름.{0,3}(뭐|무엇);;OBJECT:무엇",2
test_5814.jpg,test,OBJECT,OBJECT:무엇,1
test_5815.jpg,test,COMPOSITE,TIMEDATE:영업\s*시간;;OBJECT:무엇,2
test_5816.jpg,test,PRICE,PRICE:가격,1
test_5817.jpg,test,COMPOSITE,"SPELLING:이름.{0,3}(뭐|무엇);;OBJECT:무엇",2
test_5818.jpg,test,OBJECT,OBJECT:있(나요|습니까|어),1
test_5819.jpg,test,OBJECT,OBJECT:무엇,1
test_5820.jpg,test,UNKNOWN,,0
test_5821.jpg,test,COMPOSITE,"SPELLING:이름.{0,3}(뭐|무엇);;OBJECT:무엇",2
test_5822.jpg,test,COMPOSITE,PRICE:가격;;OBJECT:무엇,2
test_5823.jpg,test,OBJECT,OBJECT:무엇,1
test_5824.jpg,test,COMPOSITE,OBJECT:무엇;;RELATION:위에,2
test_5825.jpg,test,COMPOSITE,"SPELLING:이름.{0,3}(뭐|무엇);;OBJECT:무엇",2
test_5826.jpg,test,UNKNOWN,,0
test_5827.jpg,test,COMPOSITE,OBJECT:무엇;;RELATION:위에,2
test_5828.jpg,test,COMPOSITE,"SPELLING:이름.{0,3}(뭐|무엇);;LOGO:브랜드;;OBJECT:무엇",3
test_5829.jpg,test,OBJECT,OBJECT:무엇,1
test_5830.jpg,test,OBJECT,OBJECT:무엇,1
test_5831.jpg,test,OBJECT,OBJECT:무엇,1
test_5832.jpg,test,OBJECT,OBJECT:무엇,1
test_5833.jpg,test,PRICE,PRICE:얼마,1
test_5834.jpg,test,OBJECT,OBJECT:무엇,1
test_5835.jpg,test,OBJECT,OBJECT:있(나요|습니까|어),1
test_5836.jpg,test,UNKNOWN,,0
test_5837.jpg,test,COMPOSITE,"SPELLING:이름.{0,3}(뭐|무엇);;OBJECT:무엇",2
test_5838.jpg,test,COMPOSITE,OBJECT:무엇;;RELATION:옆에,2
test_5839.jpg,test,COMPOSITE,"SPELLING:이름.{0,3}(뭐|무엇);;OBJECT:무엇",2
test_5840.jpg,test,COMPOSITE,"SPELLING:이름.{0,3}(뭐|무엇);;OBJECT:무엇",2
test_5841.jpg,test,COMPOSITE,"SPELLING:이름.{0,3}(뭐|무엇);;LOGO:브랜드;;OBJECT:무엇",3
test_5842.jpg,test,OBJECT,OBJECT:무엇,1
test_5843.jpg,test,OBJECT,OBJECT:무엇,1
test_5844.jpg,test,COMPOSITE,SPELLING:글자;;OBJECT:무엇,2
test_5845.jpg,test,UNKNOWN,,0
test_5846.jpg,test,OBJECT,OBJECT:무엇,1
test_5847.jpg,test,OBJECT,OBJECT:무엇,1
test_5848.jpg,test,OBJECT,OBJECT:무엇,1
test_5849.jpg,test,COMPOSITE,"SPELLING:이름.{0,3}(뭐|무엇);;OBJECT:무엇",2
test_5850.jpg,test,PRICE,PRICE:얼마,1
test_5851.jpg,test,OBJECT,OBJECT:무엇,1
test_5852.jpg,test,COMPOSITE,"SPELLING:이름.{0,3}(뭐|무엇);;OBJECT:무엇",2
test_5853.jpg,test,UNKNOWN,,0
test_5854.jpg,test,COMPOSITE,"SPELLING:이름.{0,3}(뭐|무엇);;OBJECT:무엇",2
test_5855.jpg,test,TIMEDATE,TIMEDATE:날짜,1
test_5856.jpg,test,UNKNOWN,,0
test_5857.jpg,test,OBJECT,OBJECT:무엇,1
test_5858.jpg,test,OBJECT,OBJECT:무엇,1
test_5859.jpg,test,UNKNOWN,,0
test_5860.jpg,test,PRICE,PRICE:얼마,1
test_5861.jpg,test,PRICE,PRICE:가격,1
test_5862.jpg,test,OBJECT,OBJECT:무엇,1
test_5863.jpg,test,COMPOSITE,"SPELLING:이름.{0,3}(뭐|무엇);;OBJECT:무엇",2
test_5864.jpg,test,UNKNOWN,,0
test_5865.jpg,test,OBJECT,OBJECT:무엇,1
test_5866.jpg,test,COMPOSITE,"SPELLING:이름.{0,3}(뭐|무엇);;OBJECT:무엇",2
test_5867.jpg,test,COMPOSITE,"SPELLING:이름.{0,3}(뭐|무엇);;OBJECT:무엇",2
test_5868.jpg,test,OBJECT,OBJECT:무엇,1
test_5869.jpg,test,OBJECT,OBJECT:있(나요|습니까|어),1
test_5870.jpg,test,PRICE,PRICE:가격,1
test_5871.jpg,test,TIMEDATE,TIMEDATE:요일,1
test_5872.jpg,test,PRICE,PRICE:가격,1
test_5873.jpg,test,COMPOSITE,PRICE:얼마;;RELATION:오른쪽,2
test_5874.jpg,test,COMPOSITE,"SPELLING:이름.{0,3}(뭐|무엇);;OBJECT:무엇",2
test_5875.jpg,test,OBJECT,OBJECT:무엇,1
test_5876.jpg,test,UNKNOWN,,0
test_5877.jpg,test,COMPOSITE,"SPELLING:이름.{0,3}(뭐|무엇);;OBJECT:무엇",2
test_5878.jpg,test,OBJECT,OBJECT:무엇,1
test_5879.jpg,test,OBJECT,OBJECT:무엇,1
test_5880.jpg,test,COMPOSITE,SPELLING:글자;;OBJECT:무엇,2
test_5881.jpg,test,OBJECT,OBJECT:무엇,1
test_5882.jpg,test,TIMEDATE,TIMEDATE:몇\s*시,1
test_5883.jpg,test,COMPOSITE,"SPELLING:이름.{0,3}(뭐|무엇);;OBJECT:무엇",2
test_5884.jpg,test,UNKNOWN,,0
test_5885.jpg,test,PRICE,PRICE:얼마,1
test_5886.jpg,test,OBJECT,OBJECT:있(나요|습니까|어),1
test_5887.jpg,test,OBJECT,OBJECT:무엇,1
test_5888.jpg,test,OBJECT,OBJECT:무엇,1
test_5889.jpg,test,OBJECT,OBJECT:무엇,1
test_5890.jpg,test,COMPOSITE,"SPELLING:이름.{0,3}(뭐|무엇);;OBJECT:무엇",2
test_5891.jpg,test,OBJECT,OBJECT:무엇,1
test_5892.jpg,test,OBJECT,OBJECT:무엇,1
test_5893.jpg,test,PRICE,PRICE:가격,1
test_5894.jpg,test,OBJECT,OBJECT:무엇,1
test_5895.jpg,test,OBJECT,OBJECT:무엇,1
test_5896.jpg,test,COMPOSITE,"SPELLING:이름.{0,3}(뭐|무엇);;OBJECT:무엇",2
test_5897.jpg,test,OBJECT,OBJECT:무엇,1
test_5898.jpg,test,OBJECT,OBJECT:있(나요|습니까|어),1
test_5899.jpg,test,COMPOSITE,"SPELLING:이름.{0,3}(뭐|무엇);;OBJECT:무엇",2
test_5900.jpg,test,OBJECT,OBJECT:무엇,1
test_5901.jpg,test,OBJECT,OBJECT:무엇,1
test_5902.jpg,test,TIMEDATE,TIMEDATE:몇\s*시,1
test_5903.jpg,test,OBJECT,OBJECT:무엇,1
test_5904.jpg,test,OBJECT,OBJECT:있(나요|습니까|어),1
test_5905.jpg,test,COMPOSITE,"SPELLING:이름.{0,3}(뭐|무엇);;LOGO:브랜드;;OBJECT:무엇",3
test_5906.jpg,test,OBJECT,OBJECT:무엇,1
test_5907.jpg,test,OBJECT,OBJECT:무엇,1
test_5908.jpg,test,COMPOSITE,"SPELLING:이름.{0,3}(뭐|무엇);;OBJECT:무엇",2
test_5909.jpg,test,OBJECT,OBJECT:무엇,1
test_5910.jpg,test,UNKNOWN,,0
test_5911.jpg,test,UNKNOWN,,0
test_5912.jpg,test,OBJECT,OBJECT:무엇,1
test_5913.jpg,test,COMPOSITE,"SPELLING:이름.{0,3}(뭐|무엇);;OBJECT:무엇",2
test_5914.jpg,test,COMPOSITE,PRICE:얼마;;OBJECT:있(나요|습니까|어),2
test_5915.jpg,test,OBJECT,OBJECT:무엇,1
test_5916.jpg,test,OBJECT,OBJECT:무엇,1
test_5917.jpg,test,COMPOSITE,"SPELLING:이름.{0,3}(뭐|무엇);;OBJECT:무엇",2
test_5918.jpg,test,OBJECT,OBJECT:무엇,1
test_5919.jpg,test,OBJECT,OBJECT:무엇,1
test_5920.jpg,test,UNKNOWN,,0
test_5921.jpg,test,COMPOSITE,"SPELLING:이름.{0,3}(뭐|무엇);;OBJECT:무엇",2
test_5922.jpg,test,NUMBER,NUMBER:몇\s*번,1
test_5923.jpg,test,OBJECT,OBJECT:무엇,1
test_5924.jpg,test,COMPOSITE,OBJECT:무엇;;RELATION:옆에,2
test_5925.jpg,test,COMPOSITE,"SPELLING:이름.{0,3}(뭐|무엇);;OBJECT:무엇",2
test_5926.jpg,test,COMPOSITE,"SPELLING:이름.{0,3}(뭐|무엇);;OBJECT:무엇",2
test_5927.jpg,test,PRICE,PRICE:가격,1
test_5928.jpg,test,COMPOSITE,"SPELLING:이름.{0,3}(뭐|무엇);;OBJECT:무엇",2
test_5929.jpg,test,COMPOSITE,"SPELLING:이름.{0,3}(뭐|무엇);;OBJECT:무엇",2
test_5930.jpg,test,OBJECT,OBJECT:무엇,1
test_5931.jpg,test,OBJECT,OBJECT:무엇,1
test_5932.jpg,test,COMPOSITE,"SPELLING:이름.{0,3}(뭐|무엇);;NUMBER:번호;;OBJECT:무엇",3
test_5933.jpg,test,NUMBER,NUMBER:몇\s*개,1
test_5934.jpg,test,COMPOSITE,"SPELLING:이름.{0,3}(뭐|무엇);;OBJECT:무엇",2
test_5935.jpg,test,OBJECT,OBJECT:무엇,1
test_5936.jpg,test,COMPOSITE,"SPELLING:이름.{0,3}(뭐|무엇);;OBJECT:무엇",2
test_5937.jpg,test,OBJECT,OBJECT:무엇,1
test_5938.jpg,test,COMPOSITE,"SPELLING:이름.{0,3}(뭐|무엇);;OBJECT:무엇",2
test_5939.jpg,test,COMPOSITE,"SPELLING:이름.{0,3}(뭐|무엇);;OBJECT:무엇",2
test_5940.jpg,test,OBJECT,OBJECT:있(나요|습니까|어),1
test_5941.jpg,test,COMPOSITE,"SPELLING:이름.{0,3}(뭐|무엇);;OBJECT:무엇",2
test_5942.jpg,test,PRICE,PRICE:가격,1
test_5943.jpg,test,OBJECT,OBJECT:무엇,1
test_5944.jpg,test,OBJECT,OBJECT:무엇,1
test_5945.jpg,test,COMPOSITE,"SPELLING:이름.{0,3}(뭐|무엇);;OBJECT:무엇",2
test_5946.jpg,test,COMPOSITE,"SPELLING:이름.{0,3}(뭐|무엇);;OBJECT:무엇",2
test_5947.jpg,test,OBJECT,OBJECT:무엇,1
test_5948.jpg,test,OBJECT,OBJECT:무엇,1
test_5949.jpg,test,OBJECT,OBJECT:무엇,1
test_5950.jpg,test,UNKNOWN,,0
test_5951.jpg,test,OBJECT,OBJECT:무엇,1
test_5952.jpg,test,TIMEDATE,TIMEDATE:언제,1
test_5953.jpg,test,PRICE,PRICE:얼마,1
test_5954.jpg,test,COMPOSITE,"SPELLING:이름.{0,3}(뭐|무엇);;OBJECT:무엇",2
test_5955.jpg,test,COMPOSITE,"PRICE:가격;;SPELLING:이름.{0,3}(뭐|무엇);;OBJECT:무엇",3
test_5956.jpg,test,COMPOSITE,"SPELLING:이름.{0,3}(뭐|무엇);;OBJECT:무엇",2
test_5957.jpg,test,OBJECT,OBJECT:무엇,1
test_5958.jpg,test,COMPOSITE,SPELLING:글자;;OBJECT:무엇;;RELATION:위에,3
test_5959.jpg,test,OBJECT,OBJECT:무엇,1
test_5960.jpg,test,COMPOSITE,"SPELLING:이름.{0,3}(뭐|무엇);;OBJECT:무엇",2
test_5961.jpg,test,OBJECT,OBJECT:무엇,1
test_5962.jpg,test,OBJECT,OBJECT:무엇,1
test_5963.jpg,test,COMPOSITE,"SPELLING:이름.{0,3}(뭐|무엇);;OBJECT:무엇",2
test_5964.jpg,test,COMPOSITE,"SPELLING:이름.{0,3}(뭐|무엇);;OBJECT:무엇",2
test_5965.jpg,test,OBJECT,OBJECT:무엇,1
test_5966.jpg,test,OBJECT,OBJECT:무엇,1
test_5967.jpg,test,OBJECT,OBJECT:있(나요|습니까|어),1
test_5968.jpg,test,PRICE,PRICE:얼마,1
test_5969.jpg,test,PRICE,PRICE:가격,1
test_5970.jpg,test,PRICE,PRICE:가격,1
test_5971.jpg,test,OBJECT,OBJECT:무엇,1
test_5972.jpg,test,COMPOSITE,"SPELLING:이름.{0,3}(뭐|무엇);;LOGO:브랜드;;OBJECT:무엇",3
test_5973.jpg,test,OBJECT,OBJECT:무엇,1
test_5974.jpg,test,PRICE,PRICE:얼마,1
test_5975.jpg,test,OBJECT,OBJECT:무엇,1
test_5976.jpg,test,COMPOSITE,"SPELLING:이름.{0,3}(뭐|무엇);;LOGO:브랜드;;OBJECT:무엇",3
test_5977.jpg,test,UNKNOWN,,0
test_5978.jpg,test,PRICE,PRICE:얼마,1
test_5979.jpg,test,PRICE,PRICE:가격,1
test_5980.jpg,test,PRICE,PRICE:얼마,1
test_5981.jpg,test,COMPOSITE,NUMBER:번호;;OBJECT:무엇,2
test_5982.jpg,test,UNKNOWN,,0
test_5983.jpg,test,UNKNOWN,,0
test_5984.jpg,test,UNKNOWN,,0
test_5985.jpg,test,OBJECT,OBJECT:무엇,1
test_5986.jpg,test,OBJECT,OBJECT:무엇,1
test_5987.jpg,test,COMPOSITE,NUMBER:번호;;OBJECT:무엇,2
test_5988.jpg,test,TIMEDATE,TIMEDATE:날짜,1
test_5989.jpg,test,OBJECT,OBJECT:무엇,1
test_5990.jpg,test,OBJECT,OBJECT:무엇,1
test_5991.jpg,test,COMPOSITE,"SPELLING:이름.{0,3}(뭐|무엇);;OBJECT:무엇",2
test_5992.jpg,test,UNKNOWN,,0
test_5993.jpg,test,COMPOSITE,OBJECT:무엇;;RELATION:아래,2
test_5994.jpg,test,PRICE,PRICE:가격,1
test_5995.jpg,test,UNKNOWN,,0
test_5996.jpg,test,COMPOSITE,"SPELLING:이름.{0,3}(뭐|무엇);;OBJECT:무엇",2
test_5997.jpg,test,COMPOSITE,"SPELLING:이름.{0,3}(뭐|무엇);;OBJECT:무엇",2
test_5998.jpg,test,OBJECT,OBJECT:무엇,1
test_5999.jpg,test,OBJECT,OBJECT:무엇,1
test_6000.jpg,test,OBJECT,OBJECT:있(나요|습니까|어),1
test_6001.jpg,test,COMPOSITE,"SPELLING:이름.{0,3}(뭐|무엇);;LOGO:브랜드;;OBJECT:무엇",3
test_6002.jpg,test,OBJECT,OBJECT:무엇,1
test_6003.jpg,test,OBJECT,OBJECT:무엇,1
test_6004.jpg,test,OBJECT,OBJECT:무엇,1
test_6005.jpg,test,COMPOSITE,"SPELLING:이름.{0,3}(뭐|무엇);;OBJECT:무엇",2
test_6006.jpg,test,COMPOSITE,SPELLING:글자;;OBJECT:무엇,2
test_6007.jpg,test,PRICE,PRICE:가격,1
test_6008.jpg,test,COMPOSITE,PRICE:가격;;OBJECT:무엇,2
test_6009.jpg,test,OBJECT,OBJECT:무엇,1
test_6010.jpg,test,OBJECT,OBJECT:무엇,1
test_6011.jpg,test,OBJECT,OBJECT:무엇,1
test_6012.jpg,test,UNKNOWN,,0
test_6013.jpg,test,UNKNOWN,,0
test_6014.jpg,test,OBJECT,OBJECT:무엇,1
test_6015.jpg,test,COMPOSITE,LOGO:브랜드;;OBJECT:무엇,2
test_6016.jpg,test,UNKNOWN,,0
test_6017.jpg,test,OBJECT,OBJECT:무엇,1
test_6018.jpg,test,OBJECT,OBJECT:무엇,1
test_6019.jpg,test,OBJECT,OBJECT:무엇,1
test_6020.jpg,test,OBJECT,OBJECT:무엇,1
test_6021.jpg,test,OBJECT,OBJECT:무엇,1
test_6022.jpg,test,OBJECT,OBJECT:무엇,1
test_6023.jpg,test,OBJECT,OBJECT:무엇,1
test_6024.jpg,test,OBJECT,OBJECT:무엇,1
test_6025.jpg,test,COMPOSITE,"SPELLING:이름.{0,3}(뭐|무엇);;OBJECT:무엇",2
test_6026.jpg,test,OBJECT,OBJECT:무엇,1
test_6027.jpg,test,COMPOSITE,NUMBER:번호;;OBJECT:무엇,2
test_6028.jpg,test,COMPOSITE,NUMBER:번호;;OBJECT:무엇,2
test_6029.jpg,test,OBJECT,OBJECT:무엇,1
test_6030.jpg,test,OBJECT,OBJECT:무엇,1
test_6031.jpg,test,UNKNOWN,,0
test_6032.jpg,test,OBJECT,OBJECT:무엇,1
test_6033.jpg,test,OBJECT,OBJECT:무엇,1
test_6034.jpg,test,COMPOSITE,"SPELLING:이름.{0,3}(뭐|무엇);;OBJECT:무엇",2
test_6035.jpg,test,COMPOSITE,"SPELLING:이름.{0,3}(뭐|무엇);;OBJECT:무엇",2
test_6036.jpg,test,OBJECT,OBJECT:무엇,1
test_6037.jpg,test,OBJECT,OBJECT:무엇,1
test_6038.jpg,test,COMPOSITE,SPELLING:글자;;OBJECT:무엇,2
test_6039.jpg,test,COMPOSITE,"SPELLING:이름.{0,3}(뭐|무엇);;OBJECT:무엇",2
test_6040.jpg,test,OBJECT,OBJECT:무엇,1
test_6041.jpg,test,OBJECT,OBJECT:무엇,1
test_6042.jpg,test,OBJECT,OBJECT:무엇,1
test_6043.jpg,test,OBJECT,OBJECT:무엇,1
test_6044.jpg,test,COMPOSITE,SPELLING:글자;;OBJECT:무엇,2
test_6045.jpg,test,PRICE,PRICE:얼마,1
test_6046.jpg,test,COMPOSITE,NUMBER:번호;;OBJECT:무엇,2
test_6047.jpg,test,OBJECT,OBJECT:무엇,1
test_6048.jpg,test,COMPOSITE,SPELLING:글자;;OBJECT:무엇,2
test_6049.jpg,test,PRICE,PRICE:가격,1
test_6050.jpg,test,PRICE,PRICE:얼마,1
test_6051.jpg,test,OBJECT,OBJECT:무엇,1
test_6052.jpg,test,COMPOSITE,"SPELLING:이름.{0,3}(뭐|무엇);;OBJECT:무엇",2
test_6053.jpg,test,PRICE,PRICE:가격,1
test_6054.jpg,test,COMPOSITE,SPELLING:글자;;OBJECT:무엇,2
test_6055.jpg,test,UNKNOWN,,0
test_6056.jpg,test,OBJECT,OBJECT:무엇,1
test_6057.jpg,test,OBJECT,OBJECT:무엇,1
test_6058.jpg,test,OBJECT,OBJECT:무엇,1
test_6059.jpg,test,PRICE,PRICE:가격,1
test_6060.jpg,test,UNKNOWN,,0
test_6061.jpg,test,OBJECT,OBJECT:무엇,1
test_6062.jpg,test,PRICE,PRICE:가격,1
test_6063.jpg,test,PRICE,PRICE:얼마,1
test_6064.jpg,test,TIMEDATE,TIMEDATE:몇\s*시,1
test_6065.jpg,test,COMPOSITE,PRICE:가격;;OBJECT:무엇,2
test_6066.jpg,test,COMPOSITE,"SPELLING:이름.{0,3}(뭐|무엇);;LOGO:브랜드;;OBJECT:무엇",3
test_6067.jpg,test,PRICE,PRICE:얼마,1
test_6068.jpg,test,OBJECT,OBJECT:무엇,1
test_6069.jpg,test,OBJECT,OBJECT:무엇,1
test_6070.jpg,test,OBJECT,OBJECT:무엇,1
test_6071.jpg,test,COMPOSITE,"SPELLING:이름.{0,3}(뭐|무엇);;OBJECT:무엇",2
test_6072.jpg,test,OBJECT,OBJECT:무엇,1
test_6073.jpg,test,OBJECT,OBJECT:무엇,1
test_6074.jpg,test,OBJECT,OBJECT:무엇,1
test_6075.jpg,test,OBJECT,OBJECT:무엇,1
test_6076.jpg,test,OBJECT,OBJECT:있(나요|습니까|어),1
test_6077.jpg,test,COMPOSITE,SPELLING:글자;;OBJECT:무엇,2
test_6078.jpg,test,OBJECT,OBJECT:무엇,1
test_6079.jpg,test,COMPOSITE,"SPELLING:이름.{0,3}(뭐|무엇);;OBJECT:무엇",2
test_6080.jpg,test,OBJECT,OBJECT:무엇,1
test_6081.jpg,test,OBJECT,OBJECT:무엇,1
test_6082.jpg,test,COMPOSITE,"SPELLING:이름.{0,3}(뭐|무엇);;LOGO:브랜드;;OBJECT:무엇",3
test_6083.jpg,test,COMPOSITE,NUMBER:번호;;OBJECT:무엇,2
test_6084.jpg,test,OBJECT,OBJECT:무엇,1
test_6085.jpg,test,OBJECT,OBJECT:무엇,1
test_6086.jpg,test,COMPOSITE,"SPELLING:이름.{0,3}(뭐|무엇);;LOGO:브랜드;;OBJECT:무엇",3
test_6087.jpg,test,OBJECT,OBJECT:무엇,1
test_6088.jpg,test,OBJECT,OBJECT:있(나요|습니까|어),1
test_6089.jpg,test,OBJECT,OBJECT:무엇,1
test_6090.jpg,test,PRICE,PRICE:가격,1
test_6091.jpg,test,OBJECT,OBJECT:무엇,1
test_6092.jpg,test,OBJECT,OBJECT:무엇,1
test_6093.jpg,test,OBJECT,OBJECT:무엇,1
test_6094.jpg,test,COMPOSITE,OBJECT:무엇;;RELATION:왼쪽,2
test_6095.jpg,test,UNKNOWN,,0
test_6096.jpg,test,OBJECT,OBJECT:무엇,1
test_6097.jpg,test,COMPOSITE,TIMEDATE:언제;;OBJECT:있(나요|습니까|어),2
test_6098.jpg,test,COMPOSITE,OBJECT:무엇;;RELATION:위에,2
test_6099.jpg,test,COMPOSITE,"SPELLING:이름.{0,3}(뭐|무엇);;OBJECT:무엇",2
test_6100.jpg,test,UNKNOWN,,0
test_6101.jpg,test,COMPOSITE,NUMBER:번호;;OBJECT:무엇,2
test_6102.jpg,test,OBJECT,OBJECT:무엇,1
test_6103.jpg,test,OBJECT,OBJECT:무엇,1
test_6104.jpg,test,UNKNOWN,,0
test_6105.jpg,test,COMPOSITE,"SPELLING:이름.{0,3}(뭐|무엇);;NUMBER:번호;;OBJECT:무엇",3
test_6106.jpg,test,COMPOSITE,"SPELLING:이름.{0,3}(뭐|무엇);;OBJECT:무엇",2
test_6107.jpg,test,PRICE,PRICE:가격,1
test_6108.jpg,test,COMPOSITE,"SPELLING:이름.{0,3}(뭐|무엇);;OBJECT:무엇",2
test_6109.jpg,test,COMPOSITE,PRICE:얼마;;RELATION:위에,2
test_6110.jpg,test,COMPOSITE,NUMBER:번호;;OBJECT:무엇,2
test_6111.jpg,test,COMPOSITE,"SPELLING:이름.{0,3}(뭐|무엇);;OBJECT:무엇",2
test_6112.jpg,test,COMPOSITE,"SPELLING:이름.{0,3}(뭐|무엇);;OBJECT:무엇",2
test_6113.jpg,test,OBJECT,OBJECT:무엇,1
test_6114.jpg,test,COMPOSITE,PRICE:가격;;OBJECT:무엇,2
test_6115.jpg,test,COMPOSITE,"SPELLING:이름.{0,3}(뭐|무엇);;LOGO:브랜드;;OBJECT:무엇",3
test_6116.jpg,test,OBJECT,OBJECT:무엇,1
test_6117.jpg,test,COMPOSITE,TABLE:표에서;;OBJECT:무엇,2
test_6118.jpg,test,PRICE,PRICE:가격,1
test_6119.jpg,test,OBJECT,OBJECT:무엇,1
test_6120.jpg,test,OBJECT,OBJECT:무엇,1
test_6121.jpg,test,OBJECT,OBJECT:무엇,1
test_6122.jpg,test,OBJECT,OBJECT:무엇,1
test_6123.jpg,test,OBJECT,OBJECT:무엇,1
test_6124.jpg,test,OBJECT,OBJECT:무엇,1
test_6125.jpg,test,COMPOSITE,NUMBER:번호;;OBJECT:무엇,2
test_6126.jpg,test,COMPOSITE,PRICE:얼마;;RELATION:왼쪽,2
test_6127.jpg,test,OBJECT,OBJECT:무엇,1
test_6128.jpg,test,OBJECT,OBJECT:무엇,1
test_6129.jpg,test,PRICE,PRICE:가격,1
test_6130.jpg,test,PRICE,PRICE:가격,1
test_6131.jpg,test,COMPOSITE,SPELLING:글자;;OBJECT:무엇,2
test_6132.jpg,test,COMPOSITE,"SPELLING:이름.{0,3}(뭐|무엇);;OBJECT:무엇",2
test_6133.jpg,test,TIMEDATE,TIMEDATE:몇\s*시,1
test_6134.jpg,test,UNKNOWN,,0
test_6135.jpg,test,PRICE,PRICE:가격,1
test_6136.jpg,test,OBJECT,OBJECT:무엇,1
test_6137.jpg,test,PRICE,PRICE:가격,1
test_6138.jpg,test,OBJECT,OBJECT:무엇,1
test_6139.jpg,test,OBJECT,OBJECT:무엇,1
test_6140.jpg,test,COMPOSITE,PRICE:가격;;OBJECT:무엇;;RELATION:아래,3
test_6141.jpg,test,PRICE,PRICE:가격,1
test_6142.jpg,test,COMPOSITE,"SPELLING:이름.{0,3}(뭐|무엇);;LOGO:브랜드;;OBJECT:무엇",3
test_6143.jpg,test,PRICE,PRICE:가격,1
test_6144.jpg,test,UNKNOWN,,0
test_6145.jpg,test,COMPOSITE,PRICE:가격;;OBJECT:무엇,2
test_6146.jpg,test,COMPOSITE,"SPELLING:이름.{0,3}(뭐|무엇);;OBJECT:무엇",2
test_6147.jpg,test,COMPOSITE,"SPELLING:이름.{0,3}(뭐|무엇);;OBJECT:무엇",2
test_6148.jpg,test,UNKNOWN,,0
test_6149.jpg,test,OBJECT,OBJECT:무엇,1
test_6150.jpg,test,COMPOSITE,NUMBER:번호;;OBJECT:무엇,2
test_6151.jpg,test,UNKNOWN,,0
test_6152.jpg,test,OBJECT,OBJECT:무엇,1
test_6153.jpg,test,OBJECT,OBJECT:무엇,1
test_6154.jpg,test,OBJECT,OBJECT:무엇,1
test_6155.jpg,test,OBJECT,OBJECT:무엇,1
test_6156.jpg,test,PRICE,PRICE:가격,1
test_6157.jpg,test,PRICE,PRICE:얼마,1
test_6158.jpg,test,TIMEDATE,TIMEDATE:기간,1
test_6159.jpg,test,PRICE,PRICE:가격,1
test_6160.jpg,test,TIMEDATE,TIMEDATE:언제,1
test_6161.jpg,test,OBJECT,OBJECT:무엇,1
test_6162.jpg,test,PRICE,PRICE:가격,1
test_6163.jpg,test,UNKNOWN,,0
test_6164.jpg,test,COMPOSITE,"SPELLING:이름.{0,3}(뭐|무엇);;OBJECT:무엇",2
test_6165.jpg,test,OBJECT,OBJECT:있(나요|습니까|어),1
test_6166.jpg,test,UNKNOWN,,0
test_6167.jpg,test,OBJECT,OBJECT:무엇,1
test_6168.jpg,test,COMPOSITE,LOGO:브랜드;;OBJECT:무엇,2
test_6169.jpg,test,OBJECT,OBJECT:무엇,1
test_6170.jpg,test,COMPOSITE,"SPELLING:이름.{0,3}(뭐|무엇);;LOGO:브랜드;;OBJECT:무엇;;RELATION:위에",4
test_6171.jpg,test,COMPOSITE,"SPELLING:이름.{0,3}(뭐|무엇);;OBJECT:무엇",2
test_6172.jpg,test,OBJECT,OBJECT:무엇,1
test_6173.jpg,test,UNKNOWN,,0
test_6174.jpg,test,OBJECT,OBJECT:무엇,1
test_6175.jpg,test,OBJECT,OBJECT:무엇,1
test_6176.jpg,test,COMPOSITE,NUMBER:번호;;OBJECT:무엇,2
test_6177.jpg,test,OBJECT,OBJECT:있(나요|습니까|어),1
test_6178.jpg,test,COMPOSITE,"SPELLING:이름.{0,3}(뭐|무엇);;OBJECT:무엇",2
test_6179.jpg,test,COMPOSITE,"SPELLING:이름.{0,3}(뭐|무엇);;OBJECT:무엇",2
test_6180.jpg,test,COMPOSITE,NUMBER:번호;;OBJECT:무엇,2
test_6181.jpg,test,OBJECT,OBJECT:있(나요|습니까|어),1
test_6182.jpg,test,OBJECT,OBJECT:무엇,1
test_6183.jpg,test,OBJECT,OBJECT:무엇,1
test_6184.jpg,test,COMPOSITE,"SPELLING:이름.{0,3}(뭐|무엇);;OBJECT:무엇",2
test_6185.jpg,test,PRICE,PRICE:가격,1
test_6186.jpg,test,TIMEDATE,TIMEDATE:언제,1
test_6187.jpg,test,OBJECT,OBJECT:무엇,1
test_6188.jpg,test,OBJECT,OBJECT:무엇,1
test_6189.jpg,test,OBJECT,OBJECT:무엇,1
test_6190.jpg,test,COMPOSITE,"SPELLING:이름.{0,3}(뭐|무엇);;OBJECT:무엇",2
test_6191.jpg,test,TIMEDATE,TIMEDATE:몇\s*시,1
test_6192.jpg,test,COMPOSITE,"SPELLING:이름.{0,3}(뭐|무엇);;OBJECT:무엇",2
test_6193.jpg,test,PRICE,PRICE:얼마,1
test_6194.jpg,test,OBJECT,OBJECT:무엇,1
test_6195.jpg,test,COMPOSITE,"SPELLING:이름.{0,3}(뭐|무엇);;OBJECT:무엇",2
test_6196.jpg,test,COMPOSITE,"SPELLING:이름.{0,3}(뭐|무엇);;OBJECT:무엇",2
test_6197.jpg,test,OBJECT,OBJECT:있(나요|습니까|어),1
test_6198.jpg,test,COMPOSITE,PRICE:가격;;OBJECT:무엇,2
test_6199.jpg,test,OBJECT,OBJECT:무엇,1
test_6200.jpg,test,PRICE,PRICE:가격,1
test_6201.jpg,test,OBJECT,OBJECT:무엇,1
test_6202.jpg,test,OBJECT,OBJECT:무엇,1
test_6203.jpg,test,OBJECT,OBJECT:무엇,1
test_6204.jpg,test,OBJECT,OBJECT:무엇,1
test_6205.jpg,test,TIMEDATE,TIMEDATE:영업\s*시간,1
test_6206.jpg,test,OBJECT,OBJECT:무엇,1
test_6207.jpg,test,UNKNOWN,,0
test_6208.jpg,test,OBJECT,OBJECT:무엇,1
test_6209.jpg,test,OBJECT,OBJECT:무엇,1
test_6210.jpg,test,OBJECT,OBJECT:있(나요|습니까|어),1
test_6211.jpg,test,COMPOSITE,"SPELLING:이름.{0,3}(뭐|무엇);;OBJECT:무엇",2
test_6212.jpg,test,PRICE,PRICE:얼마,1
test_6213.jpg,test,OBJECT,OBJECT:무엇,1
test_6214.jpg,test,OBJECT,OBJECT:무엇,1
test_6215.jpg,test,UNKNOWN,,0
test_6216.jpg,test,PRICE,PRICE:가격,1
test_6217.jpg,test,COMPOSITE,"SPELLING:이름.{0,3}(뭐|무엇);;OBJECT:무엇",2
test_6218.jpg,test,OBJECT,OBJECT:무엇,1
test_6219.jpg,test,OBJECT,OBJECT:무엇,1
test_6220.jpg,test,COMPOSITE,"SPELLING:이름.{0,3}(뭐|무엇);;OBJECT:무엇",2
test_6221.jpg,test,OBJECT,OBJECT:무엇,1
test_6222.jpg,test,OBJECT,OBJECT:있(나요|습니까|어),1
test_6223.jpg,test,OBJECT,OBJECT:무엇,1
test_6224.jpg,test,OBJECT,OBJECT:무엇,1
test_6225.jpg,test,PRICE,PRICE:얼마,1
test_6226.jpg,test,TIMEDATE,TIMEDATE:기간,1
test_6227.jpg,test,COMPOSITE,"SPELLING:이름.{0,3}(뭐|무엇);;LOGO:브랜드;;OBJECT:무엇",3
test_6228.jpg,test,OBJECT,OBJECT:무엇,1
test_6229.jpg,test,OBJECT,OBJECT:무엇,1
test_6230.jpg,test,OBJECT,OBJECT:무엇,1
test_6231.jpg,test,OBJECT,OBJECT:무엇,1
test_6232.jpg,test,OBJECT,OBJECT:무엇,1
test_6233.jpg,test,COMPOSITE,"SPELLING:이름.{0,3}(뭐|무엇);;OBJECT:무엇",2
test_6234.jpg,test,OBJECT,OBJECT:무엇,1
test_6235.jpg,test,OBJECT,OBJECT:무엇,1
test_6236.jpg,test,OBJECT,OBJECT:무엇,1
test_6237.jpg,test,OBJECT,OBJECT:무엇,1
test_6238.jpg,test,COMPOSITE,NUMBER:번호;;OBJECT:무엇,2
test_6239.jpg,test,COMPOSITE,SPELLING:글자;;OBJECT:무엇,2
test_6240.jpg,test,OBJECT,OBJECT:무엇,1
test_6241.jpg,test,COMPOSITE,"SPELLING:이름.{0,3}(뭐|무엇);;LOGO:브랜드;;OBJECT:무엇",3
test_6242.jpg,test,OBJECT,OBJECT:무엇,1
test_6243.jpg,test,COMPOSITE,"SPELLING:이름.{0,3}(뭐|무엇);;OBJECT:무엇",2
test_6244.jpg,test,COMPOSITE,PRICE:얼마;;RELATION:왼쪽,2
test_6245.jpg,test,TIMEDATE,TIMEDATE:기간,1
test_6246.jpg,test,PRICE,PRICE:가격,1
test_6247.jpg,test,COMPOSITE,PRICE:가격;;OBJECT:무엇,2
test_6248.jpg,test,OBJECT,OBJECT:무엇,1
test_6249.jpg,test,COMPOSITE,"SPELLING:이름.{0,3}(뭐|무엇);;OBJECT:무엇",2
test_6250.jpg,test,OBJECT,OBJECT:무엇,1
test_6251.jpg,test,OBJECT,OBJECT:무엇,1
test_6252.jpg,test,PRICE,PRICE:가격,1
test_6253.jpg,test,COMPOSITE,"SPELLING:이름.{0,3}(뭐|무엇);;LOGO:브랜드;;OBJECT:무엇",3
test_6254.jpg,test,OBJECT,OBJECT:무엇,1
test_6255.jpg,test,OBJECT,OBJECT:무엇,1
test_6256.jpg,test,COMPOSITE,"SPELLING:이름.{0,3}(뭐|무엇);;OBJECT:무엇",2
test_6257.jpg,test,OBJECT,OBJECT:무엇,1
test_6258.jpg,test,TIMEDATE,TIMEDATE:언제,1
test_6259.jpg,test,TIMEDATE,TIMEDATE:요일,1
test_6260.jpg,test,COMPOSITE,OBJECT:무엇;;RELATION:왼쪽,2
test_6261.jpg,test,OBJECT,OBJECT:무엇,1
test_6262.jpg,test,UNKNOWN,,0
test_6263.jpg,test,PRICE,PRICE:얼마,1
test_6264.jpg,test,COMPOSITE,NUMBER:번호;;OBJECT:무엇,2
test_6265.jpg,test,UNKNOWN,,0
test_6266.jpg,test,OBJECT,OBJECT:무엇,1
test_6267.jpg,test,COMPOSITE,LOGO:브랜드;;OBJECT:무엇,2
test_6268.jpg,test,OBJECT,OBJECT:무엇,1
test_6269.jpg,test,OBJECT,OBJECT:무엇,1
test_6270.jpg,test,OBJECT,OBJECT:무엇,1
test_6271.jpg,test,OBJECT,OBJECT:무엇,1
test_6272.jpg,test,PRICE,PRICE:얼마,1
test_6273.jpg,test,UNKNOWN,,0
test_6274.jpg,test,UNKNOWN,,0
test_6275.jpg,test,COMPOSITE,SPELLING:글자;;OBJECT:무엇,2
test_6276.jpg,test,TIMEDATE,TIMEDATE:언제,1
test_6277.jpg,test,OBJECT,OBJECT:무엇,1
test_6278.jpg,test,OBJECT,OBJECT:무엇,1
test_6279.jpg,test,OBJECT,OBJECT:무엇,1
test_6280.jpg,test,UNKNOWN,,0
test_6281.jpg,test,OBJECT,OBJECT:무엇,1
test_6282.jpg,test,COMPOSITE,NUMBER:번호;;OBJECT:무엇,2
test_6283.jpg,test,COMPOSITE,"SPELLING:이름.{0,3}(뭐|무엇);;OBJECT:무엇",2
test_6284.jpg,test,COMPOSITE,NUMBER:번호;;OBJECT:무엇,2
test_6285.jpg,test,COMPOSITE,SPELLING:글자;;OBJECT:있(나요|습니까|어),2
test_6286.jpg,test,UNKNOWN,,0
test_6287.jpg,test,COMPOSITE,"SPELLING:이름.{0,3}(뭐|무엇);;OBJECT:무엇",2
test_6288.jpg,test,COMPOSITE,TIMEDATE:영업\s*시간;;OBJECT:무엇,2
test_6289.jpg,test,OBJECT,OBJECT:무엇,1
test_6290.jpg,test,COMPOSITE,"SPELLING:이름.{0,3}(뭐|무엇);;OBJECT:무엇",2
test_6291.jpg,test,COMPOSITE,"SPELLING:이름.{0,3}(뭐|무엇);;OBJECT:무엇",2
test_6292.jpg,test,COMPOSITE,"SPELLING:이름.{0,3}(뭐|무엇);;OBJECT:무엇",2
test_6293.jpg,test,OBJECT,OBJECT:무엇,1
test_6294.jpg,test,COMPOSITE,OBJECT:무엇;;RELATION:옆에,2
test_6295.jpg,test,COMPOSITE,"SPELLING:이름.{0,3}(뭐|무엇);;OBJECT:무엇",2
test_6296.jpg,test,PRICE,PRICE:얼마,1
test_6297.jpg,test,COMPOSITE,"SPELLING:이름.{0,3}(뭐|무엇);;OBJECT:무엇",2
test_6298.jpg,test,COMPOSITE,"SPELLING:이름.{0,3}(뭐|무엇);;OBJECT:무엇",2
test_6299.jpg,test,PRICE,PRICE:가격,1
test_6300.jpg,test,PRICE,PRICE:가격,1
test_6301.jpg,test,OBJECT,OBJECT:무엇,1
test_6302.jpg,test,OBJECT,OBJECT:무엇,1
test_6303.jpg,test,PRICE,PRICE:가격,1
test_6304.jpg,test,OBJECT,OBJECT:있(나요|습니까|어),1
test_6305.jpg,test,TIMEDATE,TIMEDATE:언제,1
test_6306.jpg,test,TIMEDATE,TIMEDATE:영업\s*시간,1
test_6307.jpg,test,OBJECT,OBJECT:무엇,1
test_6308.jpg,test,OBJECT,OBJECT:무엇,1
test_6309.jpg,test,OBJECT,OBJECT:무엇,1
test_6310.jpg,test,COMPOSITE,NUMBER:번호;;OBJECT:무엇,2
test_6311.jpg,test,COMPOSITE,"SPELLING:이름.{0,3}(뭐|무엇);;LOGO:브랜드;;OBJECT:무엇",3
test_6312.jpg,test,COMPOSITE,"SPELLING:이름.{0,3}(뭐|무엇);;OBJECT:무엇",2
test_6313.jpg,test,PRICE,PRICE:가격,1
test_6314.jpg,test,PRICE,PRICE:가격,1
test_6315.jpg,test,OBJECT,OBJECT:무엇,1
test_6316.jpg,test,PRICE,PRICE:가격,1
test_6317.jpg,test,COMPOSITE,NUMBER:번호;;OBJECT:무엇,2
test_6318.jpg,test,TIMEDATE,TIMEDATE:영업\s*시간,1
test_6319.jpg,test,COMPOSITE,TABLE:항목;;OBJECT:무엇,2
test_6320.jpg,test,PRICE,PRICE:얼마,1
test_6321.jpg,test,PRICE,PRICE:가격,1
test_6322.jpg,test,OBJECT,OBJECT:무엇,1
test_6323.jpg,test,UNKNOWN,,0
test_6324.jpg,test,COMPOSITE,"SPELLING:이름.{0,3}(뭐|무엇);;OBJECT:무엇",2
test_6325.jpg,test,OBJECT,OBJECT:무엇,1
test_6326.jpg,test,UNKNOWN,,0
test_6327.jpg,test,COMPOSITE,"SPELLING:이름.{0,3}(뭐|무엇);;OBJECT:무엇",2
test_6328.jpg,test,COMPOSITE,"SPELLING:이름.{0,3}(뭐|무엇);;OBJECT:무엇",2
test_6329.jpg,test,COMPOSITE,"SPELLING:이름.{0,3}(뭐|무엇);;OBJECT:무엇",2
test_6330.jpg,test,OBJECT,OBJECT:무엇,1
test_6331.jpg,test,OBJECT,OBJECT:무엇,1
test_6332.jpg,test,OBJECT,OBJECT:무엇,1
test_6333.jpg,test,PRICE,PRICE:가격,1
test_6334.jpg,test,UNKNOWN,,0
test_6335.jpg,test,COMPOSITE,"SPELLING:이름.{0,3}(뭐|무엇);;OBJECT:무엇",2
test_6336.jpg,test,OBJECT,OBJECT:무엇,1
test_6337.jpg,test,OBJECT,OBJECT:무엇,1
test_6338.jpg,test,OBJECT,OBJECT:무엇,1
test_6339.jpg,test,OBJECT,OBJECT:무엇,1
test_6340.jpg,test,COMPOSITE,"SPELLING:이름.{0,3}(뭐|무엇);;OBJECT:무엇",2
test_6341.jpg,test,PRICE,PRICE:얼마,1
test_6342.jpg,test,OBJECT,OBJECT:무엇,1
test_6343.jpg,test,COMPOSITE,"SPELLING:이름.{0,3}(뭐|무엇);;OBJECT:무엇",2
test_6344.jpg,test,COMPOSITE,SPELLING:글자;;OBJECT:무엇,2
test_6345.jpg,test,COMPOSITE,SPELLING:글자;;OBJECT:무엇,2
test_6346.jpg,test,UNKNOWN,,0
test_6347.jpg,test,OBJECT,OBJECT:무엇,1
test_6348.jpg,test,COMPOSITE,"SPELLING:이름.{0,3}(뭐|무엇);;OBJECT:무엇",2
test_6349.jpg,test,PRICE,PRICE:얼마,1
test_6350.jpg,test,OBJECT,OBJECT:있(나요|습니까|어),1
test_6351.jpg,test,PRICE,PRICE:가격,1
test_6352.jpg,test,COMPOSITE,TIMEDATE:요일;;OBJECT:무엇,2
test_6353.jpg,test,COMPOSITE,"SPELLING:이름.{0,3}(뭐|무엇);;OBJECT:무엇",2
test_6354.jpg,test,UNKNOWN,,0
test_6355.jpg,test,PRICE,PRICE:가격,1
test_6356.jpg,test,OBJECT,OBJECT:무엇,1
test_6357.jpg,test,COMPOSITE,PRICE:가격;;OBJECT:무엇,2
test_6358.jpg,test,COMPOSITE,"SPELLING:이름.{0,3}(뭐|무엇);;OBJECT:무엇",2
test_6359.jpg,test,TIMEDATE,TIMEDATE:언제,1
test_6360.jpg,test,UNKNOWN,,0
test_6361.jpg,test,RELATION,RELATION:위에,1
test_6362.jpg,test,OBJECT,OBJECT:무엇,1
test_6363.jpg,test,COMPOSITE,TABLE:표에서;;OBJECT:무엇,2
test_6364.jpg,test,OBJECT,OBJECT:무엇,1
test_6365.jpg,test,OBJECT,OBJECT:무엇,1
test_6366.jpg,test,COMPOSITE,"SPELLING:이름.{0,3}(뭐|무엇);;OBJECT:무엇",2
test_6367.jpg,test,OBJECT,OBJECT:무엇,1
test_6368.jpg,test,COMPOSITE,OBJECT:무엇;;RELATION:왼쪽,2
test_6369.jpg,test,COMPOSITE,OBJECT:무엇;;RELATION:오른쪽,2
test_6370.jpg,test,COMPOSITE,PRICE:가격;;OBJECT:무엇,2
test_6371.jpg,test,COMPOSITE,"SPELLING:이름.{0,3}(뭐|무엇);;OBJECT:무엇",2
test_6372.jpg,test,OBJECT,OBJECT:무엇,1
test_6373.jpg,test,TIMEDATE,TIMEDATE:언제,1
test_6374.jpg,test,OBJECT,OBJECT:무엇,1
test_6375.jpg,test,PRICE,PRICE:가격,1
test_6376.jpg,test,OBJECT,OBJECT:무엇,1
test_6377.jpg,test,COMPOSITE,"SPELLING:이름.{0,3}(뭐|무엇);;OBJECT:무엇",2
test_6378.jpg,test,OBJECT,OBJECT:무엇,1
test_6379.jpg,test,UNKNOWN,,0
test_6380.jpg,test,PRICE,PRICE:얼마,1
test_6381.jpg,test,TIMEDATE,TIMEDATE:언제,1
test_6382.jpg,test,PRICE,PRICE:얼마,1
test_6383.jpg,test,COMPOSITE,"SPELLING:이름.{0,3}(뭐|무엇);;OBJECT:무엇",2
test_6384.jpg,test,OBJECT,OBJECT:무엇,1
test_6385.jpg,test,OBJECT,OBJECT:무엇,1
test_6386.jpg,test,COMPOSITE,"SPELLING:이름.{0,3}(뭐|무엇);;OBJECT:무엇",2
test_6387.jpg,test,COMPOSITE,"SPELLING:이름.{0,3}(뭐|무엇);;OBJECT:무엇",2
test_6388.jpg,test,UNKNOWN,,0
test_6389.jpg,test,COMPOSITE,"SPELLING:이름.{0,3}(뭐|무엇);;OBJECT:무엇",2
test_6390.jpg,test,COMPOSITE,"SPELLING:이름.{0,3}(뭐|무엇);;OBJECT:무엇",2
test_6391.jpg,test,COMPOSITE,NUMBER:번호;;OBJECT:무엇,2
test_6392.jpg,test,COMPOSITE,"SPELLING:이름.{0,3}(뭐|무엇);;OBJECT:무엇",2
test_6393.jpg,test,COMPOSITE,OBJECT:무엇;;RELATION:아래,2
test_6394.jpg,test,PRICE,PRICE:가격,1
test_6395.jpg,test,COMPOSITE,"SPELLING:이름.{0,3}(뭐|무엇);;OBJECT:무엇",2
test_6396.jpg,test,COMPOSITE,OBJECT:무엇;;RELATION:왼쪽,2
test_6397.jpg,test,COMPOSITE,"SPELLING:이름.{0,3}(뭐|무엇);;OBJECT:무엇",2
test_6398.jpg,test,COMPOSITE,"SPELLING:이름.{0,3}(뭐|무엇);;OBJECT:무엇",2
test_6399.jpg,test,COMPOSITE,OBJECT:무엇;;RELATION:왼쪽,2
test_6400.jpg,test,COMPOSITE,"SPELLING:이름.{0,3}(뭐|무엇);;OBJECT:무엇",2
test_6401.jpg,test,COMPOSITE,LOGO:브랜드;;OBJECT:무엇,2
test_6402.jpg,test,PRICE,PRICE:얼마,1
test_6403.jpg,test,OBJECT,OBJECT:무엇,1
test_6404.jpg,test,PRICE,PRICE:가격,1
test_6405.jpg,test,OBJECT,OBJECT:있(나요|습니까|어),1
test_6406.jpg,test,OBJECT,OBJECT:무엇,1
test_6407.jpg,test,OBJECT,OBJECT:무엇,1
test_6408.jpg,test,COMPOSITE,"SPELLING:이름.{0,3}(뭐|무엇);;OBJECT:무엇",2
test_6409.jpg,test,COMPOSITE,"SPELLING:이름.{0,3}(뭐|무엇);;OBJECT:무엇",2
test_6410.jpg,test,PRICE,PRICE:가격,1
test_6411.jpg,test,OBJECT,OBJECT:무엇,1
test_6412.jpg,test,OBJECT,OBJECT:무엇,1
test_6413.jpg,test,UNKNOWN,,0
test_6414.jpg,test,COMPOSITE,"SPELLING:이름.{0,3}(뭐|무엇);;OBJECT:무엇",2
test_6415.jpg,test,OBJECT,OBJECT:무엇,1
test_6416.jpg,test,COMPOSITE,"SPELLING:이름.{0,3}(뭐|무엇);;OBJECT:무엇",2
test_6417.jpg,test,OBJECT,OBJECT:무엇,1
test_6418.jpg,test,OBJECT,OBJECT:있(나요|습니까|어),1
test_6419.jpg,test,OBJECT,OBJECT:무엇,1
test_6420.jpg,test,COMPOSITE,"SPELLING:이름.{0,3}(뭐|무엇);;OBJECT:무엇",2
test_6421.jpg,test,OBJECT,OBJECT:무엇,1
test_6422.jpg,test,COMPOSITE,NUMBER:번호;;OBJECT:무엇,2
test_6423.jpg,test,OBJECT,OBJECT:무엇,1
test_6424.jpg,test,COMPOSITE,PRICE:가격;;OBJECT:무엇,2
test_6425.jpg,test,COMPOSITE,"SPELLING:이름.{0,3}(뭐|무엇);;OBJECT:무엇",2
test_6426.jpg,test,COMPOSITE,SPELLING:글자;;OBJECT:있(나요|습니까|어),2
test_6427.jpg,test,COMPOSITE,OBJECT:무엇;;RELATION:위에,2
test_6428.jpg,test,COMPOSITE,SPELLING:글자;;OBJECT:무엇,2
test_6429.jpg,test,PRICE,PRICE:얼마,1
test_6430.jpg,test,OBJECT,OBJECT:무엇,1
test_6431.jpg,test,COMPOSITE,NUMBER:번호;;OBJECT:무엇,2
test_6432.jpg,test,OBJECT,OBJECT:무엇,1
test_6433.jpg,test,OBJECT,OBJECT:무엇,1
test_6434.jpg,test,OBJECT,OBJECT:무엇,1
test_6435.jpg,test,COMPOSITE,"SPELLING:이름.{0,3}(뭐|무엇);;OBJECT:무엇",2
test_6436.jpg,test,OBJECT,OBJECT:무엇,1
test_6437.jpg,test,OBJECT,OBJECT:무엇,1
test_6438.jpg,test,COMPOSITE,OBJECT:무엇;;RELATION:순서,2
test_6439.jpg,test,COMPOSITE,"SPELLING:이름.{0,3}(뭐|무엇);;OBJECT:무엇",2
test_6440.jpg,test,COMPOSITE,"SPELLING:이름.{0,3}(뭐|무엇);;OBJECT:무엇",2
test_6441.jpg,test,OBJECT,OBJECT:무엇,1
test_6442.jpg,test,COMPOSITE,"SPELLING:이름.{0,3}(뭐|무엇);;OBJECT:무엇",2
test_6443.jpg,test,OBJECT,OBJECT:있(나요|습니까|어),1
test_6444.jpg,test,UNKNOWN,,0
test_6445.jpg,test,OBJECT,OBJECT:무엇,1
test_6446.jpg,test,OBJECT,OBJECT:무엇,1
test_6447.jpg,test,OBJECT,OBJECT:무엇,1
test_6448.jpg,test,COMPOSITE,"SPELLING:이름.{0,3}(뭐|무엇);;OBJECT:무엇",2
test_6449.jpg,test,COMPOSITE,"SPELLING:이름.{0,3}(뭐|무엇);;OBJECT:무엇",2
test_6450.jpg,test,COMPOSITE,"SPELLING:이름.{0,3}(뭐|무엇);;OBJECT:무엇",2
test_6451.jpg,test,COMPOSITE,SPELLING:글자;;OBJECT:무엇,2
test_6452.jpg,test,OBJECT,OBJECT:무엇,1
test_6453.jpg,test,PRICE,PRICE:가격,1
test_6454.jpg,test,PRICE,PRICE:얼마,1
test_6455.jpg,test,TIMEDATE,TIMEDATE:언제,1
test_6456.jpg,test,OBJECT,OBJECT:무엇,1
test_6457.jpg,test,OBJECT,OBJECT:무엇,1
test_6458.jpg,test,OBJECT,OBJECT:무엇,1
test_6459.jpg,test,PRICE,PRICE:얼마,1
test_6460.jpg,test,UNKNOWN,,0
test_6461.jpg,test,COMPOSITE,SPELLING:글자;;OBJECT:무엇,2
test_6462.jpg,test,COMPOSITE,"SPELLING:이름.{0,3}(뭐|무엇);;OBJECT:무엇",2
test_6463.jpg,test,OBJECT,OBJECT:무엇,1
test_6464.jpg,test,OBJECT,OBJECT:무엇,1
test_6465.jpg,test,NUMBER,NUMBER:번호,1
test_6466.jpg,test,OBJECT,OBJECT:무엇,1
test_6467.jpg,test,OBJECT,OBJECT:무엇,1
test_6468.jpg,test,COMPOSITE,"SPELLING:이름.{0,3}(뭐|무엇);;OBJECT:무엇",2
test_6469.jpg,test,OBJECT,OBJECT:있(나요|습니까|어),1
test_6470.jpg,test,OBJECT,OBJECT:무엇,1
test_6471.jpg,test,PRICE,PRICE:얼마,1
test_6472.jpg,test,UNKNOWN,,0
test_6473.jpg,test,COMPOSITE,"SPELLING:이름.{0,3}(뭐|무엇);;OBJECT:무엇",2
test_6474.jpg,test,PRICE,PRICE:얼마,1
test_6475.jpg,test,OBJECT,OBJECT:무엇,1
test_6476.jpg,test,OBJECT,OBJECT:무엇,1
test_6477.jpg,test,COMPOSITE,NUMBER:몇\s*명;;OBJECT:있(나요|습니까|어),2
test_6478.jpg,test,OBJECT,OBJECT:무엇,1
test_6479.jpg,test,PRICE,PRICE:얼마,1
test_6480.jpg,test,TIMEDATE,TIMEDATE:날짜,1
test_6481.jpg,test,OBJECT,OBJECT:무엇,1
test_6482.jpg,test,OBJECT,OBJECT:무엇,1
test_6483.jpg,test,COMPOSITE,"SPELLING:이름.{0,3}(뭐|무엇);;OBJECT:무엇",2
test_6484.jpg,test,COMPOSITE,"SPELLING:이름.{0,3}(뭐|무엇);;OBJECT:무엇",2
test_6485.jpg,test,COMPOSITE,"SPELLING:이름.{0,3}(뭐|무엇);;OBJECT:무엇",2
test_6486.jpg,test,OBJECT,OBJECT:무엇,1
test_6487.jpg,test,COMPOSITE,NUMBER:번호;;OBJECT:무엇,2
test_6488.jpg,test,OBJECT,OBJECT:무엇,1
test_6489.jpg,test,COMPOSITE,SPELLING:글자;;OBJECT:무엇;;RELATION:아래,3
test_6490.jpg,test,OBJECT,OBJECT:무엇,1
test_6491.jpg,test,OBJECT,OBJECT:무엇,1
test_6492.jpg,test,PRICE,PRICE:가격,1
test_6493.jpg,test,OBJECT,OBJECT:있(나요|습니까|어),1
test_6494.jpg,test,UNKNOWN,,0
test_6495.jpg,test,OBJECT,OBJECT:무엇,1
test_6496.jpg,test,PRICE,PRICE:가격,1
test_6497.jpg,test,COMPOSITE,PRICE:얼마;;TIMEDATE:기간,2
test_6498.jpg,test,OBJECT,OBJECT:무엇,1
test_6499.jpg,test,COMPOSITE,"SPELLING:이름.{0,3}(뭐|무엇);;OBJECT:무엇",2
test_6500.jpg,test,OBJECT,OBJECT:무엇,1
test_6501.jpg,test,PRICE,PRICE:가격,1
test_6502.jpg,test,PRICE,PRICE:얼마,1
test_6503.jpg,test,PRICE,PRICE:가격,1
test_6504.jpg,test,COMPOSITE,NUMBER:번호;;OBJECT:무엇,2
test_6505.jpg,test,UNKNOWN,,0
test_6506.jpg,test,OBJECT,OBJECT:무엇,1
test_6507.jpg,test,PRICE,PRICE:가격,1
test_6508.jpg,test,COMPOSITE,"SPELLING:이름.{0,3}(뭐|무엇);;OBJECT:무엇",2
test_6509.jpg,test,COMPOSITE,SPELLING:글자;;OBJECT:무엇,2
test_6510.jpg,test,COMPOSITE,NUMBER:번호;;OBJECT:무엇,2
test_6511.jpg,test,PRICE,PRICE:가격,1
test_6512.jpg,test,OBJECT,OBJECT:무엇,1
test_6513.jpg,test,PRICE,PRICE:가격,1
test_6514.jpg,test,OBJECT,OBJECT:무엇,1
test_6515.jpg,test,OBJECT,OBJECT:무엇,1
test_6516.jpg,test,OBJECT,OBJECT:있(나요|습니까|어),1
test_6517.jpg,test,COMPOSITE,"SPELLING:이름.{0,3}(뭐|무엇);;OBJECT:무엇",2
test_6518.jpg,test,OBJECT,OBJECT:무엇,1
test_6519.jpg,test,COMPOSITE,"SPELLING:이름.{0,3}(뭐|무엇);;OBJECT:무엇",2
test_6520.jpg,test,TIMEDATE,TIMEDATE:언제,1
test_6521.jpg,test,OBJECT,OBJECT:무엇,1
test_6522.jpg,test,COMPOSITE,"SPELLING:이름.{0,3}(뭐|무엇);;OBJECT:무엇",2
test_6523.jpg,test,COMPOSITE,"SPELLING:이름.{0,3}(뭐|무엇);;OBJECT:무엇",2
test_6524.jpg,test,COMPOSITE,SPELLING:글자;;OBJECT:무엇,2
test_6525.jpg,test,OBJECT,OBJECT:무엇,1
test_6526.jpg,test,UNKNOWN,,0
test_6527.jpg,test,PRICE,PRICE:얼마,1
test_6528.jpg,test,OBJECT,OBJECT:무엇,1
test_6529.jpg,test,OBJECT,OBJECT:무엇,1
test_6530.jpg,test,COMPOSITE,NUMBER:번호;;OBJECT:무엇,2
test_6531.jpg,test,COMPOSITE,"SPELLING:이름.{0,3}(뭐|무엇);;OBJECT:무엇",2
test_6532.jpg,test,OBJECT,OBJECT:무엇,1
test_6533.jpg,test,COMPOSITE,OBJECT:무엇;;RELATION:아래,2
test_6534.jpg,test,OBJECT,OBJECT:무엇,1
test_6535.jpg,test,COMPOSITE,"SPELLING:이름.{0,3}(뭐|무엇);;OBJECT:무엇",2
test_6536.jpg,test,OBJECT,OBJECT:무엇,1
test_6537.jpg,test,COMPOSITE,OBJECT:무엇;;RELATION:옆에,2
test_6538.jpg,test,OBJECT,OBJECT:무엇,1
test_6539.jpg,test,COMPOSITE,"SPELLING:이름.{0,3}(뭐|무엇);;OBJECT:무엇",2
test_6540.jpg,test,COMPOSITE,TIMEDATE:기간;;OBJECT:있(나요|습니까|어),2
test_6541.jpg,test,PRICE,PRICE:얼마,1
test_6542.jpg,test,COMPOSITE,"SPELLING:이름.{0,3}(뭐|무엇);;OBJECT:무엇",2
test_6543.jpg,test,OBJECT,OBJECT:있(나요|습니까|어),1
test_6544.jpg,test,OBJECT,OBJECT:무엇,1
test_6545.jpg,test,UNKNOWN,,0
test_6546.jpg,test,OBJECT,OBJECT:무엇,1
test_6547.jpg,test,COMPOSITE,OBJECT:무엇;;RELATION:아래,2
test_6548.jpg,test,OBJECT,OBJECT:있(나요|습니까|어),1
test_6549.jpg,test,COMPOSITE,LOGO:브랜드;;OBJECT:무엇,2
test_6550.jpg,test,COMPOSITE,"SPELLING:이름.{0,3}(뭐|무엇);;OBJECT:무엇",2
test_6551.jpg,test,OBJECT,OBJECT:무엇,1
test_6552.jpg,test,OBJECT,OBJECT:무엇,1
test_6553.jpg,test,COMPOSITE,"SPELLING:이름.{0,3}(뭐|무엇);;OBJECT:무엇",2
test_6554.jpg,test,PRICE,PRICE:가격,1
test_6555.jpg,test,COMPOSITE,"SPELLING:이름.{0,3}(뭐|무엇);;OBJECT:무엇",2
test_6556.jpg,test,COMPOSITE,"SPELLING:이름.{0,3}(뭐|무엇);;OBJECT:무엇",2
test_6557.jpg,test,COMPOSITE,NUMBER:번호;;OBJECT:무엇,2
test_6558.jpg,test,OBJECT,OBJECT:무엇,1
test_6559.jpg,test,COMPOSITE,"SPELLING:이름.{0,3}(뭐|무엇);;OBJECT:무엇",2
test_6560.jpg,test,UNKNOWN,,0
test_6561.jpg,test,OBJECT,OBJECT:무엇,1
test_6562.jpg,test,OBJECT,OBJECT:무엇,1
test_6563.jpg,test,TIMEDATE,TIMEDATE:언제,1
test_6564.jpg,test,COMPOSITE,"SPELLING:이름.{0,3}(뭐|무엇);;OBJECT:무엇",2
test_6565.jpg,test,UNKNOWN,,0
test_6566.jpg,test,OBJECT,OBJECT:무엇,1
test_6567.jpg,test,OBJECT,OBJECT:무엇,1
test_6568.jpg,test,OBJECT,OBJECT:무엇,1
test_6569.jpg,test,OBJECT,OBJECT:무엇,1
test_6570.jpg,test,OBJECT,OBJECT:무엇,1
test_6571.jpg,test,OBJECT,OBJECT:있(나요|습니까|어),1
test_6572.jpg,test,UNKNOWN,,0
test_6573.jpg,test,UNKNOWN,,0
test_6574.jpg,test,OBJECT,OBJECT:무엇,1
test_6575.jpg,test,COMPOSITE,"SPELLING:이름.{0,3}(뭐|무엇);;OBJECT:무엇",2
test_6576.jpg,test,OBJECT,OBJECT:있(나요|습니까|어),1
test_6577.jpg,test,OBJECT,OBJECT:무엇,1
test_6578.jpg,test,OBJECT,OBJECT:무엇,1
test_6579.jpg,test,COMPOSITE,SPELLING:글자;;OBJECT:무엇,2
test_6580.jpg,test,UNKNOWN,,0
test_6581.jpg,test,OBJECT,OBJECT:무엇,1
test_6582.jpg,test,OBJECT,OBJECT:무엇,1
test_6583.jpg,test,OBJECT,OBJECT:무엇,1
test_6584.jpg,test,COMPOSITE,"SPELLING:이름.{0,3}(뭐|무엇);;OBJECT:무엇",2
test_6585.jpg,test,OBJECT,OBJECT:무엇,1
test_6586.jpg,test,OBJECT,OBJECT:무엇,1
test_6587.jpg,test,PRICE,PRICE:가격,1
test_6588.jpg,test,COMPOSITE,"SPELLING:이름.{0,3}(뭐|무엇);;OBJECT:무엇",2
test_6589.jpg,test,PRICE,PRICE:가격,1
test_6590.jpg,test,PRICE,PRICE:가격,1
test_6591.jpg,test,PRICE,PRICE:가격,1
test_6592.jpg,test,OBJECT,OBJECT:있(나요|습니까|어),1
test_6593.jpg,test,COMPOSITE,"SPELLING:이름.{0,3}(뭐|무엇);;LOGO:브랜드;;OBJECT:무엇",3
test_6594.jpg,test,COMPOSITE,NUMBER:번호;;OBJECT:무엇,2
test_6595.jpg,test,OBJECT,OBJECT:무엇,1
test_6596.jpg,test,PRICE,PRICE:얼마,1
test_6597.jpg,test,OBJECT,OBJECT:무엇,1
test_6598.jpg,test,TIMEDATE,TIMEDATE:기간,1
test_6599.jpg,test,OBJECT,OBJECT:무엇,1
test_6600.jpg,test,OBJECT,OBJECT:무엇,1
test_6601.jpg,test,PRICE,PRICE:얼마,1
test_6602.jpg,test,PRICE,PRICE:얼마,1
test_6603.jpg,test,OBJECT,OBJECT:무엇,1
test_6604.jpg,test,OBJECT,OBJECT:무엇,1
test_6605.jpg,test,UNKNOWN,,0
test_6606.jpg,test,OBJECT,OBJECT:무엇,1
test_6607.jpg,test,COMPOSITE,"SPELLING:이름.{0,3}(뭐|무엇);;OBJECT:무엇",2
test_6608.jpg,test,OBJECT,OBJECT:있(나요|습니까|어),1
test_6609.jpg,test,OBJECT,OBJECT:무엇,1
test_6610.jpg,test,PRICE,PRICE:가격,1
test_6611.jpg,test,OBJECT,OBJECT:무엇,1
test_6612.jpg,test,OBJECT,OBJECT:무엇,1
test_6613.jpg,test,OBJECT,OBJECT:무엇,1
test_6614.jpg,test,COMPOSITE,"SPELLING:이름.{0,3}(뭐|무엇);;OBJECT:무엇",2
test_6615.jpg,test,OBJECT,OBJECT:무엇,1
test_6616.jpg,test,UNKNOWN,,0
test_6617.jpg,test,COMPOSITE,"SPELLING:이름.{0,3}(뭐|무엇);;OBJECT:무엇",2
test_6618.jpg,test,OBJECT,OBJECT:무엇,1
test_6619.jpg,test,COMPOSITE,"SPELLING:이름.{0,3}(뭐|무엇);;OBJECT:무엇",2
test_6620.jpg,test,COMPOSITE,NUMBER:번호;;OBJECT:무엇,2
test_6621.jpg,test,COMPOSITE,"SPELLING:이름.{0,3}(뭐|무엇);;OBJECT:무엇",2
test_6622.jpg,test,COMPOSITE,SPELLING:글자;;OBJECT:무엇;;RELATION:위에,3
test_6623.jpg,test,OBJECT,OBJECT:무엇,1
test_6624.jpg,test,OBJECT,OBJECT:무엇,1
test_6625.jpg,test,OBJECT,OBJECT:무엇,1
test_6626.jpg,test,OBJECT,OBJECT:무엇,1
test_6627.jpg,test,COMPOSITE,"SPELLING:이름.{0,3}(뭐|무엇);;OBJECT:무엇",2
test_6628.jpg,test,COMPOSITE,NUMBER:번호;;OBJECT:무엇,2
test_6629.jpg,test,COMPOSITE,"SPELLING:이름.{0,3}(뭐|무엇);;OBJECT:무엇",2
test_6630.jpg,test,PRICE,PRICE:가격,1
test_6631.jpg,test,UNKNOWN,,0
test_6632.jpg,test,COMPOSITE,"SPELLING:이름.{0,3}(뭐|무엇);;OBJECT:무엇",2
test_6633.jpg,test,COMPOSITE,SPELLING:글자;;OBJECT:무엇,2
test_6634.jpg,test,COMPOSITE,"SPELLING:이름.{0,3}(뭐|무엇);;OBJECT:무엇",2
test_6635.jpg,test,OBJECT,OBJECT:무엇,1
test_6636.jpg,test,PRICE,PRICE:가격,1
test_6637.jpg,test,TIMEDATE,TIMEDATE:언제,1
test_6638.jpg,test,COMPOSITE,"SPELLING:이름.{0,3}(뭐|무엇);;OBJECT:무엇",2
test_6639.jpg,test,OBJECT,OBJECT:무엇,1
test_6640.jpg,test,COMPOSITE,"SPELLING:이름.{0,3}(뭐|무엇);;OBJECT:무엇",2
test_6641.jpg,test,COMPOSITE,"SPELLING:이름.{0,3}(뭐|무엇);;OBJECT:무엇",2
test_6642.jpg,test,OBJECT,OBJECT:무엇,1
test_6643.jpg,test,UNKNOWN,,0
test_6644.jpg,test,COMPOSITE,"SPELLING:이름.{0,3}(뭐|무엇);;OBJECT:무엇",2
test_6645.jpg,test,COMPOSITE,SPELLING:글자;;OBJECT:무엇;;RELATION:위에,3
test_6646.jpg,test,OBJECT,OBJECT:무엇,1
test_6647.jpg,test,UNKNOWN,,0
test_6648.jpg,test,COMPOSITE,"SPELLING:이름.{0,3}(뭐|무엇);;OBJECT:무엇",2
test_6649.jpg,test,UNKNOWN,,0
test_6650.jpg,test,OBJECT,OBJECT:무엇,1
test_6651.jpg,test,COMPOSITE,SPELLING:글자;;OBJECT:무엇,2
test_6652.jpg,test,PRICE,PRICE:얼마,1
test_6653.jpg,test,OBJECT,OBJECT:무엇,1
test_6654.jpg,test,COMPOSITE,"SPELLING:이름.{0,3}(뭐|무엇);;OBJECT:무엇",2
test_6655.jpg,test,COMPOSITE,PRICE:얼마;;NUMBER:수량,2
test_6656.jpg,test,OBJECT,OBJECT:무엇,1
test_6657.jpg,test,OBJECT,OBJECT:무엇,1
test_6658.jpg,test,COMPOSITE,OBJECT:무엇;;RELATION:아래,2
test_6659.jpg,test,COMPOSITE,NUMBER:번호;;OBJECT:무엇,2
test_6660.jpg,test,COMPOSITE,PRICE:가격;;RELATION:옆에,2
test_6661.jpg,test,OBJECT,OBJECT:무엇,1
test_6662.jpg,test,COMPOSITE,"SPELLING:이름.{0,3}(뭐|무엇);;OBJECT:무엇",2
test_6663.jpg,test,COMPOSITE,NUMBER:번호;;OBJECT:무엇,2
test_6664.jpg,test,PRICE,PRICE:가격,1
test_6665.jpg,test,COMPOSITE,OBJECT:무엇;;RELATION:오른쪽,2
test_6666.jpg,test,UNKNOWN,,0
test_6667.jpg,test,COMPOSITE,"SPELLING:이름.{0,3}(뭐|무엇);;OBJECT:무엇",2
test_6668.jpg,test,OBJECT,OBJECT:무엇,1
test_6669.jpg,test,OBJECT,OBJECT:무엇,1
test_6670.jpg,test,PRICE,PRICE:얼마,1
test_6671.jpg,test,OBJECT,OBJECT:무엇,1
test_6672.jpg,test,COMPOSITE,NUMBER:번호;;OBJECT:무엇,2
test_6673.jpg,test,UNKNOWN,,0
test_6674.jpg,test,COMPOSITE,SPELLING:글자;;OBJECT:무엇,2
test_6675.jpg,test,COMPOSITE,"SPELLING:이름.{0,3}(뭐|무엇);;OBJECT:무엇",2
test_6676.jpg,test,COMPOSITE,PRICE:가격;;RELATION:왼쪽,2
test_6677.jpg,test,OBJECT,OBJECT:무엇,1
test_6678.jpg,test,COMPOSITE,OBJECT:무엇;;RELATION:왼쪽,2
test_6679.jpg,test,COMPOSITE,"SPELLING:이름.{0,3}(뭐|무엇);;OBJECT:무엇",2
test_6680.jpg,test,OBJECT,OBJECT:무엇,1
test_6681.jpg,test,PRICE,PRICE:얼마,1
test_6682.jpg,test,UNKNOWN,,0
test_6683.jpg,test,COMPOSITE,NUMBER:번호;;OBJECT:무엇,2
test_6684.jpg,test,COMPOSITE,SPELLING:글자;;OBJECT:있(나요|습니까|어),2
test_6685.jpg,test,COMPOSITE,"SPELLING:이름.{0,3}(뭐|무엇);;OBJECT:무엇",2
test_6686.jpg,test,OBJECT,OBJECT:무엇,1
test_6687.jpg,test,TIMEDATE,TIMEDATE:날짜,1
test_6688.jpg,test,PRICE,PRICE:얼마,1
test_6689.jpg,test,OBJECT,OBJECT:무엇,1
test_6690.jpg,test,TIMEDATE,TIMEDATE:몇\s*시,1
test_6691.jpg,test,UNKNOWN,,0
test_6692.jpg,test,COMPOSITE,"SPELLING:이름.{0,3}(뭐|무엇);;OBJECT:무엇",2
test_6693.jpg,test,COMPOSITE,NUMBER:번호;;OBJECT:무엇,2
test_6694.jpg,test,UNKNOWN,,0
test_6695.jpg,test,COMPOSITE,"SPELLING:이름.{0,3}(뭐|무엇);;OBJECT:무엇",2
test_6696.jpg,test,COMPOSITE,"SPELLING:이름.{0,3}(뭐|무엇);;OBJECT:무엇;;RELATION:위에",3
test_6697.jpg,test,OBJECT,OBJECT:무엇,1
test_6698.jpg,test,OBJECT,OBJECT:무엇,1
test_6699.jpg,test,OBJECT,OBJECT:무엇,1
test_6700.jpg,test,COMPOSITE,"SPELLING:이름.{0,3}(뭐|무엇);;OBJECT:무엇",2
test_6701.jpg,test,COMPOSITE,"SPELLING:이름.{0,3}(뭐|무엇);;OBJECT:무엇",2
test_6702.jpg,test,COMPOSITE,OBJECT:무엇;;RELATION:아래,2
test_6703.jpg,test,OBJECT,OBJECT:무엇,1
test_6704.jpg,test,TIMEDATE,TIMEDATE:언제,1
test_6705.jpg,test,COMPOSITE,SPELLING:글자;;OBJECT:무엇,2
test_6706.jpg,test,TIMEDATE,TIMEDATE:기간,1
test_6707.jpg,test,OBJECT,OBJECT:무엇,1
test_6708.jpg,test,COMPOSITE,"SPELLING:이름.{0,3}(뭐|무엇);;OBJECT:무엇",2
test_6709.jpg,test,OBJECT,OBJECT:무엇,1
test_6710.jpg,test,NUMBER,NUMBER:몇\s*개,1
test_6711.jpg,test,COMPOSITE,NUMBER:번호;;OBJECT:무엇,2
test_6712.jpg,test,OBJECT,OBJECT:무엇,1
test_6713.jpg,test,COMPOSITE,NUMBER:번호;;OBJECT:무엇,2
test_6714.jpg,test,COMPOSITE,"SPELLING:이름.{0,3}(뭐|무엇);;OBJECT:무엇",2
